"AS_EM","AS_LC","AS_LX","AS_TE","AS_PA","AS_RL","AS_CS","AS_DM","AS_VD","AS_RD","AS_TR","CH_CM","CH_PA","CH_PT","CH_QT","CH_FM","CH_IE","CH_IJ","CH_DL","CH_SB","ED_AE","ED_E1","ED_E2","ED_IO","ED_UF","ED_UM","ED_CI","EP_EJ","EP_EP","EP_JP","EP_LP","EP_IT","EP_QI","EP_PJ","EP_SG","EP_PS","EP_EG","EP_GE","IF_AT_FI","IF_QT","IF_CR","IF_CS","IF_DV","IF_EL_FI","IF_I1","IF_I2","IF_QR","IF_FO","IN_IF","IN_PF","IN_BC","IN_IN","IN_PC","IN_TC","IN_AC","PM_PB_TM","PM_PB_TX","PM_FT","PM_CR","PM_QC","PM_VC","PM_IN","SF_CI","SF_RO","SF_SF","SF_SO","SF_AU","SF_RP","SF_GP","SF_IL","SF_PC","SP_JC","SP_SC","SP_CC","SP_IH","SP_MT","SP_MO","SP_SG","SP_SP","SP_QI","SP_VS","SS_AM","SS_BE","SS_DS","SS_DS_AG","SS_DS_ES","SS_EV","SS_FM","SS_IE","SS_IH","SS_IJ","SS_MA","SS_MP","SS_SI","SS_DI","SS_OI","SS_CV","SS_ER","SS_TI","SS_TE","...101"
46.2,44.2,72,9.4,31.1,37.6,79,0,0,57.4,0,81.8,20.3,12.9,14.6,17,52.4,7.8,88,95.9,100,65,0,12,0,48.1,29.4,65.5,61.8,28.7,51,15.3,29.8,0,0,100,0,0,17.9,29.9,0,100,0.4,0,31.5,60.7,0,0,1.1,0,75.6,55,75.8,NA,NA,0.1,51.2,82.2,40,100,100,18.7,42.2,26.6,75.2,81.5,1.9,70.7,59.1,83.2,47.4,25.8,56.7,23.3,87.7,87.1,100,7.2,38.3,57.5,87,15,13.2,35.1,14.8,31,26.7,17,52.4,21.6,7.8,51.7,23.4,42.2,100,91.1,8.2,7.1,98.3,32.3,NA
62.7,37.5,44.8,16.5,62.1,90.7,79,99.9,100,0,37.5,97,14.5,10.1,3.2,39.2,25.7,0,85,95.9,100,31.1,20.3,21,45.5,20.6,53.3,11.9,81.3,63.9,81.3,99.5,0,14.7,0,75.7,100,97.5,13.3,87.8,68.8,37.3,2.6,92.4,53,65.5,75.4,100,4.5,4.3,82.6,23.8,0,NA,NA,1.7,24.9,34.9,94.4,59.4,23.2,85.2,66.6,93.4,66.3,76.4,38.4,88,38.9,0,100,19.3,64,30.8,100,71.7,99.7,19.4,70.1,100,87,0,26.8,69.1,63.4,35.2,61.8,39.2,25.7,0,0,98.9,21.2,57.2,63.5,91.1,100,7.1,74.5,9.8,NA
82.1,6.1,63.9,39.4,13.1,54.3,84.5,99.9,99.6,55.5,0,79.3,25.1,21.8,37.1,12.8,42.4,25.9,19.3,94.3,80,41.8,4.6,16,12.1,42.6,12,0,93.5,83.3,82.5,100,29.8,2.1,0,77.9,100,100,11.9,25.9,67.4,40.7,4.5,59.5,43.6,97.8,6.8,46.9,15.4,17.8,59.8,71.3,31.3,NA,NA,3.9,16.4,77.4,92.5,15.6,100,57.9,29.9,35.2,88.8,73.3,59.9,83.7,47.7,0,77.2,19.5,12.6,40.9,99.3,100,88.6,64.1,24.4,54.8,49,19.1,40.3,13.1,58.4,33.1,23.5,12.8,42.4,29.9,25.9,29.9,47.8,27.3,100,100,90.9,100,50.7,100,NA
93,60,64.8,5.6,18.7,43.3,100,99.9,34.6,57.4,0,62.1,36.3,12.7,52.3,18,0,5.4,19.3,65.3,0,0,7.2,24,3,28.2,0,77.6,43.1,7,46.7,99.5,0,26,16.4,85.1,96.1,100,14,21,43.3,92,0.6,88,81.3,75,25.9,100,2.4,0,47.2,0,17.3,NA,NA,0.2,13.9,100,66.5,0,100,57.9,8.7,3.2,99.6,0,0,100,30.2,100,46.1,38.6,73.6,52.2,96.8,98.3,99.9,24.7,71.9,50.7,55.8,98,55.5,29.3,20.3,2.3,0,18,0,34.1,5.4,62.4,41.3,0,35.5,66.8,6.3,100,74.5,98.6,NA
57.3,32.5,36.8,52.3,78.8,44.9,100,99.9,74.5,0,100,92.5,8.9,6.9,14.3,24,29.9,30.3,84.2,16.9,0,7.1,39.2,25,45.5,15.1,67.3,33.5,92.9,72.7,88.3,99.5,100,100,100,100,94.7,100,16.4,72.6,79,58,16.2,74.9,58.1,81,44.2,100,28.2,13.5,6.8,15.8,73.3,NA,NA,11.6,14.8,22.9,69.2,0,0,44.2,63.5,100,80.6,73.1,63,48.4,26.9,0,46.5,0.2,17.2,69.8,0,82,67.3,40.1,77.8,51.6,100,15,23.7,0,77.1,55.7,67.6,24,29.9,18.6,30.3,62.5,21.2,53.3,0,4.6,100,7.8,36.3,98.6,NA
60.9,45.2,44.4,35.1,60.9,98.4,84.5,100,34.6,0.4,0,95.1,14.6,5.2,23.7,23.1,61.9,22.9,14.4,97.2,100,84.2,49.6,6,63.6,55.3,80,17.5,87.8,80.7,86.2,51.5,87.4,63.5,100,100,3.9,0,25.7,84.8,60.5,79.5,8.9,95.6,33.3,97.8,51.1,0,21.2,23.6,28.2,56.4,73.3,NA,NA,6.1,43.6,34.9,41.1,15.6,23.2,18.7,100,69.1,85,58.5,55.3,57,52.6,47.9,88.4,26.7,22.3,40.3,36.7,73.8,36,15.6,71.5,76.8,87.1,19.9,42.9,24.6,67,42.8,75.5,23.1,61.9,31.1,22.9,57.5,5.6,62.3,65.4,100,0,0,98.3,97.3,NA
64.7,100,68.4,100,84.9,0,0,100,34.6,100,0,0,100,100,100,82.7,44.1,98.2,21.5,53.9,0,82.8,89.5,4,57.6,61.2,38,67.5,85.9,0,90.9,100,41.8,100,0,77.9,63.7,100,100,64.6,63.5,33.7,25.9,100,51.5,89.8,75,10.3,3.2,17.5,40.2,66.5,31.6,NA,NA,10.6,48.7,69.8,40,59.4,100,18.7,14,44.7,89.6,15.5,100,45.2,61.9,46.7,60.3,51.8,80.6,32.7,99.3,96,61,86.9,63.3,64.8,49,0,94.2,10.5,94.3,92.3,66.8,82.7,44.1,100,98.2,85.7,84,83.8,42.1,100,6.3,7.8,100,18.4,NA
56.8,44.2,100,43.1,75.1,54.3,79,88.4,100,0.1,100,70.4,32.9,25.2,45.2,59.5,57.5,41.9,88,97.2,100,77.3,83.9,9,78.8,45.7,73.7,32.6,97.7,83.3,93.6,100,0,100,7.7,77.9,0,2.6,24.9,58.8,70.6,79.5,5.2,97.3,23.3,95.6,38.3,8.3,13.6,35.4,11.4,0,17.3,NA,NA,5.2,10.7,35.9,66.5,15.6,68.3,14.8,20.5,36.4,95.8,55.4,57.9,75.7,41.7,100,24.1,46.2,43.7,75.5,61.9,54.3,84.2,53.5,66.7,80.8,100,97,75,59.7,78.4,82.3,78.9,59.5,57.5,53.3,41.9,65.3,40.3,85,24.7,100,97.6,100,0,97.3,NA
59.9,41.2,67.3,50.4,100,1.4,85.1,79.4,34.6,57.4,100,70.2,26.1,19,43.6,53.7,75.4,68.3,84.2,59,100,91.4,67.6,7,45.5,58.8,38.2,26.9,81.3,88.4,91.2,100,26.5,100,0,85.1,100,100,46.4,78.4,71.3,17.9,5.7,89.3,43.8,46.9,47.2,0,15.2,8.9,36.6,46.9,31.3,NA,NA,8.4,30,49.7,59.2,15.6,68.7,11.3,41.1,0,67.5,76.1,79.1,74.6,71.1,72.2,43,25.1,34.2,52.8,84.4,50.1,99.9,50.1,61.2,75.8,68.6,15,86.2,62.3,79.6,52.5,69.3,53.7,75.4,51.5,68.3,74,37.2,72.5,0,0.6,100,81.9,98.2,98.6,NA
48.9,18.6,9.6,4.6,31.8,28.4,0,99.9,0,100,0,100,5.2,1.6,4.9,0,43.8,1.1,19.3,0,10,11.1,6.1,26,51.5,33.7,67,37.3,82.8,58.4,78.3,100,100,84.4,0,100,100,97.5,0,0,85.9,73.6,3.1,83.4,34.9,99.4,26.3,10.3,12.6,2.3,14.8,23.8,31.6,NA,NA,3.4,31.3,48.2,88.4,0,34.9,18.7,74.5,100,85.8,59.6,33.7,18.3,40.3,0,29.2,10,30.3,77.4,92.7,64.2,99.7,67.5,83.6,84.9,92.6,15,0,28.3,50.5,12.6,52.8,0,43.8,2.4,1.1,13.7,64.2,39.3,87.8,100,100,7.8,50.7,97.3,NA
58,49.6,85.1,40.4,81.2,2.2,79,99.9,100,75.2,0,76.6,26.7,18,40.2,63.2,65.1,68.7,86.6,0,100,78.2,95.9,2,90.9,78,68.8,38.3,96.1,85.6,93.8,100,96.8,19.2,100,100,39.4,0,36.4,70.4,78.2,78,23.2,97.8,14,92.1,40.7,10.3,21.1,44,53.2,73.4,64.4,NA,NA,26,8,17.9,100,15.6,11.6,14.8,4.6,39.3,31.7,72.6,83.8,20.5,37.6,100,0,49.4,30.9,64.2,9.9,73.7,99.7,84.5,90.7,60.3,87.1,0,80.6,57.1,85.6,87.9,91.9,63.2,65.1,62.3,68.7,88.7,76.1,80.2,97.7,76.2,100,100,97.9,100,NA
56.7,56.7,73.5,45.1,87.3,31.3,0,28.6,99.6,0.4,0,65.5,34.9,28.7,40.6,65.1,91.8,83.2,15,40.5,50,63.8,51.7,13,87.9,30.9,68.2,23.4,84.8,69.6,85.5,100,62,100,0,85.1,0,0,52,69.5,61.6,35,2.9,97,34.5,93.8,50.5,29.1,12,8.7,44.4,100,31.6,NA,NA,3.7,54.2,44.4,83,0,100,11.3,79.3,61.7,73.5,54.1,64.6,0,48.9,17.5,31.3,96.4,78,56,78.5,55.9,36,82.4,97.2,30.6,87.1,21.3,92.4,62.3,83,38.6,77.8,65.1,91.8,49.7,83.2,68.9,70.9,88.7,31.4,0,6.3,0,98.3,3.8,NA
33.2,25.7,49,31.3,60,0,85.1,99.9,100,100,0,65.8,27.3,34.2,35,63.2,92.3,87,88,40.5,10,62.2,30.3,8,60.6,86.6,52.5,48,88,67.6,79.3,95.1,65.8,2.1,100,85.1,0,2.6,49,23.5,66.7,81.3,6.3,92.9,22.1,92.2,37.9,85.2,12.4,1.6,88.6,61.2,35.6,NA,NA,5.1,71.7,47.1,81.8,15.6,96.2,21.1,48.2,100,85.7,73.8,70.2,31.5,40.3,96.8,36.3,19.5,25,77.4,73.1,26.5,81.3,63.8,100,76.4,91.9,15,91.6,80.1,68.8,24.8,54,63.2,92.3,54.5,87,47.9,56.6,65.9,31.4,41.5,0,100,74.5,0,NA
47.7,28.6,24.1,0,72.2,54.3,0,100,39.3,0.4,0,93.4,0,8.8,3.6,4.6,65.1,31.5,88,94.3,100,2.4,21.8,27,57.6,5.8,39.2,9.9,94.1,87.7,84,100,50.5,66.6,0,100,0,0,7.9,3.7,42.9,99.5,8.1,62.6,0,94.2,8.2,8.3,5.8,4.4,55.6,0,17.3,NA,NA,6.6,100,59.9,88.7,59.4,68.7,85.2,42.5,61.7,100,64.6,55.2,60.8,30.2,30.3,39.4,2.7,46,47.2,85.8,75.5,87.8,25.6,53,93.6,91.9,97,54.5,37.2,5.8,3.9,36.9,4.6,65.1,9,31.5,0,33.1,40.6,100,0.6,6.3,27.6,0,100,NA
59.6,35.2,47.4,32.9,76.5,98.4,100,100,100,0,100,88.9,31.3,4.7,11.5,23.9,70.1,34.1,88,16.9,100,19.7,41.5,17,75.8,21,70,30.8,86.9,56.2,75.9,100,100,66.6,100,77.9,3.1,0,25.3,97.6,88.6,52.8,2.2,99,52,100,62,10.3,39.7,3.6,100,23.8,56.4,NA,NA,2.3,35.8,36.8,92,12.2,11.6,14.8,42.3,93.4,91.4,59.3,32.4,74.9,27.2,47.7,96.5,36.6,44.6,71.1,95.3,57.3,92.3,63,83.4,76.7,87.1,19.1,62.2,8.4,54.6,48.9,87.9,23.9,70.1,23.4,34.1,60,56.1,65.4,0,0,97.6,0,46.1,32.3,NA
61.4,32.9,79.9,27.9,47.7,45.3,0,100,99.3,0,0,84.1,20.2,11.4,29,33.1,15,17.3,19.3,0,100,42.4,42,15,39.4,32.3,56.6,11.8,88.1,64.9,83.2,100,50.5,100,7.7,77.9,0,2.6,28.1,70.1,90.6,66.3,13.3,91.7,55,85.4,44.7,0,15.8,6.2,49.3,0,31.6,NA,NA,7.2,4,35.2,92,0,61.2,21.1,34,100,79.2,100,58.8,53.9,77,0,59.7,26.5,35.4,4.4,20.4,72.4,86.9,18.8,29.7,93.2,100,100,43.1,38.7,63.8,61.4,72.5,33.1,15,26.3,17.3,61.6,13.9,61.7,90,0.6,6.3,0,36.3,100,NA
57.9,26.8,26.9,8.5,55.6,54.3,79,100,99.6,0,0,95.1,24.6,0,0,6.5,43.6,57.6,88,0,100,39.6,26.2,19,84.8,27.1,63.2,20.4,40.3,52.5,57.8,100,100,48.3,100,100,3.1,1.4,28.3,36.9,81.5,74.6,1.5,49.5,43.1,79.4,39.6,0,7.6,0,25.5,55,31.3,NA,NA,1.4,56.6,22.7,100,10.1,0,11.3,64.5,100,86.8,49.3,24.8,56.1,27.2,46.7,71,20.1,0,47.2,68.4,19.3,22.9,83.4,72.4,93.6,87.1,28.9,26.2,14.7,75.2,0,74.7,6.5,43.6,8.4,57.6,42.8,68.5,30.2,97.7,4.6,0,6.2,36.3,9.8,NA
61.7,51.8,55.1,80.6,83.3,54.3,59.4,100,100,0.1,100,59.8,40.7,32.9,51.9,79.1,84.2,74.1,21.5,95.9,30,86.2,86.9,3,69.7,71.1,73.4,44.7,99.3,94.8,96.3,100,29.8,88.9,7.7,100,3.9,2.6,51.7,76.2,98.2,49.5,18.9,99.2,29.2,90.6,53.2,100,46.4,73.4,55.9,68.8,0,NA,NA,19.2,22.9,21.6,40,59.4,0,11.3,35.7,100,91.3,63.1,83.3,35.7,15,100,36.9,53.1,100,0,66,57.2,99.7,79.3,84.3,51.3,92.6,19.9,93.2,61.8,86.7,73.3,88.5,79.1,84.2,65.3,74.1,100,67.2,90.8,98.8,100,100,100,98.2,100,NA
62.5,23.1,88.6,35.1,90.5,0,0,100,99.6,0,0,58.6,51.7,48.4,72.4,74.7,29.3,58.1,21.5,0,80,62.5,98,11,51.5,47.8,64.6,1,98.6,92.3,95.5,100,67.9,80.7,100,11.5,100,100,59.2,64.6,52.3,43,37.7,99.2,0.3,81.6,63.5,46.9,26.5,38.9,50.7,24.9,31.6,NA,NA,32.8,23.8,9.8,94.4,12.2,68.7,79.4,0.6,34.8,0,39.5,97.5,28.2,59.6,0,36.1,0,35.3,55.3,1.4,91,55.9,48.3,12.2,80.4,92.2,15,83.5,70.2,83.9,93.3,90.2,74.7,29.3,67.7,58.1,44.2,41.9,69.6,97.7,0,0,7.1,97.9,80.1,NA
61.3,45.7,46.7,29,52.3,44.9,79,24.4,7.6,0,0,87.3,27.2,9.2,28.2,35,51.9,35.7,15,95.9,20,10,48.9,22,72.7,26.5,86.6,58.7,83.9,41.3,79,100,60.8,100,98.7,0,0,0,26.4,100,68.8,56.2,2.9,98.7,73.5,93.4,48.1,100,36.5,3.5,46,100,71.9,NA,NA,2.3,15.1,43.8,66.5,15.6,23.2,11.3,22.6,72.5,97.4,38.4,30.8,34.6,65,0,77.2,5,57.3,83,18,81.4,33.4,0,56.2,87.6,87.1,19.1,48.4,45,76.3,20.3,73.4,35,51.9,28.7,35.7,50.4,0,71,100,0,100,0,50.7,18.4,NA
0,11.5,34,0.8,40,41.8,79,88.4,0,0.4,0,80.4,10.9,12.6,17.9,49.3,89.2,46.9,0,16.9,50,73.1,18.8,14,100,15.8,43.9,52,57.7,14.1,70.5,0,100,97.1,100,100,3.9,2.6,29.2,50.9,51.8,73.3,1.5,96.9,65.3,70.3,61.7,100,0,0,38.3,94.9,100,NA,NA,1.3,49.6,48.9,40,63,96.2,11.3,37.8,3.2,84,48,62,49.6,87.1,0.3,68.7,78.7,93,49.1,91.5,39.7,57.6,69.6,80.8,13.2,91.9,0,78.3,84.3,0,1.1,52.3,49.3,89.2,25.1,46.9,48.2,63.1,69.6,25.8,0,100,7.8,98.3,100,NA
100,0,62,80.3,0,92.6,0,100,100,0,0,66.7,52.5,21.5,68,35.9,73.3,44.3,84.2,40.5,0,38.3,15.2,23,39.4,57.7,36.9,100,66.1,19.4,0,18.6,29.8,100,100,100,3.9,0,28.1,19.2,60.5,81.1,0,81.3,100,0,36.6,0,26.5,0,19.2,94.9,17.3,NA,NA,0,80.3,83,92,59.4,68.7,54.2,19.5,94.6,86.7,37.1,4.2,81.4,100,21.9,88.4,28.1,32.9,36.5,27,35.5,100,41.9,0,0,55.8,83.5,61.1,42.9,82.7,22.1,8.9,35.9,73.3,41.3,44.3,36.5,47.2,9,98.8,84.8,0,0,46.1,18.4,NA
59.9,39.2,71,26.1,75.9,99,0,99.9,34.6,0.4,0,56.8,37.4,31.7,54,84.9,86.7,86.2,100,94.3,20,57.4,89.7,10,81.8,35.1,76.2,34,96.6,98.9,97.4,100,26.5,100,0,100,3.9,0,51.9,47.9,67.7,0,13.5,97.7,41.6,79.9,52.2,10.3,4.1,100,74.9,100,0,NA,NA,19.4,20.2,0,83,59.4,61.2,100,0,37.5,19.3,90.4,87.9,56.7,38.9,76.1,0,0.3,56,79.9,92,78.6,100,72.1,74.3,61.2,0,97,90.3,54.5,84.4,68.5,100,84.9,86.7,62.3,86.2,93.5,62.4,90.4,98.8,44.4,0,98.1,74.5,18.4,NA
60.4,43.3,81.5,27.2,79,100,0,100,0,0.4,0,58.7,42.5,34.9,61.3,100,100,100,14.4,100,0,97.1,100,5,81.8,71.8,96.9,5.5,91.8,88.9,94.1,99.5,0,100,7.7,100,50.3,0,48.5,71,84.6,48.7,11.2,98.9,52.4,88.6,50.1,0,19.6,83.3,65.4,94.9,0,NA,NA,12.7,52.9,39.8,40,59.4,41.4,18.7,60.1,94.6,83,51.3,80,45.7,48.2,92.1,54.2,49.8,74.8,100,85.4,61.6,22.4,89.8,97,74.9,92.2,49.7,100,100,76.8,57.5,88.3,100,100,74.9,100,90.6,78.6,100,0,55.8,100,0,98.3,100,NA
60.2,40.3,0,30.9,56.6,99,0,100,99.3,0.4,0,86.7,18,9.2,11,30.8,42.5,27.3,100,40.5,0,17.7,45.2,20,87.9,0,55.5,86.3,68.5,48.2,72.1,99.5,81.7,100,100,100,0,0,15.6,79,80.5,38.6,1.6,94.8,53.5,92.9,21.1,42,6.1,26.1,54,19.9,17.3,NA,NA,1.3,0,49.2,92,0,0,100,26.1,100,80.4,94.6,23.4,37.1,36.5,100,47.5,17.6,17.2,64.8,65.7,71.5,100,21.5,75.5,26.5,91.9,100,31.7,31.9,79.2,53.1,58.7,30.8,42.5,11.4,27.3,76.3,20.8,42.9,100,79.5,0,85.2,74.5,32.3,NA
63.8,66.9,89.4,78,81.8,36.9,100,99.9,99.3,0.4,100,39.8,51.8,49.3,78.3,82.7,48.4,57.2,100,95.9,100,100,93.2,1,66.7,100,100,9.6,100,100,100,0,29.8,100,0,77.9,100,100,74.8,85.1,100,77.2,100,99.2,65.2,85.4,100,100,100,68.9,67.9,13.4,31.3,NA,NA,100,12.3,22.4,100,97.3,30.2,86,38.9,0,37.5,90.9,99.4,69.6,64.3,96.8,68.2,100,70.3,30.8,32.8,95.2,99.9,100,62.6,56.6,24.3,70.7,91.5,40.3,100,100,96.9,82.7,48.4,85.6,57.2,69.3,100,85.1,97.7,0,100,85.2,98.2,100,NA
43.8,18.7,50.1,29.5,84,1.4,100,99.9,99.3,75.2,100,79.3,33.3,13.7,38.7,31.1,66.2,63.3,100,47.9,100,54.3,17.8,18,97,63.2,63.1,49.9,0,16.5,61,100,29.8,63.5,100,100,0,0,31.4,34.8,70.7,38.3,1.1,81.6,17.2,92.2,29.3,100,0.1,0,0,0,0,NA,NA,0.9,77.6,57.6,81.8,12.2,61.2,14.8,39.9,0,88,37.6,29.1,65.2,36.5,94.7,63.4,49.6,34.2,57.2,79.1,0,21,72.3,91.9,0,91.9,0,76.5,67,72.4,24.8,58.6,31.1,66.2,35.9,63.3,17.7,41,73.5,50.7,100,97.6,100,98.2,68.6,NA
11.8,29.5,44.4,8.1,28.2,92.6,79,100,99.6,0.1,0,85.7,28.9,6.4,24,19.5,48.3,12.1,15,47.9,80,0,0,27,63.9,46.2,34.7,95.5,36.4,16.8,40.4,18.6,75.1,0,100,100,0,0,15.9,47,0,95,0.4,0,73.9,61.3,4.2,100,0.6,10.6,23.8,94.9,71.9,NA,NA,0.1,32,61,73.3,10.1,11.6,11.3,51.4,100,72.4,79,14,43.4,37.6,0,46.1,26.8,38.7,64.2,99,87.6,79.8,32.8,49.4,7.1,100,19.1,13.2,0,21.6,35.2,31.6,19.5,48.3,31.1,12.1,56,44.3,28.8,98.8,49.4,100,98.1,74.5,3.8,NA
67.9,20.7,34.6,11.4,91.5,43.3,0,83.3,99.3,0.4,100,93.8,22.9,11.1,14.3,38.6,28,0.1,100,80.4,80,72.2,24.4,2,63.9,26.2,63.6,90.3,76.5,56.7,81,89.6,63.3,67.9,100,11.5,3.1,1.4,13.1,97.9,64.7,37.2,2.6,86.2,46.2,66.1,81.8,86,3.6,5.8,54.3,33.2,62.8,NA,NA,1.7,14,23,92.5,0,11.6,21.1,77.1,90.6,67.8,77.9,32.1,40.8,80.4,97,59,15,100,30.5,99.1,59,90.9,36.5,72.8,94.6,91.9,19.1,0,61.9,68,44.6,62.1,38.6,28,0,0.1,78.6,43.6,69.4,0,4.6,100,7.8,100,9.8,NA
85.7,35.2,67.7,23,6.6,36.9,71.5,100,100,100,0,86.4,20.2,19.9,33,14.1,39,19.1,15,16.9,30,0,0.8,1,30.6,48.5,27.6,100,90.9,83.1,79.6,34.5,50.5,39,0,100,60.1,98.5,17.7,9.5,68.2,48.1,4.4,43.1,49.2,98.8,0,0,21.7,14.3,69.6,34.4,17.3,NA,NA,4.1,34.6,55.9,92,59.4,68.3,75.1,53.9,100,87.2,82.9,67.7,38.9,86.6,80.7,60.3,19.4,0,33,100,90.7,99.7,64,26.6,0,87.1,19.9,62.1,0.7,57,32.2,30.5,14.1,39,2.4,19.1,0,53.1,33.1,98.8,100,100,0,46.1,32.3,NA
100,51.1,59.2,6.2,12.4,44.9,100,100,39.3,0,0,75.9,48.2,9.5,59.6,27,0,25.2,15,51.1,0,10.8,1.2,2,44.4,43.9,0,100,0,5.9,42.5,0,100,100,100,77.9,0,100,15.9,0,64.4,100,0.4,99.8,72.6,75.8,42.9,0,4.1,0,19.7,62.6,31.6,NA,NA,0.1,0,69.8,78.9,15.6,100,0,0,0,100,11.3,13.1,61.4,100,72,100,50.9,56.7,83,95.8,100,90.8,15.3,27.2,6.2,92.2,95.1,61.6,19.9,30.8,7.8,10.5,27,0,29.9,25.2,9.1,32.1,28.6,0,4.6,100,100,98.3,100,NA
64,9.6,34.7,52,83.2,37.6,0,99.9,100,0,0,91.7,1.9,8.1,11.3,19.4,16.5,34.1,15,47.9,0,1,35.9,27,30.6,15.3,67.5,100,90.3,74.8,87.5,34,100,100,7.7,0,100,97.5,19,58.6,72.9,38.3,15.4,75.6,66.8,88.7,55.5,100,25.2,13.5,44.5,35.8,17.3,NA,NA,12.2,16.4,15.6,92.5,97.3,100,83.8,46.4,37.5,76,83.3,67.5,32.5,61.7,47.7,42.6,5.1,17.2,30.5,16.5,75.8,92.2,41.6,70.7,7.1,24.3,19.9,46.3,12.9,78,57.8,67,19.4,16.5,0,34.1,76.4,26.8,55.8,35.5,0,97.6,0,0,32.3,NA
64.5,29.9,46.9,34.8,68.2,100,100,100,0,0.4,100,93.8,9.5,3,16.9,18,71.8,23.5,21.5,99.6,100,0,44.6,4,83.3,75.1,78.1,100,82.6,79.1,84.8,95.3,96.8,63.5,100,51.2,3.1,1.4,23.6,88.7,61,78.9,9.5,92.7,74.4,93.9,42.3,41.9,21,15.2,35.2,86.2,100,NA,NA,6.3,35.6,21.7,59.2,10.1,0,18.7,100,100,78.6,73.3,60.3,28.2,77.9,100,54.2,19.2,65.4,71.4,55.5,62.2,80.3,24.2,58,0,92.6,28.9,92.4,0,68.7,42.5,72.9,18,71.8,54.5,23.5,61.3,21.6,71.6,97.7,100,100,81.9,50.7,98.6,NA
68.9,100,26.8,100,90.1,100,0,90.6,34.6,0,0,0,100,100,100,80.5,56.8,62.5,15,97.2,10,0,86.2,2,41.7,71.8,48.6,100,78.7,0,90.2,99.5,81.1,100,0,100,0,21.1,100,69.3,65.5,37.8,25.9,95.9,71.8,92.3,71,100,1.6,22.5,23.8,73.3,73.3,NA,NA,10.8,63,38.8,41.1,10.1,96.2,14.8,15.8,79,87,44.2,100,30.7,66.2,68.7,36.1,41.6,66.3,48.6,91.1,82.8,91.6,87.6,0,0,80.3,100,96.1,0,98.6,93.8,64.2,80.5,56.8,65.3,62.5,79.7,86.9,79.9,100,26.4,8.2,7.1,46.1,32.3,NA
62.5,45.7,100,46.2,78.4,44.9,79,65.8,34.6,0.4,0,72.6,25.6,20.2,42.5,49.2,70.7,55.1,19.3,95.9,100,0,80.7,2,66.7,38.2,76.7,90.3,95.4,79.9,91.1,89.3,94.6,67.9,0,85.1,3.9,23.9,31.5,64.6,80,83.3,4.9,98,35.1,97.3,64.7,41.9,6.7,20.9,30.2,0,31.3,NA,NA,5,51.5,25.8,41.1,10.1,68.3,18.7,30.3,14.7,93.2,49.7,58.4,40.6,87,96.8,77.2,41.4,44.6,87,49.7,53.3,80.7,63.8,72.2,13.4,92.2,98,100,28,80.5,83.6,79.1,49.2,70.7,54.5,55.1,72.9,58.9,84,100,0,0,0,100,100,NA
63.9,29,51.6,51.1,100,90.7,85.1,99.9,0,57.4,100,71.7,25.8,15.8,43.5,52.3,86,81.3,85,94.3,100,7.1,58.4,1,63.9,65.1,49.4,95.5,70.4,72.5,82,89.3,68.2,80.7,40.1,85.1,3.9,0,42.5,78.9,69.3,18.3,5.7,95.3,36.6,60.9,46.3,0,27.9,7.9,48.5,71.3,64.4,NA,NA,8.4,31.8,36.9,39.3,79.7,68.3,0,27.3,74.7,65.2,75.9,81.7,34.8,64.3,72.2,39.3,32.9,0,87,85.3,42.2,83.7,50.4,43.2,0,92.2,15,91.6,70.2,84.2,56.1,67.8,52.3,86,49.7,81.3,65.7,45.1,68.8,24.7,86.7,100,100,46.1,3.8,NA
48.4,0,11.6,7.1,28.7,10.5,79,99.9,99.3,55.5,0,100,0,3.4,9.4,0,41.7,0,19.3,16.9,10,100,3.3,2,47.2,44.2,71.8,90.3,75.2,60.5,78.1,47.9,100,14.7,0,17.8,3.9,0,0,24.4,88.3,81.7,2.7,78.9,40,99.2,41,29.1,14,3.3,48.2,73.3,31.6,NA,NA,3.8,37.7,31.6,92.5,10.1,23.2,57.9,58.6,78.4,79.9,68.5,40.4,19.7,67.1,97.5,17.7,0,5.4,41.6,96.6,54,89.2,72.4,59.9,0,100,15,33.4,0.7,51.1,18.2,56,0,41.7,8.4,0,35,70.8,54.3,43.1,0,90.9,98.1,74.5,98.6,NA
65.1,26.9,74.9,39.5,85.7,6.2,85.1,100,100,100,100,76.7,22.2,15.4,32.9,58.5,75,65.1,84.2,51.1,80,7.1,95.2,1,94.4,83.1,75.3,95.5,92.5,84.7,92.2,37.5,89.6,41.3,98.7,100,100,100,40.1,75,66.6,70,23.9,94.4,25.8,94.2,52.6,8.3,8.8,41.2,38.6,44.4,71.9,NA,NA,26.1,36.5,10.9,69.2,65.3,30.2,0,0.3,19.3,28.2,74.4,90,25.5,27.2,80.8,0,43.3,48.4,74.3,54.6,69.5,85.4,89.7,84.9,0,91.9,100,100,70.8,86.1,87.6,90,58.5,75,54.5,65.1,86.1,85.8,83.3,97.7,69.2,97.6,100,98.2,100,NA
59.8,51.8,27.6,44.6,92.4,98.4,84.5,28.6,81,0.1,0,65.1,33.2,28.9,35.2,63.8,95.3,70.2,84.2,86.4,70,100,46.6,27,66.7,54.2,74.3,0,80.7,75,85.8,100,81.8,48.2,0,100,0,0,52.8,84.8,75.1,36.7,2.8,98.4,63.3,97.6,60.4,100,12.9,7.8,100,95.7,44.5,NA,NA,4.1,80.4,28,69.1,15.6,96.2,11.3,73.9,40.8,72.8,30.9,71.7,40.4,38.9,46.7,47.5,100,41.9,4.4,77.8,47.1,79.9,85.8,86.6,51.3,87.1,100,77.4,46.9,84.4,48.1,76.9,63.8,95.3,67.7,70.2,51.8,72.9,78.6,100,14.9,8.2,100,98.6,3.8,NA
35.1,22,67.4,32.6,63.7,26.5,0,99.9,0,75.2,0,64.6,32.2,36.2,34.7,57.2,95.9,60.6,19.3,47.9,0,57.4,25.8,27,50,86.4,61.1,20.1,85.1,75.8,80.4,78.9,26.5,0,0,12.6,100,97.5,47.4,63.7,64.9,88.3,6,92.6,36.8,99.2,55.4,100,10.4,4.6,39,93.8,32.5,NA,NA,5.9,68.9,32.1,39.3,59.4,68.7,56.5,17.1,100,84.1,63.7,76.1,30.4,35.3,100,35.6,36.9,38.5,92.4,78.4,0,72.8,66.8,71,94.9,34.5,15,74.1,28,68.6,32.6,56.9,57.2,95.9,54.5,60.6,58.7,58.1,71.4,100,67.1,0,85.2,74.5,100,NA
46.7,15.3,23.9,0,76.1,99,85.1,99.9,99.3,0.1,0,92.7,2.2,5.4,5,0.2,71,36.4,19.3,80.9,80,7.1,18.3,2,38.9,18.9,40,0,89.7,86.1,82.2,40.5,100,36.4,100,77.9,3.9,0,8.8,10.4,57.2,99.4,7.5,63.8,10.4,97.6,32.2,0,4.8,3.8,29.5,35.8,64.4,NA,NA,6.4,69.6,43.3,100,0,11.6,11.3,87.1,100,95.4,94,58.9,19.8,63.2,0,50.8,8.8,42.6,77.3,81.1,66.3,89.8,21,16.5,80.4,92.6,100,64.3,49.1,12.3,9.3,39.4,0.2,71,9,36.4,39,33.6,46.6,100,0.6,100,85.2,74.5,98.6,NA
64,24,56.4,41,82.7,99,0,99.9,99.6,0,0,89.3,18.3,2.8,0,19.5,65.3,25.7,0,16.9,100,2.4,40,26,58.3,33.2,64.7,41.8,78.4,56.8,74,41.9,53.4,73,0,100,94.7,100,28,93.5,89.7,56.1,1.9,98.3,56.7,100,45.2,10.3,25.3,9.6,51.5,8.1,31.3,NA,NA,2.3,28.5,20.5,81.9,12.2,30.2,32.9,38.8,100,88.1,69.4,36.8,43.1,71.4,0,56.7,37.5,28.2,96.6,93.9,45,86.9,63.6,92,0,92.2,95.1,100,0,61.2,50.8,85.2,19.5,65.3,18.6,25.7,75.2,59.9,78.5,98.8,0,100,0,46.1,49.9,NA
66.9,15.6,52.5,26.3,52.6,99,79,100,99.3,0,100,85.9,21.4,9.8,30.4,31.7,31.2,10,85,0,100,7.1,40.6,2,66.7,40.2,66.3,100,84.5,67,83.7,93.4,100,73,81.2,100,3.1,0,27.3,89.6,82.9,67.2,14,82.1,73,92.3,45.5,92.9,13.9,9.1,49.8,0,75.8,NA,NA,7.6,24.3,23.8,92.5,0,0,0,14.6,100,77.1,100,63.7,38.7,40.5,97,43,33,35.3,15.4,32.4,64.2,92.3,39.7,36.3,30.6,92.2,19.1,78.2,14.7,64.3,56.5,73.2,31.7,31.2,34.1,10,72.5,39.5,59.4,100,86.7,100,7.8,74.5,18.4,NA
54.4,6.5,30.4,10,51.5,13.8,0,99.9,100,100,0,98.1,13.6,0,1.4,6.2,55.5,34.8,100,0,100,38.3,21.2,27,77.8,32.9,62.8,100,10.9,57,62.2,74.2,100,84.8,22.9,77.9,0,1.4,25.2,31.5,71.2,79.2,1.2,71.1,26.4,80.2,52.9,0,6.5,3.3,33.3,59.7,31.6,NA,NA,1.6,64.1,14.1,94.4,59.4,68.3,11.3,57.9,69.1,81.2,69.3,32.9,0,33.2,67.4,46.1,27.6,10.8,40.3,63.4,8,61,83.5,47.1,7.1,91.9,15,42.9,77.6,79,0,73.3,6.2,55.5,11.4,34.8,37,68.2,43.8,0,0.6,0,7.8,97.9,18.4,NA
67.6,40.7,42.8,80.5,88.4,9.8,0,99.9,34.6,0.4,0,59.6,42.4,31,54.5,78.6,88.7,70.7,14.4,51.1,20,58.8,82.5,27,75,74.4,75.9,29.1,99.2,96.3,94.7,51.5,76.1,100,7.7,85.1,96.1,98.5,56.7,86.9,98.9,41.1,18.1,96.5,41.5,91.5,55.2,70.5,39.9,60.8,30.4,100,32.5,NA,NA,19.4,47.6,13.4,66.5,0,44.2,57.9,20.2,65.6,86,37.8,84.2,31.9,62,71.2,54.3,37,6.9,65.4,76.4,45.1,86.8,79.4,72,30.6,34.5,0,100,0,89.5,73.2,86.9,78.6,88.7,74.9,70.7,95.3,70.9,84.8,97.7,100,0,85.2,36.3,100,NA
66.9,32.3,78,30.9,94.1,36.2,32.2,100,99.3,57.4,100,55.5,57.6,39,80.5,71.1,36,52.7,21.5,0,30,0,96,1,47.2,56.1,65.3,100,87.9,91.6,93.2,31.5,75.2,100,98.7,77.9,96.1,100,53.7,56.8,52.1,45.8,33,100,0,89.2,71.4,31.5,21.8,47.9,37.2,81,36.2,NA,NA,30.5,23.8,8,59.2,10.1,68.3,57.3,4.7,21.3,0,38.8,99.3,35.4,48.2,91.2,36.6,13.9,66.7,68.9,35,85,95.6,48.1,9,0,92.2,0,94.5,41.6,87,95,87.5,71.1,36,53.3,52.7,73.2,39.3,67.5,41.5,20.1,45,85.2,98.2,98.6,NA
65.8,34.4,40.2,30.3,55.5,9.8,100,24.4,7.6,100,0,89.1,28.4,7.5,28.8,31.2,46.8,12.8,14.4,95.9,80,91.4,52.4,1,72.2,15.6,75.3,0,66.6,39.3,100,77,100,100,98.7,100,51.6,100,25.6,100,71.8,61.1,3,91,98.6,93.9,38.5,100,19.2,9.4,23.9,76.6,71.9,NA,NA,2.3,25.1,28.2,66.5,10.1,75.6,21.1,42.7,0,90.2,0,39.9,37.4,78,47.7,89.5,12.9,77.9,67.2,51.3,71.5,88.6,19.7,61.8,100,92.6,15,23.7,100,79.4,19.6,73.6,31.2,46.8,11.4,12.8,81.9,21.8,76.8,98.8,0,100,0,100,97.3,NA
0,8.6,38.8,0.2,35.2,31.3,79,100,99.6,0,100,76.4,14.3,12.8,13.2,45,80.3,44.8,0,0,30,51.7,8.6,27,100,51.8,27.5,35.2,32.8,26.5,68.8,77,93.7,2.1,98.7,12.6,94.7,100,30.3,60.4,57.5,73.9,1.5,91.2,92.4,71,55.4,100,1.2,3.4,26.1,100,73.3,NA,NA,1.4,37.3,33.2,69.2,100,100,54.6,49.5,65.6,82.5,57.7,43,40.7,79.5,47.7,73.7,61.4,47.7,92.4,93.9,43.7,73.8,73.7,8.5,0,87.1,0,85.6,100,0,3.3,59.7,45,80.3,35.9,44.8,94.6,75.4,73.8,93.8,60,100,98.1,74.5,100,NA
89.3,42.5,34,72.5,0,12.4,0,99.9,100,0.4,0,67,50.3,14.1,62.3,32.5,43,35.8,84.2,47.9,0,84.1,18.9,18,0,72.4,39.3,90.3,61.3,11.8,0,15.3,32.8,100,100,0,18.9,0,26.2,15.8,72.6,82.8,0,80.4,100,0,56.7,8.3,20.9,0,11.2,100,31.3,NA,NA,0,100,100,100,15.6,11.6,18.7,4.6,61.7,88,7.9,0,100,78.6,0,55.1,28.5,100,0,0,56.6,0,0,61.7,30.6,28.4,19.1,0,45,80.2,38.7,0,32.5,43,35.9,35.8,1.7,0,0,70.2,0,0,6.2,74.5,18.4,NA
66.3,18.2,79.5,25.3,76.1,100,100,99.9,99.3,0,100,58.2,30.7,32.3,52.6,81.8,91.8,67.7,0,47.9,50,51.3,82.4,1,66.7,52.8,66.5,50.2,94.7,99.3,95.5,91.2,75.1,36.4,100,59.7,83.4,97.5,54,69,64.9,0,13.3,96.8,37.4,84.1,56.3,100,3.3,100,41.3,100,75.8,NA,NA,20,48.7,0,40,10.1,0,0,7.7,35.2,15.3,85.6,90,33,0,17.5,22.9,2.6,98,70.6,88,70.3,100,78.3,52.4,13.4,92.6,0,100,36.7,88.5,73.5,100,81.8,91.8,67.7,67.7,100,73.9,92.6,97.7,0,0,100,98.2,100,NA
67,14.2,85.9,25.1,89.8,99,0,99.9,0,0,0,59.1,42.6,31.1,60.1,100,100,100,0,53.9,10,2.4,92.4,26,69.4,84.1,98,100,87.5,91.5,92.2,93.4,50.5,100,0,77.9,0,0,56.4,83.6,95.4,50,10.9,97.6,73.7,93,50.8,10.3,21.2,94.4,38,100,0,NA,NA,12.6,67,24.3,39.3,10.1,30.2,14.8,30.8,100,65,69.2,82.7,33.4,62.5,30.3,40.9,35,10.8,59.5,88.3,53.4,84.9,93.4,100,100,45.6,95.1,100,11.2,77.3,58.4,88.6,100,100,100,100,98.2,84.3,100,100,100,0,85.2,36.3,98.6,NA
64.9,34.5,0,30.4,57.3,54.3,0,94.4,99.6,0,37.5,89.7,19.2,7.6,13.3,28.4,34.5,25.9,21.5,88.9,0,1,45.6,1,52.8,0,62.4,95.5,52.5,44.6,70.1,28.5,100,63.5,100,100,0,2.6,18.7,85.7,73.4,38.1,1.4,86.6,66,95.5,34.6,8.3,6.5,7.5,35.9,13.1,17.3,NA,NA,1.3,12,31,93.4,15.6,0,85.2,26.6,100,82.9,88.5,28.3,34.2,56,100,39.9,10.8,5.4,42.8,60.3,61.7,86.6,29.9,43.7,100,87.1,97,60.2,37.4,81,54.1,57.2,28.4,34.5,0,25.9,71.9,33,33.4,69.4,0,100,98.1,36.3,3.8,NA
68.2,54.3,78.7,74.9,91,28.4,84.5,100,99.6,0.1,100,42.5,54.9,45.5,80.4,75.5,54.1,52.4,14.4,95.9,100,0,100,27,88.9,100,100,1,100,100,98,76.4,0,66.6,98.7,11.5,100,0,85.6,69.3,100,76.1,100,99.6,84.5,94.1,100,100,100,69.6,43.9,93.8,35.6,NA,NA,100,35.3,17.5,79.6,100,11.6,85.2,25.7,44.7,33.3,92.8,98.3,41.9,65.1,90.9,48.5,75.1,100,64.7,27,92.9,88.3,100,68.2,94.6,100,100,100,0.7,100,100,93,75.5,54.1,85.6,52.4,84.2,100,82.8,100,0,8.2,98.1,36.3,97.3,NA
32.6,7.1,52.5,30,89.3,41.8,79,28.6,100,0,100,80.2,28.7,12.9,38.5,30,68.7,37.2,21.5,51.1,80,7.1,7.5,1,86.1,68.1,73.7,90.3,43.3,22,63.6,69.6,100,88.9,100,77.9,0,100,30.5,72,61.9,32.8,0.9,57.4,32.8,96.4,32.8,100,0,4.4,0,32.7,64.4,NA,NA,1,73,40.2,69.1,10.1,23.2,11.3,16.4,34.2,88.4,31.6,21.9,24.8,33.6,58.2,30.8,30.1,93.7,93.1,84.1,3,84.2,69.3,80.8,0,91.9,83.8,81.9,46,71.9,27.7,59,30,68.7,41.3,37.2,98.1,45.3,68.3,94.2,20.1,0,100,36.3,98.6,NA
51.5,55.6,57.6,8.7,29,1.4,14.7,34.8,0,6.8,0,81.1,34.4,9.4,29.6,38.2,25.1,17.9,88,97.2,30,56.5,9.2,12,40,51,19.9,51.4,48.9,36.7,46.1,56.8,53.4,48.2,11.5,42.4,40.2,94.7,20.9,23.8,0,100,0.4,1.7,58.5,60.4,1.5,66.9,0,13,26.1,0,42.1,NA,NA,0.1,30.3,69.2,41.1,97.3,96.2,0,15.1,61.7,77.3,71.5,0,47.6,41.7,97.6,38.9,35.9,62.6,69.7,96.8,81.5,80.9,8.1,53.1,93.2,92.2,27.6,32.8,37.4,17.1,36.7,34.5,38.2,25.1,41.3,17.9,58.5,40.4,29,97.7,0,8.2,71.4,100,9.8,NA
93.4,39.2,36.2,11,98.7,6.2,11.1,85.4,68.1,0,100,92.2,9.2,11.9,8.2,47.5,25.8,2,86.6,40.5,80,42.1,28.6,19,64.4,29.6,49.9,32.8,77.1,62.1,78.8,15.3,100,47.6,54.8,46.5,55.8,35.3,7.1,95.2,59.8,37.4,2.4,94.2,68.3,65.2,100,70.1,2.8,0,60.8,59.7,51.7,NA,NA,1.8,38.2,25.9,93.4,0,30.2,21.6,95.8,94.6,71.5,51.3,22.7,33.7,68.8,71.2,58.9,2.7,42.6,55.5,99.8,55.6,92.5,17.9,85.3,94.6,87.1,55.3,31.9,68,65.3,43.6,66.2,47.5,25.8,8.4,2,62.9,36.2,58.4,23.5,0,97.6,19,50.7,100,NA
100,59,70.5,25.3,12.5,26.5,11.9,100,99.1,7.6,0,86.4,20.3,19.5,41.5,16.7,32,34.1,14.4,47.9,0,30.7,0,20,55.6,47.4,5.6,50.2,86.3,84.6,78.1,100,88.6,99.7,22.9,39.1,60,64,22.5,4,75.1,49.2,4.7,21.9,40.5,97.4,0,20.2,27.2,21.1,100,79.3,43.6,NA,NA,4,62.4,64.8,100,59.4,68.7,85.2,41.4,39.3,87.4,73.9,60.5,29.1,85.2,88.2,39.2,41.6,57.6,32.3,100,96,100,39.6,87.2,7.1,75.9,42.1,55.4,25.9,55.6,45.9,26.6,16.7,32,35.9,34.1,23,19.3,29.5,100,62.3,8.2,0,98.6,100,NA
99.2,72.9,74.1,6.6,0,5.7,0,85.2,100,16.4,0,79,26.9,8.6,45,27,6.2,31,19.3,94.3,0,0,3.3,25,48.9,55.4,0,74.9,6.9,15.9,37.6,34,32.8,57.4,81.8,0,67.5,86.8,20.8,10.8,56.3,93.6,0.4,49.8,96.9,74.8,34.9,36.4,5.1,0,30.2,68.8,17.3,NA,NA,0.1,4,79.1,78.9,99.5,68.7,86,13.4,42.7,100,0,5.9,51.2,96.2,94.7,100,46.2,66.3,80.2,94.8,94.5,91.1,17.6,83.7,99.9,28.4,0,72.5,46.9,17.6,12.6,9.3,27,6.2,18.6,31,80.8,0,7.9,97.7,91.1,90.9,98.1,46.1,100,NA
94.5,34.4,48.8,48.7,75.2,14.4,2.7,99.9,99.1,12.9,0,92.8,4.9,8.7,18.5,24.5,0,41.1,14.4,94.3,10,11.9,36.5,24,55.6,25.5,55.5,27.1,89.3,78.7,86.7,95.1,64.5,100,98.1,47.9,100,0,20.6,53.1,68.7,39.4,14.4,82,69.7,94.6,49.3,53.3,40.3,11.9,59.8,13.4,39.7,NA,NA,11.9,1.4,17.4,94.4,12.2,96.2,100,68.6,73.2,75.8,83.1,58.6,26.4,55.7,89.9,33.1,10,0,99,62.5,68.1,89.8,10.7,87.3,100,87.1,69.8,42.5,12.9,77.9,57.6,68.8,24.5,0,11.4,41.1,72.3,1.7,49.9,0,0,90.9,39.5,0,97.3,NA
92.4,49.3,47.5,32.6,69,6.8,7.3,99.9,34.6,2.3,0,90.3,11.7,4.5,19.9,27.3,57.2,30.7,21.5,99.6,100,84.1,49.6,5,77.8,72.6,53.6,18.2,84.4,83,85.6,19.8,68.2,37.2,40.1,49.8,0,27.4,19.3,74.8,54.5,72.7,9.3,96.4,87.3,81.9,37.6,84.2,31.8,11.4,74.9,24.9,55.1,NA,NA,6.4,35,24.5,94.4,92.7,68.7,32.9,100,77.4,79.2,60.7,52.3,28.3,83.4,77,47.4,41.6,6.9,48.3,62.4,71.4,77.5,43.4,87.7,64.8,87.1,76.2,56.5,3.4,65.5,47.5,81.3,27.3,57.2,23.4,30.7,65,50.1,68.5,98.8,21.3,0,23.3,98.6,98.6,NA
94.4,100,25.8,100,93.5,54.3,72.8,99.9,99.3,1.7,0,0,100,100,100,91.5,35.5,77.6,15,51.1,100,82.6,89.3,3,71.1,77.8,27.5,63.3,81.1,0,90.6,99.5,50.5,97.1,63.4,23.6,46.4,69.4,77.3,59.7,74.1,37.4,22.8,95.2,71.5,82.7,68.7,100,8.5,13.3,78.7,66.5,100,NA,NA,10.6,30.8,43.4,66.5,10.1,96.2,14.8,20.8,19,84.9,50.1,92,24.4,75.1,0,29.2,64.3,87.9,65.4,97.6,88.4,90,78.6,26.4,0,91.9,100,100,0.7,98,94.6,68.7,91.5,35.5,100,77.6,100,88.9,91.5,52.9,0,95.7,53.3,98.3,49.9,NA
89.7,58.1,72.9,43.3,81.9,28.4,39,99.9,99.1,11.3,0,69.6,34.7,18,45.3,60.6,55.2,43.9,100,95.9,100,76.3,85.5,7,48.9,47.6,66.3,35.2,96.4,80.3,92.1,100,100,67.9,87.6,75.7,87,97.3,39.1,79.7,69.8,80.7,5,98.2,50.6,94.9,59.2,73.9,11.3,31.7,69.6,28.5,71.9,NA,NA,4.7,8.4,30,41.1,59.4,68.7,18.7,58.1,78.4,92.2,61.7,53.3,36.4,100,100,68.2,95.7,42.6,83.1,78.6,52.6,79.4,41.6,64.7,29.4,87.1,84.4,91.8,41.5,78.3,83.4,79.8,60.6,55.2,49.7,43.9,69.1,38.4,83.3,100,59.3,97.6,43.8,98.2,100,NA
92.7,37.5,55.3,57.5,100,24.4,41.9,69.9,100,0.4,100,71.1,23.5,17,44.5,61.2,54.2,59.2,84.2,40.5,100,83.9,64.7,8,77.8,75.1,28.8,26.3,70,73.4,82.7,100,67.9,48.3,67.8,59.1,88.8,81.9,55.3,76.5,74.7,32,5.5,91.7,36.8,69.9,56.5,52.7,25,19.1,71.2,24.5,35.6,NA,NA,8.4,37.4,42.4,59.2,100,96.2,21.1,0.5,48.1,70.3,61.6,74.6,32.9,39.3,0,17.7,41.6,21.8,78.5,92.4,42.8,75.3,41.9,59.5,7.1,100,75.6,85.3,83.7,81.5,63.4,70.4,61.2,54.2,62.3,59.2,55.4,28.3,58.1,23.5,0,8.2,78.6,0,100,NA
81.8,24.3,6.9,7.8,31.8,21.8,25.2,75.5,0,100,0,100,0.2,3.7,11,9.3,38.7,0,14.4,53.9,10,10.8,7.3,26,62.2,54,53.7,20.1,71.4,63.6,77.4,100,48.9,36.4,43,29,59,81.8,0,36.5,69.9,74.2,2.6,87.3,41.4,97.4,27.4,35,16.8,4.1,0,8.1,32.5,NA,NA,3.6,37.1,35.8,75.6,59.4,0,76.6,66.1,100,82.6,12,20,24.2,65.1,17.5,33.5,0.2,35.7,96.8,98.9,56.9,87.6,55.5,96.1,99.9,100,49,0,37.4,48,16.4,57.8,9.3,38.7,11.4,0,39.9,69.5,48.9,69.4,73.2,100,50.5,46.1,97.3,NA
92.6,61.9,74.9,44.7,83.2,44.9,29.5,99.9,0,2.3,11.1,76.3,18.8,15.9,38.2,65.2,62.8,60.6,21.5,16.9,100,72.2,94.5,2,100,83.7,61.9,31.5,94.5,84.7,93.4,0,82.4,54,100,75.7,18.9,69.7,46.7,62.5,69.7,67.5,23.4,98.3,21.9,91.7,37.5,29.1,10.9,51.4,76.6,43,56.4,NA,NA,25.8,25.9,12.3,41.1,97.3,96.2,0,11.4,86,31.3,67.4,79.3,25.2,26.9,0,8.9,18.2,27.2,79.6,76,69.5,83,79.6,81,6.2,91.9,95,87.7,55.1,85.4,87.2,89.9,65.2,62.8,62.3,60.6,81,80.6,77.6,100,100,8.2,44.3,84.1,100,NA
90.9,70.3,87.9,47.4,91.6,36.9,59.4,68.3,99.1,20.6,0,63.3,37.4,29.9,42.7,67,89.3,73.1,15,51.1,80,51.3,46.5,13,71.1,52.1,57.3,29.9,77.7,79.6,86.9,99.5,76.1,60.3,40.4,44.6,17.6,100,52,88.3,80.5,34.8,2.7,98.8,61,96.6,55.5,70.5,16.2,9.2,64.6,94.9,36.5,NA,NA,4,62.4,32.7,78.9,65.3,96.2,21.6,83.9,93.4,76.3,63,55.7,28.5,45.4,34,41,66.3,69.8,67.5,89.6,34.9,62.8,65.4,75,0,100,89.1,94.5,55.1,83.4,51.2,75.8,67,89.3,54.5,73.1,64,62.5,80.5,100,0.6,0,58.6,74.5,0,NA
68.9,28.4,61.9,42.4,65.7,25.7,15.5,0,39.3,23.8,0,64.6,24.5,33.2,39.1,67,90.9,71.9,15,51.1,80,45.2,32,9,44.4,79.5,57.5,38.6,83.6,77.6,81.3,82.3,51.8,61.6,38.9,43.3,38.1,81.5,48.1,73.7,67.7,91.2,5.6,95.9,31.2,98.6,45.3,46.4,15,5.8,47.7,50,36.3,NA,NA,5.6,100,37,73.3,10.1,68.3,14.8,32.1,62.6,90.2,45.5,67.8,32.3,40.3,0,49.6,38.7,9.4,92.6,92.3,3.6,69.3,42.6,82.6,94.9,87.1,78.9,92.8,84.4,67.2,36.5,54.3,67,90.9,67.7,71.9,44.7,39.1,65.2,100,0.6,6.3,69.5,50.7,97.3,NA
52.9,13.1,45,0,75,12.2,4.3,81.3,39.3,57.4,0,92.4,0,8,6.1,0,65.6,29.8,84.2,100,50,1,20.6,27,48.9,26,21.8,13.1,89.8,88.1,82.8,99.5,74.6,19.2,48.7,37.1,78.7,67.9,9.6,0,46.4,96.1,7.6,0,0,99.4,26.3,52.5,8.4,3.7,100,20,44.5,NA,NA,6.8,42.9,49.3,59.2,100,96.2,94.6,62.7,47.9,94.8,88.2,51.1,27.9,73.8,89.2,49.8,21.4,58.1,70.7,90.8,66.7,88.1,15.4,93.8,100,92.2,15,64.3,29.3,6.3,12.5,41.4,0,65.6,8.4,29.8,27.1,30.1,37.1,97.7,0,0,48.1,100,100,NA
92.3,48.1,60,37.6,78.5,23.5,12.9,24.4,100,38.2,0,88.7,21.1,4.9,10.7,26.3,38.9,25.8,86.6,88.9,100,27.8,48.3,18,71.1,23,53.2,6.2,76.5,59.1,75.3,100,57,2.1,81.2,48.4,9.4,41.5,24,92.6,80.6,59.8,1.8,98,62.1,100,52.6,31.5,38.2,9.5,100,21.3,73.3,NA,NA,2.3,11.7,22.5,92.5,92.7,96.2,18.7,41,50.5,89.3,62.5,26.4,31.4,59.1,80.8,46.5,51.8,47.7,83.6,98.6,50.8,78.6,46.8,100,94.6,91.9,73.6,46.9,8.8,60.1,49.5,86.1,26.3,38.9,9,25.8,59.1,63.9,64,97.7,4.6,0,81.9,98.2,0,NA
93.5,48,56.4,26.2,52.9,5.4,19,65.8,100,5.4,0,86.1,19.3,12.6,33,36.4,21.7,21.8,21.5,47.9,100,49,50.1,15,66.7,56.8,55.1,9.7,84.3,72.5,84,31.8,81.1,35.1,69.7,33.3,78.3,62.3,27,73.7,71.4,72.2,14.2,96.8,86.9,95,46.5,65.4,19.3,10.8,68.7,44.9,75.8,NA,NA,7.9,36.3,27.3,92.5,59.4,68.3,0,15.3,44.7,79.3,95.9,56.7,30.1,59.6,0.3,30.5,66.7,34.2,48.6,65,67.5,91.3,6.6,53.5,94.9,92.6,59.4,45.1,12.2,57.5,63.7,76.5,36.4,21.7,34.1,21.8,74.5,26.2,61.6,100,0,90.9,41.4,74.5,100,NA
92.1,32.2,36.1,13.4,56.7,2.2,0.7,0,100,0.4,0,97,13.9,0,0,8.7,31,31,19.3,40.5,100,51.9,31,17,57.8,43.5,58.7,0,0,60,57.8,15.3,69.8,0,40.1,44.1,39.5,95.2,18.5,75.4,63.9,68.8,1.3,73.4,31,79.1,44,0,8.4,0,73,60.6,40.7,NA,NA,1.5,46.7,15.7,93.4,65.3,30.2,14.8,61,63,78.5,63.8,22.1,0,37.1,0,0,12.7,10.8,78.3,91.1,9.4,53.2,64.8,48.7,7.1,92.2,83.2,48.7,0.7,78,0,76.2,8.7,31,0,31,36.3,59.3,44.9,0,0,8.2,37.6,84.1,9.8,NA
93.1,64.7,100,84.7,87.6,100,100,99.9,99.3,0.8,0,55.5,40.1,32.3,57.7,83.7,82.5,68.4,14.4,97.2,70,90.3,83.5,4,80,77.8,71.5,17.6,99.7,96.7,96.4,0,93.7,66.6,83.4,68.4,9.6,74.9,56.3,57.7,100,36.9,18.9,99.5,46.9,91.5,52.4,100,52.7,76.7,100,79.8,54.3,NA,NA,19.5,47.3,15.6,59.2,94.1,75.6,11.3,25.3,90.6,82.3,50,77.5,24.1,48.5,79.3,40.6,46.2,55,95.2,87.8,41.5,86.3,68.4,57.4,0,87.1,89.4,90,61.9,87.2,75.1,86.4,83.7,82.5,67.7,68.4,77.2,56.3,85.5,31.4,100,0,22.4,98.3,100,NA
92.7,57.1,74.9,41.6,80.6,13.4,30.1,100,100,0.1,11.1,47.7,58.4,41.2,81,72.8,24.3,48.5,19.3,97.2,0,53.2,94.6,10,51.1,65.4,54.6,1.9,89.7,93.7,95.2,18.6,80.7,100,63.4,51.2,74.3,27,56.4,63.1,51.5,25.8,29.9,100,4.1,86.8,77.8,100,38.2,42.3,46.2,54.3,36.5,NA,NA,30.9,5.7,9.6,94.4,10.1,75.6,44.2,3.1,0,0,23.2,90.4,26.4,39.9,30.3,33.6,36.9,27.3,86.2,0,100,93.2,45.5,0,54.8,91.9,74.2,81.9,32.7,83.6,97.3,88.2,72.8,24.3,67.7,48.5,56.2,18.1,60,0,0,8.2,10,97.9,91.9,NA
92.9,54,39.1,33.7,50.4,8.3,18.1,34.8,7.6,19.4,0,84.2,25.3,9.4,32.2,45.1,34.3,44.7,15,100,100,9.3,60.9,22,66.7,39.9,73.9,40.5,68.6,59.1,77.9,99.5,0,60,48.7,30.5,13.6,49.4,20.6,100,63.1,62.9,2.8,92.6,100,97.4,38,46.9,27.1,30.6,49.5,48.7,48.6,NA,NA,2.3,1.6,31.6,78.9,0,0,18.7,45.2,61.7,86.3,37,32.6,18,0,0,10.5,8.8,57.6,95.6,83.7,80.7,77.9,0,73.4,100,100,28.9,60.2,21.1,81.8,21.5,79.1,45.1,34.3,26.3,44.7,60,23.1,69.4,24.7,0,0,75.7,98.3,82.5,NA
40.8,0,34.9,0.3,28.8,36.2,24.5,71.2,7.6,17,100,76.2,13,16.1,23,37.9,76.2,55,19.3,40.5,0,51.7,17.1,11,84.4,49.6,12.8,70.8,41.3,41.9,73.4,19.8,93.7,89.4,63.7,62.1,9.7,89.6,26.2,73.4,51.4,76.3,1.1,88.1,67.9,70,47.8,46.9,0.2,4.5,9.8,80.9,31.3,NA,NA,1.5,68.2,37.6,78.9,12.2,23.2,21.1,24.4,69.1,87.7,44.9,33.1,36.7,80.1,95.8,69.6,22.1,100,77.3,89.2,40.9,76,48.9,47,74.8,66.1,19.1,85.6,70.1,0,8.6,59.4,37.9,76.2,35.9,55,70.9,68.1,76.9,83.7,0.6,100,100,36.3,100,NA
0,69.9,34.9,74.3,18.5,0,0,99.9,39.3,12.8,0,65.2,34,18.5,62.6,37,17.2,37.2,86.6,40.5,0,37.5,22.7,23,0,63.4,12.3,100,2,31.8,0,100,26.5,100,0,28.1,49.1,62.5,27.2,51.5,73,86.9,0,88.5,65.7,0,66.5,32.1,24.3,0,0,55,0,NA,NA,0,86.7,100,94.4,12.2,11.6,0,0,37.2,81.5,34.9,3,100,93,47.9,83.7,45.7,59.2,0,63.6,45.7,0,12.9,69.5,100,34.5,64.8,60.9,15.6,77.1,33.9,0,37,17.2,51.5,37.2,0,21.2,0,74.2,62,8.2,54.3,46.1,9.8,NA
92.9,42.6,74.3,25.2,71.3,98.4,77.6,100,34.6,3.4,0,54.2,34.1,31.5,56.5,82.4,83.8,82.1,21.5,95.9,50,58.8,85.2,14,55.6,55.7,66.2,29.1,94.4,100,97.7,0,62,79.7,98.7,85.1,39.6,35.9,61,60.6,63,0,13,99.1,36.2,77.6,48.5,74.5,2.9,100,65.4,94.9,62.8,NA,NA,19.5,45.4,0,59.2,100,68.7,0,0.1,37.5,19.9,93.2,83.7,24.4,15,0,8.7,3.1,53.1,90.9,96.2,73.5,98.6,64.8,56,100,92.6,79.9,97.2,55.1,84.1,74,100,82.4,83.8,62.3,82.1,87.1,70.6,87.1,83.7,0,6.3,7.1,98.3,18.4,NA
95,53.7,64.2,29.4,88.1,92.6,85.1,99.9,0,1.6,11.1,56.5,41.6,34.2,61.5,100,100,100,15,97.2,20,78.6,92.4,6,68.9,75.9,100,25.9,86.4,91.5,94.4,19.8,80.7,96.6,100,65.7,74.5,75,58.3,88.6,88.7,40.2,10.5,99.4,89.7,89.2,46.2,100,27.7,93.7,71.2,100,43.5,NA,NA,12.9,77.4,28.1,41.1,100,100,75.1,30.3,64.5,69.6,55.6,76.6,27.7,63.7,93.8,39.4,28.2,68.6,100,94.3,47,84.3,89.3,73.4,100,92.6,81.9,97.7,100,74.2,62.8,87.8,100,100,62.3,100,89.4,77.5,100,100,100,6.3,27.6,98.6,100,NA
91.6,53.1,0,26.1,67.6,15.4,27.3,86.6,99.6,4.5,0,90.6,6.5,6.9,7.1,26,15.1,38.5,14.4,100,10,10.8,52.7,21,57.8,0,52.1,75.8,45.2,56.1,69.7,100,93.7,100,64.6,26.5,88.1,52,24.5,89.2,71.4,37.4,1.4,86.5,77.8,97.8,35.9,74.8,11.3,9.4,26.4,24.8,64.4,NA,NA,1.3,0,35.4,72.7,64.5,68.7,94.6,15.3,26.6,81.5,100,17.8,25.3,48.9,68.7,23.4,6.1,9.3,71.4,81.8,59.8,82.2,6.8,78.6,94.6,91.9,71,55.1,0,77.5,47.3,62.3,26,15.1,11.4,38.5,85.2,17,27.5,100,0,77.3,50,46.1,3.8,NA
93.7,89.8,81.7,82.9,87.1,43.3,73.5,99.9,0,2.2,100,40.6,51.5,46.1,78.3,89.4,44.7,53.2,15,97.2,100,100,100,1,73.3,100,93,17.9,100,99.6,100,100,41.8,100,65.9,100,96.1,41.9,100,53.1,99.5,73.5,100,99.8,88.2,93.4,95.6,86,100,68.1,52.9,35.4,36.2,NA,NA,100,32,20.5,41.1,97.3,100,100,41.2,82.7,38.3,89.4,100,28.9,79.3,67.4,29.8,79.1,80.5,88,69.4,90,86,100,21.5,99.9,91.9,95.1,94.6,30.6,100,100,92.9,89.4,44.7,65.3,53.2,76,100,79.2,100,91.1,0,6.2,98.2,100,NA
96.6,54,51,29.2,90.1,11.3,6.1,24.4,66.1,5.1,66.7,80.8,31.1,15.4,36.9,44.3,66.3,48.3,21.5,16.9,50,42,22.4,16,62.2,60.4,46.7,31.8,48.4,39.9,60.6,40.5,87.4,39,58.9,46.7,51.6,56,29.5,84.7,61.8,44.3,0.8,79.3,44,98.6,32.5,34.1,0.5,5.5,23.8,73.3,31.6,NA,NA,1.1,55.9,45.9,91.5,12.2,96.2,11.3,20.7,42.2,77.7,53.1,16.6,27.7,30.2,0,31.3,12.3,36.7,67.2,86.5,0,71.8,44.6,74.8,94.9,100,61.7,69.3,36.7,72.7,33.1,63.4,44.3,66.3,49.7,48.3,55.5,40.1,82.7,97.7,0,6.3,39.5,84.1,90,NA
0,63.0577563672242,45.7,9.2,26.6,2.4,0,86.8,97.3,18.9,11.1,79.6,31.1,3.5,30.1,34.7,34.6,55.1,86.6,100,0,1,82.5,1,37.9,74.4,27.6,95.5,47.9,63.9,39,31.8,96.3,100,7.7,100,94.7,97.5,16.4,53.3,0,100,0.2,0,61.4,59.8,1.5,62,100,31.5,46.8,0,71.9,NA,NA,0.1,21.1,79.4,39.3,97.3,11.6,11.3,29.1,62.6,77,60.3,4.5,34.8,47.7,85.8,24,100,60.3,96.6,91.7,79.4,59.3,34.1,43.8,7.1,91.9,100,45.1,100,20.3,62.3,28.2,34.7,34.6,51.5,NA,96.1,48.6,28.3,50.7,44.3,35.2,63.7,46.1,9.8,NA
65.6878610968963,52.2831700929701,100,11.8,86.5,10.5,13.4,83.3,91.1,54.6,0,93.6,12.1,6.1,15.8,42.7,8.7,9.7,19.3,100,50,0,40,1,30.6,51,59.2,66.6,76.9,77,76,95.1,81.9,61.2,0,0,100,97.5,8,84.9,61.8,43.3,2.2,100,66.4,64.6,71,67.2,52.7,9.9,34.9,34.4,56.4,NA,NA,1.9,36.3,29.3,92,10.1,30.2,21.1,85.7,65.6,77.3,65.4,34.3,34.2,79,86.6,60.8,32,42.7,49.2,100,48,89.4,21.8,85.9,100,91.9,19.1,8.6,95.1,84.5,52.5,61.3,42.7,8.7,18.6,NA,73.8,27.4,70.7,35.5,14.9,42,18.1,50.7,97.3,NA
81.3749957742433,57.2263290220973,83.4,16.2,32.6,13.2,14.1,97.6,92,0,77.8,81.2,17.7,17.3,33.8,7.1,29.9,52.4,14.4,100,20,0,49.3,27,45.5,47.4,5.6,40.7,89.4,92.1,80.8,73.9,94.8,57.7,0,77.9,100,97.5,25.5,0,72.1,52,6.2,0,48.7,96.5,5.9,8.3,100,31.1,100,86.2,71.9,NA,NA,4.3,95.1,76,40,10.1,30.2,11.3,41,37.3,89.3,71.3,64.6,15.6,96.9,97.5,29,12.3,49,73.2,98.7,93.9,100,51.6,24,14.1,87.1,100,87.7,4.3,100,25.6,39.2,7.1,29.9,54.5,NA,48.7,48.3,48.2,51.2,45.7,57.1,7.8,0,97.3,NA
100,80.0303334674972,54.9,7.7,0,0,0,99.7,100,14.6,44.4,75.1,32.3,8.3,51.3,35.8,34.8,31,21.5,40.5,20,30.7,54.1,2,75.8,47.4,12.3,59.3,0,25.6,42.9,96.7,70.6,23.4,7.7,12.6,0,41.9,22.5,20.6,78.3,94.8,0.4,62.6,100,74,45.5,26.9,0.2,3.3,16.8,68.3,31.6,NA,NA,0.1,41.4,90.9,93.4,59.4,34.9,18.7,10,26.6,100,16.6,4.7,39.9,90,100,100,23,54.5,100,88.6,100,87.8,9.8,12,13.4,34.5,69.8,77.4,68,52.3,0,9.9,35.8,34.8,29.9,NA,54.6,19,19.8,64.3,49.4,0,100,89.8,100,NA
63.8672308833302,40.9542473739292,41.9,45.3,70.6,12.4,3.3,75.5,74.1,36,11.1,89.5,5,6.6,16.6,25.2,0,35.7,0,47.9,20,1,41,1,51.7,33.7,71.5,15.6,90,89.5,87.8,72.5,91.9,100,7.7,0,100,100,17.4,55.8,75,44.6,14,98.3,56.3,92.9,64.7,61.5,46.4,10,49.2,13.5,0,NA,NA,12.4,22.7,19.2,100,10.1,42.1,83.8,58.9,59.3,77.6,70.3,60.5,13.7,72.3,93.3,26.1,1.2,19.5,92.4,57.8,68.4,82.4,0.9,72.6,62.3,61.9,98,54.9,8.8,100,52.5,64.3,25.2,0,8.4,NA,79,0,55.3,25.8,43.4,43.9,21.1,36.3,100,NA
66.2126389708382,46.1960836538153,54.2,29.9,63.2,7.4,5,85.4,92,54.9,77.8,89.7,13.1,0.1,21.7,23.1,48.7,41.9,19.3,97.2,100,0,82.5,1,87.9,59.8,73.9,41.8,80.9,89.7,85.4,100,86.2,58.1,100,59.7,3.9,0,24.6,74.7,58.7,72.4,8.8,98.3,73.2,75.2,51.8,90.9,52.7,5.8,41.8,21.9,100,NA,NA,6.5,29.8,27.8,79.6,0,0,18.7,87.4,72.5,78.3,53.2,52.7,11.8,92.8,81.2,37.2,20.2,28.1,66.4,3.7,73.4,67.3,0,50.8,84,92.6,19.9,44.2,45,86.1,57.4,74.4,23.1,48.7,28.7,NA,69.2,3,71.2,53.7,0.6,72,18.1,74.5,100,NA
66.4967615533863,87.1924006349257,19.1,100,85.7,45.3,67.3,100,83.9,5.3,55.6,0,100,100,100,95.5,36.9,68.7,19.3,99.6,100,1,96,1,87.9,100,36.9,78.2,73.3,0,91.1,94.9,88,100,0,12.6,100,0,69.1,100,76.5,23.9,26.1,83.3,84,84.6,100,100,100,60.8,26.9,47.5,71.9,NA,NA,10.9,17.3,48.9,40,10.1,0,18.7,16.5,10.6,84.7,55.3,90.3,7.2,95.5,57.6,22.6,95.7,91,73.5,91.3,89.1,78,85.7,21.8,83.5,92.2,100,96.1,0,89.5,93.8,68.3,95.5,36.9,85.6,NA,93,95.9,85,94.2,100,85,50.7,100,100,NA
62.0277493750295,77.1849100070211,80.8,42.3,77.1,29.4,26,98.5,97.3,36.7,11.1,69.6,26.3,13.8,40.9,62.2,52.1,36.4,0,94.3,100,7.1,85.5,2,57.8,100,53.2,21.1,76.5,90.2,93,100,92.5,26,0,11.5,96.1,98.5,37.6,70.8,79.4,81.5,4.5,86.2,62.4,96.6,45.5,76.4,100,33.6,52.3,28.5,31.6,NA,NA,5.2,0,35.1,41.1,99.5,23.2,21.1,75.5,100,91.7,39.4,55.2,11.6,99.1,97.5,51.9,70.8,56.8,69.8,48,54.7,66.2,42.8,29,90.3,87.1,95.1,90,76.4,49.3,87.2,75.5,62.2,52.1,65.3,NA,81.5,34.9,85.1,50.7,50.8,81.5,37.4,46.1,100,NA
64.6234866316789,59.5045809338531,58.3,54.3,100,31.3,40.9,79.6,66.1,5.3,66.7,69.2,19.3,8.9,39,62.4,53.9,65.1,19.3,53.9,100,0,96,10,100,100,38,28.2,65.8,82.2,78.9,77.4,92.1,63,100,100,78.7,2.6,45.7,72.7,74.7,29.1,4.4,96.8,44.8,79.4,37.6,46.3,0.2,49.5,37.9,24.5,73.3,NA,NA,8.8,50.8,49.2,59.2,0,34.9,21.1,18.1,49.8,72.9,62,75.6,18.5,66.6,0,22.7,29.7,44.5,77.4,78.2,39.8,67.6,40.7,73.7,76.4,100,97,100,12.2,57.5,83.6,68.3,62.4,53.9,74.9,NA,72.6,32.9,75.6,23.5,40.7,69.4,71.5,36.3,100,NA
56.7962616633121,8.85638700032742,16.6,6.8,33,9.8,1.2,72.2,69.6,55.5,11.1,100,0,0.3,13.8,1.8,28.8,0,15,51.1,20,91.4,40,1,71.1,75.9,76.2,33.1,73.3,80,78.7,79.6,75.2,36.4,0,0,17.3,2.6,0,43.6,74.1,73.6,2.9,86.2,61.2,96.5,25.9,56.9,100,36.2,39.5,8.1,17.3,NA,NA,4,59.7,40.5,100,10.1,30.2,21.1,62.8,67,82,43.3,25.5,9.8,86.1,46.7,23,15.1,37.1,90.2,96.5,50.5,87.6,45.5,45.9,73.9,100,97,0,70.1,57,12.6,55.8,1.8,28.8,8.4,NA,65.2,59,52.9,0,29.2,19,44.1,100,98.6,NA
64.1105347566387,59.1792829335928,76.4,40.5,79,41.8,32.2,88.3,87.5,23.1,88.9,73.5,19.9,12.3,34.1,67.1,53.5,74.1,0,97.2,100,2.4,82.4,26,97,66.4,59.2,33.6,88.5,88.4,93.6,100,88.4,56,100,11.5,0,2.6,42.8,66.7,73.7,63.5,16.9,43.1,19.1,92.2,37.5,42,0.5,64.2,44,46,64.4,NA,NA,27.6,27.2,13.9,88.7,100,75.6,14.8,10.1,61.8,38.6,69.4,80.9,14.4,42.2,0,4.7,0,35,77.3,49.5,73.9,74.7,90,96.2,37.7,91.9,98,32.2,100,100,93.8,89,67.1,53.5,62.3,NA,93.7,84.6,83.9,48.2,52.4,87.8,39.3,84.1,100,NA
65.0170102228806,75.063248629812,90.4,43.4,87.4,37.6,65.1,65.8,0,2.4,0,61.8,27.7,28.5,34.8,67.3,72.3,87,14.4,100,30,0,58.4,27,87.9,54.2,63.1,32,80.6,87.6,87.6,98.6,95.1,63.5,0,11.5,3.1,2.6,37.6,85.2,72,37.2,2.2,92.9,45.4,96.5,58,85.2,1.6,20.9,38.6,95.1,73.3,NA,NA,4.5,64.5,38.4,69.1,12.2,30.2,14.8,65.5,50,82.3,61.5,60.5,30,71.1,68.4,55.1,86.5,79.3,59.5,62.4,38.7,46.7,76.4,94,47.2,28.4,37.2,45.1,43.4,98.6,75.1,71.9,67.3,72.3,74.9,NA,94.6,67.6,77,81.7,41,77.3,58.1,46.1,97.3,NA
46.00184096738,38.4176901104036,71.1,37.5,66.8,28.6,21.1,83.5,75,21.7,100,62.8,24.3,21.4,32.4,60.3,73.7,74.1,0,80.9,30,7.1,35.9,1,37.1,91.8,40,59.9,77.9,86.1,81.5,94.9,88.3,84.4,0,100,100,100,37.2,71.7,71.4,91.4,4.9,0,27.4,99.2,40.2,70.4,0,0,26.4,50,43.5,NA,NA,5.9,100,43,72.7,10.1,11.6,18.7,42.6,51.7,93.1,56.9,67.7,42.2,75.4,85.4,74.1,49.6,38.5,88.3,73.1,0,76,47.2,83.4,74.8,66.1,97,100,95,87.2,52,50.2,60.3,73.7,67.7,NA,62.5,32,67.1,39.6,61.9,81.3,64.4,50.7,100,NA
37.0932669182519,7.13237647139734,18.6,1.2,80.3,7.8,2.9,90.9,91.1,41.3,88.9,88.6,2.2,1.9,7.1,0,69,16.9,86.6,100,70,2.4,40.6,1,3,18.9,68.8,4.2,88.5,93,82.9,19.8,94,0,0,11.5,94.7,100,8.6,21.5,45.7,93.8,8.1,1.7,23.6,100,42.9,52.4,46.4,0,28.7,20.1,71.9,NA,NA,7.1,62.2,56.4,59.2,99.5,96.2,85.2,100,63.3,93.7,79.5,53.3,6.8,88.2,84.7,32.5,10.5,69.9,71.4,86.7,58.2,81.3,35.2,30.9,93.8,80.6,86.2,26,12.9,30.8,19.6,46.9,0,69,11.4,NA,61.3,49.4,39.3,30.2,46.7,29.6,39.3,98.2,98.6,NA
65.4915101453315,27.9436107946978,80.2,36,77.4,19,12.9,24.4,96.4,75.2,66.7,83.3,19.4,0,13,33.6,37.9,35.8,0,99.6,80,0,82.5,2,68.9,56.9,100,38.9,75,75.4,76.4,96.7,96.9,59.4,0,49.8,96.1,100,24.9,89.2,88.2,58.6,1.6,98.3,67.3,97.6,57.6,42.3,1.6,47.9,47.7,21.5,32.5,NA,NA,2.3,16.7,25.2,75.6,12.2,34.9,21.1,26.4,16.8,91.1,49.8,28.8,33,57.5,83.8,45.6,30.7,65.6,87.8,93.2,50.2,69,45.1,91.9,89.2,100,49.7,91.1,14.7,81.8,36.5,82.4,33.6,37.9,34.1,NA,66.8,56.7,66.8,64.5,26.4,45.4,61.9,100,100,NA
65.8584946312454,24.9738426687755,91,24.9,52.7,6.5,10.1,92.4,93.8,37.9,11.1,86.4,12.2,7.6,26.6,35.1,21.7,35.7,21.5,95.9,100,1,54.1,27,68.9,46.2,55.5,67.6,78.9,82.5,84.8,92.1,100,54,48.7,0,0,0,21.5,68.2,67.7,70.9,10.7,86.5,71.3,91.7,45.2,65.7,100,31.1,56.1,45.2,71.9,NA,NA,8.1,42.7,31.4,100,59.4,34.9,14.8,18.4,34.2,80.1,81.8,57.7,15.8,72.4,47.7,15.2,28.7,28.2,28.2,21.7,65.5,87.8,19.2,54.7,94.9,100,0,34.3,30.6,78,93.8,73.6,35.1,21.7,53.3,NA,81.7,26.9,64.1,42.1,19.2,46.6,34.4,46.1,100,NA
63.1577353692294,31.7430341704318,48.4,11.8,63.3,4.7,0.7,69.9,66.1,12.3,0,96.9,12.5,1.9,0,8.2,51.1,35.7,88,100,100,2.4,31,1,66.7,57.7,55.5,15.1,21.6,78.5,60.7,44.6,88.1,14.7,0,85.1,37.6,100,22.4,59.8,66.7,70,1.2,63.8,50,78.3,45.2,0,100,3.4,39.9,61.2,0,NA,NA,1.7,60.7,17.5,92,59.4,30.2,18.7,64,55.9,83.4,52.8,16.6,51.8,100,63.1,53.5,14,5.4,91.5,69.2,10.7,42.8,65.3,40.8,99.9,73.8,95.1,78.3,0,100,46.1,72,8.2,51.1,9,NA,71.7,54.8,44.7,47.4,42.8,54,25.6,0,32.3,NA
64.5604504626839,62.6959702713853,94.8,77.1,86.5,99,100,95.5,95.5,19,11.1,55,42,24.4,54.2,87.8,76.4,72.6,0,100,100,7.1,98,27,87.9,71.7,95.2,45,98.2,99.6,94.8,99.2,87.2,100,100,11.5,61.7,1.4,50.7,64.3,100,38.2,14.3,98.3,56.5,93.4,55.5,100,0,100,35.9,77.7,73.3,NA,NA,20.4,45.9,18.3,39.3,72.5,34.9,21.6,44.3,79,83.4,44.3,69.7,0,52.6,91.9,29,45.6,100,47.5,58.2,43.6,74.7,65.2,82.7,92.2,92.6,31.2,93.7,28.3,65.5,83.9,82.9,87.8,76.4,65.3,NA,90.5,57.7,91.6,83.7,41.9,88.4,20,98.6,100,NA
65.0456698917135,100,85.4,45.9,59.4,15,36.4,99.4,94.6,18.8,55.6,37,56.4,46.6,81.3,74.9,18.3,71.9,14.4,94.3,20,0,100,1,68.9,100,61.2,32.9,92.5,97.5,96.1,56.8,82.2,100,0,100,69.9,2.6,49,71.1,49.5,33.7,25.5,50,0,88.7,36.6,100,100,100,46.2,54.7,64.4,NA,NA,35.3,25.1,11.7,89.3,15.6,34.9,21.1,5.1,0,0,21.7,91.9,5.2,46.6,21.9,14.4,21.4,38.7,71.3,39.2,90.1,92.7,46.8,37.3,35.9,91.9,64.8,78.3,36.7,100,93.8,87.7,74.9,18.3,100,NA,73.8,43.4,64.4,51,53.1,9.6,8.5,97.9,97.3,NA
65.9299363861362,51.2500049145379,44,29.9,49.3,13.8,11.1,0,89.3,100,0,80.1,31.5,5.6,36.1,50.1,29.3,58.5,14.4,95.9,100,0,93.2,1,78,33.2,100,81.7,62.6,77.1,78.2,82.3,86.4,100,100,85.1,0,98.5,22.5,83.4,61.4,63.3,2.5,98.3,86.3,99.6,29.5,41.9,0.5,69.6,30.7,57.1,71.9,NA,NA,2.4,20.3,35.5,93.4,10.1,11.6,14.8,32.8,36,82.7,61.8,34.5,0.5,0,0,8.9,17.7,67.5,79.9,69.9,81.4,65.3,19.9,57.6,60.2,92.2,19.9,23.7,55.1,98.6,62.3,76.3,50.1,29.3,25.1,NA,80.8,26.3,79,62.3,15.6,48.2,77.4,98.6,97.3,NA
22.3934333256547,0,65.5,0,31.9,37.6,30,82.9,84.8,26.1,66.7,77,8.3,4.7,14.4,34.4,68.7,57.2,15,47.9,0,97.1,76,1,100,33.2,35.2,90.3,57.6,71.4,73.4,92.1,96.8,100,100,100,3.1,1.4,23.4,65.9,56.8,79.3,0.7,83.3,69.4,69.3,21.1,77.5,52.7,7.5,13,81,64.4,NA,NA,1.4,51.9,43,69.2,59.4,30.2,21.1,33.7,74.1,88.3,20.9,36.7,33.3,97.1,95.7,69.5,83.2,92.9,80,69.2,36.3,52.4,61.2,0,6.2,87.1,79.9,48.7,100,5.8,0,49.2,34.4,68.7,25.1,NA,80.1,70,61.7,47.9,63.9,80.8,85.2,36.3,100,NA
81.2160323802459,69.5062538209153,77.2,68.1,30,0,0,97.1,94.6,21.1,44.4,62.3,34.3,13.9,63.1,43,25.2,34.1,100,0,0,0,26.2,26,0,92.9,39.3,100,34.3,57,0,0,0,80.7,0,11.5,100,97.5,15.4,73.1,71,89.9,0,100,67.7,0,52.4,22,52.7,0,0,53,0,NA,NA,0,66.3,100,94.4,12.2,11.6,0,11.3,35.7,92.5,0,0,100,96.8,79.4,68.7,51.4,71.8,0,0,47.8,0,44.3,70.4,0,0,100,42.1,37.4,98,43.6,0,43,25.2,51.5,NA,0,30.8,0,87.8,72.5,55.2,58.9,36.3,18.4,NA
65.5174348484273,50.3029987558664,79.2,22.9,71.3,100,79,94.9,96.4,15.2,0,53.4,32.5,24.3,52.1,85.5,78.4,68.7,14.4,99.6,50,2.4,80.7,27,94.4,43.2,63.2,28.7,99,100,98.3,94.5,91.8,88.9,100,0,0,0,61.4,79.3,61.5,0,10.2,99.1,37.7,80.4,46.2,82.8,1.6,100,49.3,95.7,73.3,NA,NA,19.8,20.3,0,73.3,94.1,100,79.4,0,36.4,28.8,82.7,76.4,10.6,35.5,0,0,2.4,57,87.6,90.4,77,97.4,76.1,62.9,69.7,92.6,19.1,55.1,37.4,78.3,100,100,85.5,78.4,74.9,NA,97.4,76.3,100,100,53.9,87.7,13.3,74.5,32.3,NA
64.5071387991392,58.4445352636541,93.9,27.1,86.6,90.7,84.5,94.4,99.1,34.7,0,54.4,42.3,22.8,57.7,100,100,100,0,100,70,2.4,100,2,82.8,84.1,76.2,72.8,86.9,94,95.4,84.5,99.3,100,0,100,50.7,1.4,53.8,91.3,76.9,46.6,8.9,59.5,88.5,92.3,29.5,100,46.4,93.7,44.4,100,31.6,NA,NA,13.5,62,32.5,41.1,15.6,11.6,18.7,43.4,51.3,73.4,50.3,75.2,12.8,72.5,95.3,38.6,64.3,73.4,87.8,81.5,53.1,77.8,94,100,77.4,73.8,100,100,42.9,79,73.2,84.9,100,100,85.6,NA,100,80.7,96.9,96.1,65.5,100,29.3,97.9,100,NA
63.906380418647,48.9083456333916,0,22.7,60.7,28.4,26.4,81.3,92.9,49.4,0,86.3,9.2,3,14.9,24.7,10.9,37.2,14.4,94.3,10,0,46.5,26,30.6,63.2,67.5,79.9,40,73.4,69.8,75.2,81.8,84.8,0,0,100,97.5,26.2,94.7,64.5,44.1,1,98.3,77.1,95,29.3,71,52.7,25.3,35.9,24.9,32.5,NA,NA,1.3,6.2,40.6,69.2,92.7,75.6,100,26.9,39.8,82.9,100,23.9,21.9,66.2,91.9,25.2,12.7,0,83.9,67.7,62,80.9,7.3,60.8,94.6,28.4,61.1,13.2,29.3,98.6,43.7,58.8,24.7,10.9,29.9,NA,68.8,26.5,37.9,24.7,0,40.1,45.2,74.5,9.8,NA
65.8253910762172,94.1692447395139,91.2,77.1,85.7,38.4,71.5,99.9,97.3,6.4,100,34.7,54.1,40.6,76.2,91.5,43.6,77.9,15,51.1,100,100,98,2,100,91.8,77.6,0,100,99.8,100,92.1,80.1,73,0,0,0,1.4,100,42.9,95.1,80.8,100,99.1,82.9,91.4,100,90.4,0,68,52.9,35.5,17.3,NA,NA,100,19.4,24,87.5,94.1,75.6,86,35.6,53.6,45.1,72.9,100,7.9,79.3,70.4,20.2,79.1,82.6,75.8,36.4,86.7,76.8,100,63,68.4,24.3,55.3,56.4,65.2,84.2,57.4,91.2,91.5,43.6,65.3,NA,88.8,100,88.9,90,44.4,70.2,0,98.2,100,NA
54.7670583988399,49.2391547803664,49.4,25.6,86.8,5.9,0.3,81.2,39.3,16.8,11.1,80.3,30.8,6.7,34.1,47.9,59.8,51.5,21.5,94.3,70,7.1,26.2,27,75.8,42.6,69.6,38.4,45.8,51.2,59.9,40.3,83.6,41.3,7.7,0,0,62.3,19.2,88.9,62.9,43.6,0.9,100,36.7,99.2,50.5,30.2,0,15.2,0.4,73.4,31.3,NA,NA,1.1,55.7,52.6,94.4,59.4,23.2,94.6,41.6,64.6,82.6,61.4,21.9,26.9,35.6,0,24.1,22.1,41.9,76.2,71.1,3.1,54.2,46,86.7,29.4,24.3,15,22.1,70.2,98.6,94.6,56.6,47.9,59.8,26.3,NA,74.7,38.2,77.1,41.6,48.5,88.9,35.6,50.7,98.6,NA
0,32.3,87.9,0,35.2,7.4,100,94.1,100,0,62.5,77.4,34.3,4.1,25.5,39.8,32.1,12.9,88,40.5,0,62.2,17.7,18,53.5,48.2,71,90.3,42.1,25.8,42.5,79.6,64.2,36.4,39.6,20.9,73.5,51.7,10.1,89.8,0,93.8,0.2,0,57.2,56.9,0,70.3,46.4,0,23.9,0,75.8,NA,NA,0.1,31,86.6,69.1,94.1,67.8,44.2,25.6,29.8,71.1,78.6,3.8,60,45.3,98.7,22.2,80.5,66.7,87.5,88.3,57.2,51.4,71,59.6,0,92.6,19.1,26.5,49.1,0,7.2,61.8,39.8,34.6,54.5,12.9,1.7,48.3,54.3,43.1,39.5,17,7.1,46.1,18.4,NA
65.7,43.3,56.4,80.5,28.7,41.8,0,92.7,99.6,0.4,37.5,93.2,12.1,5.9,7.8,37.3,15,3.4,19.3,40.5,70,31.1,22.4,16,52.7,52.1,67,90.3,66,53.7,76.9,15.3,68.6,66.6,54.7,37.2,0,1.4,8.9,100,64.6,34.8,3.6,43.1,48.9,61.4,82,95.2,46.4,10.4,39.4,25.6,73.3,NA,NA,2,39.4,31.3,92.5,12.2,0,21.1,100,100,73.2,37.1,37.1,0,88.5,91.3,84.8,32.3,66.5,0,58.2,78.6,85.9,47.9,84.3,0,100,0,42.1,53.4,68.8,70.2,62.1,37.3,8.7,11.4,3.4,79.7,23.1,82.7,54.3,23.6,58,6.2,98.6,32.3,NA
81.4,11.5,72.9,26.1,0,99,100,98.5,100,0.1,75,88.9,17.7,18.2,29.2,4.6,34.1,30.5,84.2,40.5,50,100,17.8,20,59.5,62.3,64.2,95.5,90.1,76.8,77.9,40.5,94.6,2.1,51.4,64.7,55.8,69.3,13.5,0,86,73.3,6.8,49.8,42,91.8,15.3,10.3,1.6,23,100,67.1,71.9,NA,NA,4.3,100,84.6,94.4,0,0,11.3,32.4,30.4,80.4,79.3,62.7,17.5,80.7,99.1,8.5,8.9,65.4,75.2,35,65.5,99.9,31.9,8.3,0,91.9,28.9,52.8,47.8,48,3.3,41.4,4.6,29.9,51.5,30.5,0,0,28.8,54.3,62,59.5,81.9,97.9,97.3,NA
100,77.1849100070211,73.5,0,13.1,99,84.5,100,100,0.4,37.5,75.2,34.9,7,50.2,30.1,22.1,28,0,0,50,0,30.3,27,58.4,0,0,100,0,0.9,46.2,100,29.8,100,78.3,0,92.5,23.9,12.2,15,86.5,100,0.3,33.3,96.8,70.4,37.2,28.5,100,0,9.8,32.7,31.6,NA,NA,0.1,59,100,81.9,15.6,30.2,83.8,5.7,10.8,100,46.6,0,70.9,63.7,82.5,100,15.5,67.4,96.9,100,73.8,89.9,0,6.2,94.6,54.2,95.1,56.4,61.5,5.8,3.3,26.6,30.1,34.8,25.1,28,93,1.7,64.1,56.4,56.7,0,7.1,46.1,100,NA
63.9,11.5,52.5,0.8,52.6,0,100,86.2,100,55.5,0,96.3,0.4,7.3,6.3,17.9,3.1,29.4,14.4,40.5,70,39.6,42,23,37.1,39,68.2,95.5,90.9,73.4,87.3,56.8,91.6,100,95.9,39.3,88.9,69.9,19,43.9,74.8,93.8,18.4,96.8,53.5,89.5,60.7,81.6,100,25.3,60.8,13.4,73.3,NA,NA,11.8,13.2,20.1,79.6,0,0,21.1,41.7,34.8,73.2,84.8,61,41.6,82.2,100,52.5,4.5,43.4,91.6,0,61.6,65,19.3,57.7,7.1,91.9,0,34.3,36,76.8,57.5,84.9,17.9,0,26.3,29.4,100,23.1,37.9,33.6,41.5,26.3,0,98.3,100,NA
66.2,6.5,51.6,29.5,71.3,0,0,86.6,99.3,55.5,87.5,91.2,9.4,2.3,17.7,21.4,45,16.9,19.3,97.2,100,97.1,48.9,2,76.3,87.1,94.9,90.3,82.7,78.5,85.5,18.6,65.4,0,54.7,27,35.4,0,28.7,75.4,63.9,48.1,8.7,98.4,53,81.6,57.7,92.9,46.4,36.2,57.2,24.8,32.5,NA,NA,6.5,42.2,30,78.9,92.7,11.6,11.3,58.4,40.8,70.4,65.6,51.2,25.5,87.1,91.8,45.8,16.1,53.3,66.6,57.8,53.1,39.3,36.6,53.6,0,92.2,19.1,41.3,19.9,79.4,12.5,100,21.4,48.7,11.4,16.9,72.5,38.4,68.5,53.6,0,56.5,0,98.3,100,NA
66.5,13.1,34.9,68.1,94.1,1.4,100,99.9,7.6,100,50,0,100,100,100,86,41.1,70.1,88,80.4,80,17.7,44.6,5,71.6,91.8,73.4,100,75,0,92.2,18.6,75.1,97.1,0,30.1,70.3,36,59.3,72.2,66.7,0,23.1,96.8,76.8,73.4,78.9,100,0,21.6,53.6,46.4,0,NA,NA,10.9,14.3,52.4,81.9,64.5,68.3,94.6,3.2,9.6,81.2,50.4,78.2,20.9,83.6,83.2,14.7,100,98.3,31.9,98.7,38.7,68.1,92.7,28.2,100,28.4,0,86.2,4.3,52.9,83.4,68.3,86,36.9,74.9,70.1,0,70.8,69.6,93.8,100,82.1,85.2,98.2,78.3,NA
62,6.5,0,44.7,65.7,7.8,0,99.6,99.3,0,0,68.1,21.8,17.4,35.2,63,60.9,51.5,15,95.9,100,100,82.5,8,74.2,63.3,82.4,100,94.1,78,93.5,0,93.1,100,82.1,66.4,17.3,49.9,36.8,68.2,81.5,73.9,4.8,100,45.4,92.3,64.3,74.8,100,31.1,38.5,27.9,0,NA,NA,5.3,0,39.2,66.5,94.1,68.3,94.6,54.1,50.5,90.9,32.2,53.8,29.9,100,99.1,88.4,45.4,58.6,54.2,35,45,22.4,55.6,26.7,0,100,0,78.8,65.2,68,62.8,100,63,52.1,29.9,51.5,100,59.3,68.5,65.2,65.6,87.7,7.8,97.9,100,NA
64.6,14.2,0,26.1,31.1,0,41.9,90.7,99.6,100,100,68.5,25.8,10.4,38.1,58.6,59.8,67.5,86.6,47.9,100,0,100,7,68.9,92.9,62,100,64.1,56.3,79.8,15.3,93.2,100,79.9,39.3,69.2,97.5,38.8,68.6,70,73.9,4.4,83.3,36.2,72.1,57.5,54.1,52.7,19.7,52.4,19.9,42.1,NA,NA,8.7,55.5,54.6,41.1,92.7,0,18.7,44.1,43.2,69.6,58.2,74.7,16.6,68.8,95.9,50.9,48.4,62.2,70.2,65.7,0,22.9,60.3,82,0,100,19.9,89.7,80.7,52.9,24.8,87.5,58.6,53.9,53.3,67.5,93,62.4,55.3,56.4,59.3,62.6,0,98.2,100,NA
56.8,0,9.6,0.3,0,0,79,89.2,99.3,17,37.5,100,0,0.3,10,2.6,28.5,0,85,16.9,70,100,22.4,26,68.8,66.4,73.1,100,67.9,52.6,79.3,75.2,60.8,100,43.4,32.9,27.4,65.5,0,35.7,80.4,32,2.4,21.9,55.5,65.2,40.2,63.8,0,17.5,66,0,32.5,NA,NA,3.7,51.1,43.5,100,100,0,14.8,76.3,58.5,71.7,63.6,24.1,9.4,82.2,0,36.9,9.4,53.6,93.1,78.6,95.2,79,55.6,30.1,7.1,92.6,95.1,0,46,78.3,0,100,2.6,28.8,23.4,0,0,3,59.4,0,34.3,23.1,7.8,97.9,32.3,NA
64.1,7.1,61.9,25.3,100,0,0,90.3,0,75.2,75,74,26,15.7,31.5,63.4,57.1,55.4,0,95.9,100,2.4,86.1,3,100,81.4,76.2,100,87.2,79.6,94.3,100,56.3,100,91.2,63.4,73.3,55.5,42.3,63.4,74.9,0,21.7,100,32.9,87.6,51.8,63.4,100,60.9,73,46.9,31.6,NA,NA,28.7,46.5,14.9,59.2,72.5,34.9,18.7,23.9,43.4,13.4,61.5,79.9,36.4,43.3,0,7,0,58.8,68.5,83.7,42.8,55.7,92.2,100,0,92.6,19.1,87.3,68.3,98,93.8,91.2,63.4,53.5,53.3,55.4,100,80.7,100,58.1,57.7,85.1,0,46.1,100,NA
65,28.6,34.9,11,26.6,1.4,0,83.2,99.3,100,37.5,61.8,34.5,25.9,36.2,71.4,78.3,68.2,21.5,40.5,20,0,41,13,75.3,61.4,65.6,95.5,76.6,69.8,88.1,100,90.9,100,56.3,38.3,69.9,86.8,30,84.4,83.3,58,2.2,98.4,36.6,90.6,67.1,85.5,25.2,6.8,49.1,90.9,32.5,NA,NA,4.1,38.3,42.8,100,10.1,11.6,14.8,58.4,43.5,80.8,49,60.1,37.8,58.2,94.2,61.4,66.7,82.4,42.8,78.4,54.3,17.5,71.9,94.9,60.3,78.8,19.1,94.4,61.5,80.5,21.5,72,71.4,72.3,53.3,68.2,57.5,72.9,88.9,79,69.9,62.8,7.8,100,98.6,NA
46,8.85638700032742,34.7,80.6,29,1.4,0,93.1,99.6,0,100,65,28.9,24.7,30.5,62.8,82.5,65.8,88,51.1,20,100,60.9,10,66.4,78.1,73.8,0,77.2,72.2,80.9,100,69.3,84.8,61,27.3,37.6,49.5,37.5,84.3,72.6,86.9,6.3,55.6,20.7,89.9,64.6,91.9,0,15.6,35.4,32.1,17.3,NA,NA,5.6,77.8,47.5,94.4,10.1,34.9,58.7,41.3,44.2,98.6,46.1,72,46.7,78.9,97.1,96.5,45.2,59.5,92.2,36.4,56.9,55.9,62.8,86.8,0,91.9,75.1,91.7,77.6,98.6,53.1,73.4,62.8,73.7,67.7,65.8,39,40.4,44.7,51.7,63,76.5,7.8,98.6,100,NA
37.1,0,34.7,0.8,0,1.4,79,96,100,75.2,87.5,89.2,5,6.5,5.9,0,51,28.4,84.2,99.6,100,7.1,31,25,67.2,39.1,70.6,0,86.4,81.3,83.3,99.5,81.7,14.7,54.4,26,100,56,5,20.6,57.3,89.9,9.5,98.3,21.8,91.4,39.1,58,100,14.8,49.4,19.6,64.4,NA,NA,7.4,40.7,61.4,88.7,0,34.9,21.1,80.5,37,89.8,88.4,51.7,13.2,73.9,92.5,27.5,10.9,63.3,77.6,0,34.9,69,45.6,26.8,13.2,87.1,19.1,61.6,41,54.6,7.8,46.9,0,69,18.6,28.4,23,70.9,29,46.9,54.5,15.7,7.8,98.6,98.6,NA
65.5,15.6,0,8.5,31.8,98.4,79,24.4,34.6,0.4,50,90.2,16.9,2,3.2,26.2,35.4,11.3,86.6,40.5,30,90.3,17.7,17,68.8,50.6,64.2,100,77.5,32.5,78.7,100,87.7,100,79.9,47.2,32.2,30,33.3,81.8,87.9,52.8,2.5,98.3,62.9,96.6,58.2,53.8,0.2,33.6,77.8,21.2,36.2,NA,NA,2.3,7.9,26.9,41.1,65,0,21.1,18.9,25.8,91.9,39.6,30,46.2,54.3,95.2,64,27.4,79.4,87.1,0,94.5,45.4,54.8,84.2,6.2,87.1,19.9,42.4,0,22.2,11.5,100,26.2,37.9,54.5,11.3,87.1,53.1,30.2,61.7,25,45,6.2,100,3.8,NA
65.9,31.7430341704318,78,22.9,77.1,2.2,84.5,88.4,100,57.4,50,90,11,10.4,14.7,26.6,0,16.4,100,100,80,2.4,46.6,14,53.6,70,70.1,100,83.7,63.6,86.3,31.5,94,26,70.1,21.9,60.1,34,21.2,66.3,73.2,38.2,20.4,94.2,57.9,87.6,45.4,70.8,52.7,20.6,95.8,44.4,73.3,NA,NA,8.3,59.6,34.2,89.3,15.6,11.6,14.8,12.1,19.7,74.1,83.9,57.4,34,69.3,68.4,18.5,29.8,67.9,30.5,93.2,75.8,87.8,41.3,52,0,91.9,83.5,22.1,11.2,100,38.7,74.7,26.6,21.7,49.7,16.4,0,59,100,53.1,26.4,45.8,0,46.1,9.8,NA
63.2,8.6,60,6.8,0,0,85.1,85,100,100,0,96.5,12.9,0,0,11.1,43.9,37,100,95.9,80,2.4,8.6,15,75,56.9,100,90.3,15,55.6,65.3,0,65.8,0,34.6,16.3,45.3,62.2,16,81.9,59.1,56.1,1.2,96.8,56.5,74.5,66.6,0,46.4,2.3,28.7,61,56.4,NA,NA,1.7,32.4,18.2,92,99.5,34.9,18.7,69.5,17.2,69.2,48.5,25.7,8.1,77,84.2,31.8,17.8,35,63.1,62.4,100,0,65.3,33.1,6.2,92.6,15,62.5,19.9,100,0,100,11.1,51.1,8.4,37,0,33,100,33.3,42.5,65.4,7.8,98.2,3.8,NA
64.6,59.5045809338531,18.6,44.6,100,29.4,0,97.8,100,75.2,37.5,56.3,43.3,26.8,49.2,82.4,80,77.7,0,95.9,100,2.4,92.4,6,85.3,86.5,61.2,90.3,99.9,99.4,95.3,100,89.6,100,94.8,56,72,79.7,50.3,39.2,100,48.1,13.4,98.4,47.8,90.3,66.9,100,1.6,66.1,47.2,76.6,32.5,NA,NA,20.1,44.1,20.2,66.5,12.2,0,18.7,24.5,46.8,80.4,34.2,70.6,27.2,65.9,98.3,64.1,55.4,100,64.7,62.4,9.4,65.3,71.9,87.3,94.9,92.6,0,90.7,70.8,50.5,83.4,86.9,82.4,76.4,100,77.7,100,76.1,61.6,88.8,34.9,92.4,100,98.3,100,NA
65,18.2,93.9,54.3,100,44.9,100,99.9,100,57.4,50,42.1,56.4,43.3,72.5,68.5,21,46.6,21.5,47.9,50,1,85.5,11,56.8,71.7,63.8,11.9,90.2,87.5,93.6,0,88.2,96.6,57.1,64.3,83.2,35.6,45.2,49,59.6,18.3,24.9,75.6,0,87.6,57.8,100,0,49.5,72.8,52.5,0,NA,NA,33.4,23.6,13.7,87.5,100,96.2,94.6,0,0,0,23.4,93.8,45.2,75.7,84.3,64.8,16.5,67,61.7,48,87.6,84.2,57.8,37.7,60.2,24.3,100,62.1,28,71.7,63.4,79.8,68.5,18.3,62.3,46.6,27.1,41.9,52.9,52.9,58.5,7.3,6.2,36.3,100,NA
65.9,14.2,16.6,11.8,0,10.5,100,0,99.6,0.4,50,83.1,29,4.6,26.1,45.9,35.3,36.1,19.3,0,80,2.4,89.7,21,67.9,43.2,81.8,100,67.7,51.2,79,15.3,70.3,100,54.7,21.9,7,90.9,24.4,88.1,56,72.7,3.5,98.4,73.7,100,50.8,51,1.6,64.2,43.4,56.4,0,NA,NA,2.4,15.8,37.6,69.1,65.3,68.3,76.6,4,8.2,74.8,74.6,34.6,19.3,0,0,0,18.2,77.9,72.2,48,77,49.7,46.5,43.9,7.1,87.1,46.2,65.5,9.9,48,43.7,84.9,45.9,29.3,23.4,36.1,78.6,59,48.2,62.6,19.5,53.4,7.8,74.5,100,NA
22.4,8.6,0,1.2,0,0,0,91.9,99.3,0.4,62.5,78.4,9.9,8.5,16.6,38.3,76,50.8,15,100,0,7.1,40,12,58.6,65.6,33.7,0,60.8,30.5,73,100,75.1,100,47.3,40.5,72.8,47.5,18.7,79.2,61.8,79.5,0.9,1.7,84.8,65.9,43.7,78,100,5.3,19.1,94.8,17.3,NA,NA,1.4,41.4,46.8,92,15.6,30.2,75.1,12.2,35.2,92.9,28.1,37.7,40.3,80.1,92.1,71,57.7,93.7,87.4,0,56.9,6.3,62.7,0,100,81.6,15,77.4,95,22.2,52,71.9,38.3,68.7,49.7,50.8,23,40.1,61.6,67.9,65.4,68.6,6.2,50.7,97.3,NA
81.2,28.4,60,39.4,56.7,100,100,98.9,99.1,0.4,0,74.6,38.1,13.5,54.9,36.6,54.5,34.1,86.6,16.9,0,100,40,24,0,43.3,36.9,90.3,34.1,11.2,0,100,0,26,39.6,17.8,61.7,100,10.3,71.1,73.5,100,0,96.8,100,0,66.5,78.2,0.5,8.6,0,43.9,71.9,NA,NA,0,82.4,98,100,15.6,0,0,6.3,21.5,91.9,0,4.1,100,81.8,80.7,63.4,33.9,83.5,74.3,1.4,64.2,51.7,39.7,51.8,6.2,45.6,19.1,54.9,21.1,61.2,0,36.9,36.6,25.2,49.7,34.1,44.7,23.4,0,87.9,84.8,6.3,100,92.6,3.8,NA
65.5,9.6,34,0,86.5,44.9,0,96.5,34.6,57.4,37.5,52,35.5,26.8,50.7,85.6,77.2,74.3,19.3,97.2,30,7.1,67.6,9,78,73.5,76.6,0,96.3,100,98.6,51.5,84.4,100,100,69.6,63.7,40.1,51.5,52.3,65.6,0,12,99.1,27.3,77.1,51.9,85.9,100,100,75.4,100,31.6,NA,NA,20.3,34.3,0,72.7,100,0,44.2,0.2,39,7.4,84.5,78.6,25.8,61.9,0,23.6,9.6,64.6,90,36.4,80.7,100,82.5,68.5,94.6,100,21.3,100,70.2,83.9,100,89.9,85.6,78.4,62.3,74.3,100,85.8,78.5,100,55.8,74.4,0,87.8,97.3,NA
64.5,63.0577563672242,55.1,0.3,98.7,0,100,98.1,0,100,37.5,51,39.7,26.1,51.9,100,100,100,84.2,94.3,100,1,80.7,4,72.8,89.4,92.6,90.3,86.6,86.1,96,0,94.8,100,88.7,46.5,62.8,97.1,53.7,73.1,86,36.9,10.1,99.8,72.8,85.4,49.4,100,26.5,70,68.7,93.8,71.9,NA,NA,13.8,87.2,35.8,0,97.3,23.2,0,30,37.4,66.4,55.9,74.2,25,61.5,99.8,38.6,51.4,81.2,83.6,93.2,39.8,60.4,95,99.4,57.5,55.8,46.2,96.1,100,100,44.6,73.6,100,100,67.7,100,65.3,84.3,96.9,92.4,68.2,100,0,97.9,83.8,NA
63.9,8.6,91.2,40.4,55.5,0,0,86.3,99.3,75.2,0,87.7,6.6,3.9,5.6,21.6,14.2,13.5,0,79.4,20,91.4,24.4,22,89,43.3,73.7,95.5,36.5,41.1,72.3,18.6,85.8,0,58.2,44.1,75.2,35.6,20.9,79.4,69,17.9,1.4,96.8,66.2,90.3,39.7,80.4,52.7,31.4,76.6,24.5,31.6,NA,NA,1.3,5.4,44.2,94.4,94.1,62.4,32.9,18.5,14.7,77.1,100,22.9,43.7,60.4,90.3,21.6,22.4,0,73.4,100,71.5,69.8,43.4,65,0,100,19.1,55,11.2,84.2,30,79.1,21.6,10.9,9,13.5,47.9,26.3,85.1,41.7,4.6,62.1,0,46.1,100,NA
65.8,24,88.6,43.1,89.3,2.2,0,100,99.3,55.5,87.5,42.6,55.9,40.9,71.3,88.9,45,58.5,19.3,16.9,100,97.1,95.9,1,93.3,100,76,32,100,97.6,100,99.5,63.3,100,71.7,100,92.8,58.7,100,31.1,97.7,58.6,100,98.4,66.4,87.7,100,92.9,0.5,73.8,78.7,37.5,0,NA,NA,100,25.3,26.8,40,75.8,68.7,56.5,23.1,50,32.8,86.5,100,28.8,89.7,67.9,31.5,68.1,88.2,72.3,49.5,96,63.1,100,57.9,94.6,87.1,28.9,85.3,32.3,65.3,39.2,88.6,88.9,43.6,67.7,58.5,97.4,100,88.7,96.2,69.2,65.3,0,98.3,100,NA
54.8,29,9.6,0.8,75.2,0,100,93.1,99.1,75.2,0,75.7,32.4,8.9,33.2,47.7,45.3,46.4,21.5,40.5,100,0,25.8,19,65.2,87.3,39.2,100,46.3,1.7,63.3,84.5,100,80.7,60.7,43.9,86.9,22.6,14.6,79.7,67.3,67.5,0.5,62.6,35,97,58,44.7,0,9.5,16.2,71.3,71.9,NA,NA,1.1,64,57.4,93.4,59.4,0,21.1,28.6,21.3,81.6,63.6,22.6,27,46.1,71.2,32.1,22.4,57,100,16.5,19.3,21,64.3,93.9,0,91.9,64.8,74.1,41.6,100,83.9,67,47.7,59.8,74.9,46.4,48.2,76.3,70.7,31.4,62.3,92.5,0,92.6,100,NA
33.2,18.2,94.8,0,13.1,100,0,83.6,93.3,0,62.5,77.7,33.8,4.7,24.1,41.3,31.5,9.7,19.3,97.2,0,1,17.7,26,72.4,16.4,26.4,100,43.5,28.2,41.9,100,62,66.6,0,33.4,42.8,82.3,21.3,85.9,0,73.6,0.1,0,64.3,59.1,5.9,44.7,0.5,15.7,14.7,0,73.3,NA,NA,0,18.5,85.2,78.9,65.3,66,54.2,36,19.3,75,65.7,10,58.9,59.1,76.1,29.4,37.9,60.7,79.8,69.4,53.1,50,52.2,62.1,0,24.3,31.2,8.6,72.5,22.2,39.2,54,NA,31,62.3,NA,27.1,41,9,54.8,43.1,28.6,7.8,97.5,3.8,"68 presentes"
99.2,13.1,100,80.3,100,92.6,0,52.2,92.3,0.4,37.5,94.7,4.7,6.6,6.6,44.8,36.8,2,42.5,62.1,50,84.1,39.7,26,75.9,45.7,65.3,100,78.5,61.4,78.5,19.8,32.8,36.4,12.9,36.2,83.4,22.6,11.4,73.3,74.1,25.8,3.1,88.9,48.7,63.8,82.6,71,46.4,10.1,71.2,33.2,0,NA,NA,2,43.8,29.7,81.8,72.5,39.5,83.8,100,100,64.5,11.9,31.8,16.1,69.5,74.8,29.3,28.2,77.9,15.4,96.8,45,87.5,30,87.2,0,80.6,46.2,40.9,68.7,49.2,30,84.9,NA,42.4,9,NA,80.1,0,100,68.3,30.1,90.9,0,96.3,100,"31,31% ausentes"
81.3749957742433,11.5,44.4,11,86.6,44.9,100,95.8,68.9,75.2,100,86.8,22,18.9,37.4,11.5,40.7,26.7,21.5,79.4,50,7.1,0,1,53.4,38.3,22.1,90.3,86.1,81.8,79.5,99.5,53.4,66.6,24.6,23.7,55.1,77.4,17.7,32.2,75.3,52.8,5.6,33.3,42.5,95.3,0,10.3,52.7,9.9,100,58.3,71.9,NA,NA,4.3,64.5,84.9,100,12.2,11.6,11.3,30.9,20.3,78.6,66.6,65,43.8,93.2,95.6,17.5,6.5,57,90.4,36.4,50.8,96.8,27.8,36.3,6.2,92.6,37.2,44.2,54.9,52.3,38.3,28.2,NA,29.3,28.7,NA,9.1,0,0,70.2,60,75.6,7.1,94.1,100,NA
94.5,35.2,91.2,0,13.1,98.4,84.5,100,94.5,0,37.5,77.8,30,3.3,40.8,36.1,26.2,17.6,25.9,80.4,50,73.1,9.5,1,72.4,0,0,90.3,0,1.8,48.7,100,0,36.4,68.5,0,3.1,98.5,28.6,0,89.2,80.7,0.3,77.8,100,73.2,46.7,20.2,100,0,30.7,31.4,31.3,NA,NA,0.1,39.6,100,88.7,59.4,49.5,18.7,26.4,3.2,72.2,24.2,0,100,60.5,80.8,99.6,14.3,60.1,91.6,98.7,61.6,85,0,0,6.2,28.4,0,46.3,42.9,2.8,3.8,39.2,NA,34.5,9,NA,88.7,1.7,58.1,65.2,53,0,34.4,100,100,NA
32.6,8.6,55.1,9.4,90.1,43.3,77.6,60.5,68.1,75.2,0,97.6,1.3,4.6,0.8,23.4,0,27.4,14.4,40.5,100,2.4,39.9,1,55.2,19.5,64.5,100,93.1,74.9,88.3,18.6,76.1,100,83.3,41.8,72.7,31.9,21.9,41.2,53.8,79.2,16.6,72.2,46.8,93,52.8,46.9,100,15.9,45.6,13.1,31.3,NA,NA,12.1,9.5,18.8,87.5,10.1,44.9,79.4,91.1,23.2,75.6,73.6,58.2,52.1,85.3,99.7,60.4,3.1,31.3,92.5,66,35.5,72.6,8.2,68.5,0,81.6,77.5,24.9,57.1,73.9,54.9,79.8,NA,0,11.4,NA,100,19,30.2,41.5,44.4,55.5,7.8,94.8,90,NA
0,0,18.6,42.3,31.1,2.2,0,71.2,95.6,0,87.5,95,9.6,1.8,17.4,24.6,52,16.4,49.3,51.1,50,91.4,45.9,26,72.4,76.6,75.2,1.9,82.9,77.2,84.3,18.6,51.8,57.7,41.3,45.8,31.6,2.6,27.4,82,52.5,36.9,9.9,72.2,44,90.3,44.2,100,100,24,53.4,27.2,32.5,NA,NA,6.4,23.8,28.9,91.5,65,48.5,57.9,52.6,45.7,73.9,73.9,44.4,59.7,87.4,86.4,50.3,15.5,53.7,67.3,62.5,3.6,57.2,35.7,77.9,75.8,92.2,72.8,33.4,43.4,71.8,46.1,96.9,NA,51.9,26.3,NA,100,39.3,82.8,62.1,0,95.7,0,74.5,94.4,NA
54.7670583988399,100,57.6,100,35.2,1.4,27.3,100,74.5,100,50,0,100,100,100,89.6,35.5,81.9,70.3,65.3,30,0,91,1,72.4,79.3,61.1,100,75.9,0,92.3,72.5,89.6,73,58.9,25.1,100,79.2,66,72.1,71.1,0,21.3,100,72.5,86.4,69.5,90.9,100,17.9,36.3,44.8,31.6,NA,NA,10.4,28.8,50.6,92,0,30.2,14.8,0,0,77.3,53.3,80.9,40,69.7,68.5,0,100,98,41.6,100,73.5,71.5,93.2,43.6,100,87,98,93.8,24.2,98.2,95.3,56,NA,51.1,100,NA,100,100,96.9,91,100,89.6,85.2,98.3,89.5,NA
65.1,6.5,27.6,72.5,94.1,98.4,0,97.4,100,0.4,100,64.8,27.1,20.8,33.7,65,65,67.8,48.8,88.9,50,0,84.1,26,55.2,40.2,73.9,59.3,93.2,82.1,93.9,92.1,48.9,100,56.6,61,3.9,64.5,40.9,74.4,82.5,38.6,4.8,100,58,98.2,57.6,63.8,100,30.4,52.9,20.3,17.3,NA,NA,5.3,0,39.7,88.4,15.6,35.7,76.6,75.9,74.7,90.9,35.4,65.2,45.5,100,98.2,100,45.7,54.4,70.1,0,0,66,50.5,48.7,7.1,68.6,83.8,79.4,60.4,76.5,79.6,93,NA,53.5,54.5,NA,100,36.2,48.2,74.2,76.2,58.8,7.1,46.1,86.8,NA
81.3749957742433,8.6,0,41,71.3,0,0,79.2,47.1,55.5,100,67.3,26.7,11.7,38.1,65.4,71.9,71.1,100,88.6,100,0,56.8,27,55.2,73,47.5,100,66.9,61.2,80.5,99.5,26.5,100,97.9,36.1,59.8,56.6,40.5,77,83.2,86.9,5.2,100,41.2,80,61.2,66.9,0,12.5,43,19.2,31.6,NA,NA,9,65.5,54.7,41.1,97.3,100,61,4.8,11.2,74.5,53.3,78.5,76,77.4,96.8,59.7,38.7,59.6,67.8,49.5,42.2,0,60.1,89.4,7.1,61.9,76.4,93.3,80.2,83,57.8,58.8,NA,75,54.5,NA,48.7,62.5,85.1,60.8,67.1,62,7.1,94.3,32.3,NA
65.8,0,36.8,45.3,94.1,100,85.1,78.7,34.6,0.4,37.5,100,4.5,0,9,7.4,43.6,0,53.7,61.1,100,100,14.4,2,82.8,42.6,70.1,100,74.6,54.2,80.7,78.9,51.8,2.1,12.2,20.1,0,31.9,0,32.4,71.9,37.8,2.5,83.3,71.4,73.5,23.9,100,46.4,14.4,47,0,31.6,NA,NA,3.9,43.3,42,75.6,84.5,55.9,86,50.1,36.9,74.4,55.2,32.6,60.2,91.4,61.5,46.1,7.9,48.4,96.5,39.2,53.3,86.2,53.5,56.3,0,80.3,50.1,0,50,52.9,11.5,52.3,NA,42.5,0,NA,97.4,45.3,48.9,0,32.4,44.9,98.1,94.9,78.3,NA
63.2,0,91.2,80.6,90.1,24.4,0,79.4,85.9,100,87.5,75.4,18.7,16.4,29.2,67.7,71.4,65.7,84.2,81.9,100,97.1,100,27,93.1,75.4,65.9,95.5,86.6,80.5,94.9,99.5,26.5,100,84.7,71.7,84.1,41.4,43.4,55.4,81,39.4,22.6,88.9,60.3,90.7,43.7,100,1.6,61.1,64.6,46.9,0,NA,NA,28.8,39.3,14.2,72.7,83.2,50.8,75.1,29.1,41.1,18.9,0,74.4,59.5,39.8,73.7,33.3,0,48.8,72.6,27,67.5,65.8,90.1,98.9,0,91.9,97,89,79.1,81.3,83.9,90,NA,76.4,53.3,NA,76.4,56.6,100,69.4,66.8,91.7,85.2,84.1,9.8,NA
65.9,100,9.6,40.4,94.1,44.9,84.5,68.3,7.6,0.4,37.5,54.9,36.7,34.2,42.6,78.9,90.2,73.2,84.2,94.3,20,0,49.6,2,75.9,41.8,66.9,1,76.7,73.1,89.7,99.5,100,48.2,45.8,17.6,45.8,59.5,35.6,82.1,96.5,23.9,2.4,94.4,30.1,94.6,66,78,0.2,19.7,50.1,97.9,71.9,NA,NA,4.6,59.1,43.3,40,100,68.3,32.9,97.7,72.5,79.2,54.4,65.5,40.3,65,95.5,52.8,66.3,77.8,53.2,67.7,35.5,36,75.6,95.1,94.6,34.5,79,91.1,68.7,83.6,52,41.4,NA,95.3,53.3,NA,81.5,59.9,67.5,87.7,79.5,89.3,98.1,36.3,18.4,NA
81.2,59,23.9,100,94.1,99,0,83.1,46.1,0.4,100,56.5,16.1,43.7,25.2,71.5,96.3,67.3,67.6,95.9,70,100,41,27,37.9,77.7,62.4,100,82.8,79.3,83.8,100,56.3,88.9,48.5,29.2,50.7,100,40.9,56.6,78.2,100,6.5,88.9,31.3,96.5,50.9,95.2,1.6,4.2,32.8,23.3,64.4,NA,NA,7.1,100,47.2,0,88.4,96.2,21.6,65,93.5,100,34.8,74.8,54.3,87,97,98.6,35.9,50.3,90.6,66,8,57.6,50.5,95.1,0,62.2,75.1,91.4,88.5,71.7,25.6,57.2,NA,91.8,65.3,NA,100,36.2,61.7,74.4,73.2,91.6,7.1,95.9,82.5,NA
33.2,11.5,27.6,7.1,18.7,99,85.1,91.2,81,0.4,100,89.7,0,12.2,0,0,50.5,39.1,86.6,56.9,100,7.1,16.3,1,58.6,21.5,35.2,90.3,92.2,80.8,82,100,67.9,0,24.2,21.9,21.8,41,6.4,39.7,46.6,93.8,8.7,50,24.3,98.4,29.5,0,100,9.2,49.5,15.8,55.1,NA,NA,8.2,9.5,60.2,92.5,80.4,23.2,80,82.5,46.2,89.4,81.4,53,48,79.5,90.4,57.6,9.1,56.7,87,9.9,61.7,67.9,32.4,54.9,0,57.7,19.9,38.7,41.8,5,4.8,62.1,NA,46.8,11.4,NA,93,38.4,0,58.8,55.2,27.4,6.2,98.2,80.1,NA
93.1,34.5,23.9,80.3,29,100,0,28.6,95.1,0,50,89.9,13.1,0.7,0.7,28,30.3,7.3,33.2,47.9,20,100,49.3,27,44.8,34.4,54.7,95.5,77.5,0.9,79.7,100,100,100,48.4,59.7,67,63.8,21,90.7,88.7,93.8,2,88.9,76.9,99.9,58.9,100,100,18.9,63.4,27.5,32.5,NA,NA,2.2,1.9,25.5,73.3,78,61.2,76.4,28.7,32,91.8,38.3,37.1,73.8,62.1,97,67,26.1,77.6,73.3,16.5,62.2,59.6,58.1,88.8,0,100,70.7,28.1,0,49.3,42,100,NA,43,54.5,NA,97.4,76.3,96.9,65.4,33.7,56,7.1,97.9,98.6,NA
81.2160323802459,51.1,74.9,0.8,55.5,10.5,0,85.2,93.8,57.4,50,93.3,15.4,4.5,19.9,29.7,10.5,18.5,15,59,100,0,54.1,1,41.4,34.4,55.5,100,83.4,58.5,84.1,19.8,53.4,84.8,50.9,28.6,94.7,0,23.8,77.5,65,56.2,16.6,83.3,59.7,93.4,49.4,0,100,16.8,77.1,40.4,71.9,NA,NA,7.5,22.4,33.2,89.3,64.5,42.1,56.5,30.5,20.7,73.3,100,55.2,44.9,66.1,72.2,14.8,30.1,50.4,0,100,53.4,87,30.3,63.9,99.9,83.9,65.5,26,53.8,58.1,62.3,64.3,NA,37.9,11.4,NA,95.3,56.3,100,57.1,20.1,62.9,7.8,87.8,96.6,NA
64.5071387991392,26.9,46.9,8.1,59.4,1.4,0,56.6,58.8,57.4,75,91.7,24.5,4.3,3.3,17.6,45.9,31.8,88,0,50,2.4,35.5,1,87.9,29.7,69.3,100,24.4,51.7,67.7,15.3,100,100,7.7,33.4,45.5,54.1,11,65.3,50,70,1.6,55.6,62,77.4,49.4,0,0.5,2.3,27.1,59.6,32.5,NA,NA,1.8,31.3,16.6,93.4,76.5,56.5,100,89.8,71.4,66.3,67.8,30.2,0,80.8,78.8,22.8,12.6,32.7,71.9,85.4,66.3,33.7,60.6,59.5,6.2,75.9,78.3,32.2,13.7,67.4,0,58.6,NA,65.6,11.4,NA,80.8,56.6,91.6,59.6,49.5,93.1,77.4,97.9,0,NA
32.6,34.4,39.1,52.3,63.2,26.5,100,97.6,99.1,57.4,50,56.1,35.5,28,44,84.9,83,72.6,64.3,88.9,100,7.1,76,27,55.2,76.6,76.8,100,100,100,95.5,15.3,0,100,83.3,61.7,26.2,95.3,48.4,48.3,90.6,45.8,17.1,94.4,68.4,90.7,63,100,100,68,42.6,79.3,31.3,NA,NA,19.6,23.7,19.9,59.2,92.7,0,68.1,9.4,26.1,84.3,15.9,77.2,61.8,76.8,100,70.6,50.7,100,33,39.2,26.5,75.7,66.2,90.7,100,55.8,89.9,91.6,76.4,85.5,73.6,96.9,NA,65.1,53.3,NA,97.4,47.2,27.5,91.9,46.7,90.1,85.2,92.6,97,NA
94.5,49.6,91.2,1.2,94.1,28.4,0,99.3,98.4,100,50,45.1,53.2,40.5,75.6,69.7,22.5,49.2,0,78.8,30,0,86.1,1,46.6,71.1,78.9,95.5,84.6,84.7,95.5,0,0,100,64,65.5,86.9,52.2,55,55.1,66,70,26.9,94.4,0,91.9,58.9,46.4,100,40,63.9,48,17.3,NA,NA,31.5,36.5,14.2,94.4,63,34.9,21.1,14.5,10.1,13.8,37.5,97.8,60,57.1,91.2,43.3,17,58.7,68.9,49.5,42.8,86.9,53.7,55.1,29.4,78.8,77.7,74.2,39,81.8,93.9,100,NA,28,53.3,NA,97.4,32.9,79,63.5,50.6,8.2,7.8,97.1,97.3,NA
89.3,6.5,47.5,8.7,0,2.2,0,0,90.1,0,50,85.7,20.1,6.7,23.2,47.6,32.5,18.2,57.8,53.9,30,97.1,58.3,26,100,27.3,69.6,95.5,61.6,44.5,78.8,31.5,26.5,100,21.8,12.6,42.9,94,27.8,100,52.6,81.5,3.1,94.4,68.5,100,51.7,100,100,31.5,40.5,62.6,32.5,NA,NA,2.3,2.7,35.8,81.9,74.4,53.6,70.8,7.8,8.6,74.7,69.3,36.9,47.5,0,0,11.3,6.1,75.2,74.3,88,47.8,51.6,32.9,64.1,0,87.1,76.2,42.9,38.5,86.4,23.5,84.9,NA,37.9,21.6,NA,100,53.1,75.6,64.8,21.3,61.7,6.2,95,83.8,NA
11.8,8.6,11.6,1.2,0,28.4,100,83.2,74.3,0,75,74.7,17.7,13.3,13.9,36.4,90.6,60.1,69.5,100,20,90.3,27.1,1,46.6,73,24.3,95.5,78.9,40.8,73.8,100,75.2,100,33,41.1,50.3,21.1,34.9,63.6,47.6,100,1.2,72.2,95.5,68.5,51.8,8.3,0,10,30,91.8,31.3,NA,NA,1.5,23.3,46.1,39.3,89.9,75.6,57.3,29.7,31.8,86.9,38.4,44.9,60.1,73.5,90.9,62,46.1,93.6,83.1,1.4,96,33.4,38.6,15.1,0,49,21.3,74.5,95.1,0,7.2,68.8,NA,100,65.3,NA,81,21.2,66.8,75,68.8,83.6,7.8,95.7,68.6,NA
54.7670583988399,100,52.5,100,100,99,79,97.9,86.1,0.4,0,74.4,24.6,16.2,54,39.9,80.3,29,85,91.7,0,100,40,2,0,59.8,31.2,0,21.2,14.2,0,100,100,14.7,0,18.3,49.8,83.7,20.6,82.1,46.3,99.5,0,72.2,97.6,0,55.4,100,0,0,0,41.9,73.3,NA,NA,0,78.2,90.3,79.6,89.6,41.4,0,8.1,23.2,88,29.7,7.7,66.7,62.6,58.2,19,44.7,83.4,70.6,27,87.6,69.9,47.6,80.1,60.2,0,91.3,42.1,65.4,79.4,49.5,26.7,NA,82.5,74.9,NA,39,21.2,9,91.3,91.1,15.4,100,0,49.9,NA
93.5,8.6,100,78,100,98.4,0,90.6,99.1,0.1,100,52.8,29,28.4,46.5,84,80.7,83.6,63.5,86.4,70,90.3,81.3,26,100,44.9,77.6,100,97.9,99.6,98.5,100,80.1,100,100,77.9,65.9,78.1,51.7,59.7,83.7,0,12.9,94.4,52.6,81.7,59.5,100,0,100,71.2,100,32.5,NA,NA,19.5,10.4,0,69.1,94.1,62.4,85.2,5.8,13.6,0,73.7,81.8,54.5,36.5,0,17,7,65.2,82.6,62.4,81.4,100,73,81.6,0,66.1,83.5,96.5,77.5,84.5,70.2,89.9,NA,88.7,100,NA,100,56.1,100,100,59.1,74.9,98.1,89.8,76,NA
0,0,46.7,1.2,50.4,44.9,84.5,94.4,99.3,100,0,51.7,36.3,32.6,47.2,100,100,100,75.7,99.6,80,0,90.6,26,63.8,61.7,95.2,100,87.3,83,96,100,48.9,100,69.5,50.9,79.2,78.2,50.8,76.7,79.2,81.3,10.4,94.4,83.6,91,56.1,100,0.5,78.3,62.2,83.2,17.3,NA,NA,14.1,54.1,35.9,69.2,82.9,68.7,94.6,60.9,58.9,70.1,69,80.3,48.7,61.5,95.6,48.7,52.3,77.2,91.1,93.2,52.6,71.6,98.5,100,100,54.2,86.2,100,100,72.7,57.4,88.6,NA,90.9,74.9,NA,65,80.7,61.7,98.8,85.4,97.6,6.2,96.6,85.8,NA
67.6,40.7,94.8,45.9,71.3,0,0,34.8,93.8,75.2,0,91.5,7.6,4.3,5.9,27.3,21.2,28,49,16.9,70,97.1,48.8,2,81,30.5,63.5,100,42.1,46.5,73.8,100,100,2.1,16.4,11.5,91.7,38.6,24.1,72.1,81.3,73.3,1.2,72.2,68.5,94.1,53.4,85.9,100,20.3,40.8,23.8,0,NA,NA,1.2,54.4,43,82.8,79.7,50.8,58.7,33.7,19.3,75,96.1,28.1,44.2,58.7,81.6,20.2,19.1,0,77.2,93.2,50.2,61.1,37.5,74.9,30.6,73.8,61.1,37.7,26.4,79,43.7,64.2,NA,17.2,8.4,NA,100,32.1,100,52.9,5.3,72.6,85.2,50.7,90.6,NA
22.4,23.1,93.9,82.9,100,44.9,85.1,99.9,99.6,100,100,44.3,53.5,43,71.4,88.3,54.9,77.9,51.2,80.9,50,1,96.9,27,87.9,100,100,95.5,99.8,99.9,100,100,50.5,100,75.2,100,55.8,72.6,100,72.7,100,74.2,100,100,70,93.5,100,100,100,65.4,74.3,35.8,31.3,NA,NA,100,34.1,26.9,83,75.8,44.2,54.6,29.3,41.1,37.8,84.2,100,64.2,91.4,72,36.3,55,84.1,79.9,3.7,36.3,71.6,100,64.7,0,85.4,100,93.7,57.1,100,100,100,NA,43.6,74.9,NA,100,100,100,97.7,86.7,60.7,0,98.6,94.5,NA
63.2,25.7,9.6,16.2,52.6,1.4,100,82.6,0,75.2,0,75,28.5,10.4,36.3,52.4,78.3,68.1,73.8,84,40,7.1,29,26,51.7,72.7,59.2,0,40,14.3,66.2,31.5,92.5,0,29.1,51.7,39.4,64.4,21.7,52.4,64,81.5,0.7,77.8,41.8,98.8,48.5,100,100,3,20.4,51.8,32.5,NA,NA,1.2,61,56.2,66.5,99.5,67.8,44.2,42.4,37.1,85.7,56,31.8,50.3,56.8,79.2,46.8,13.1,56.2,100,60.3,0,43.2,47.6,92.5,94.6,45.6,49.7,78.2,42.9,76,29,61.3,NA,78.4,49.7,NA,87.1,85.8,91.5,68.1,72.9,100,0,95.7,91.9,NA
