Estado;Ano;AS_EM;AS_LC;AS_LX;AS_TE;AS_PA;AS_RL;AS_CS;AS_DM;AS_VD;AS_RD;AS_TR;CH_CM;CH_PA;CH_PT;CH_QT;CH_FM;CH_IE;CH_IJ;CH_DL;CH_SB;ED_AE;ED_E1;ED_E2;ED_IO;ED_UF;ED_UM;ED_CI;EP_EJ;EP_EP;EP_JP;EP_LP;EP_IT;EP_QI;EP_PJ;EP_SG;EP_PS;EP_EG;EP_GE;IF_AT_FI;IF_QT;IF_CR;IF_CS;IF_DV;IF_EL_FI;IF_I1;IF_I2
Acre;2017;46,2;44,2;72;9,4;31,1;34,91975309;38,63518519;81,42962963;72,8;21,01666667;46,73333333;81,8;20,3;12,9;14,6;17;52,4;7,8;44,61851852;69,85740741;100;65;0;12;0;48,1;29,4;65,5;61,8;28,7;51;60,65493827;68,93148148;52,01481481;53,59444444;44,07592593;52,0537037;58,04814815;17,9;29,9;0;100;0,4;0;31,5;60,7
Alagoas;2017;62,7;37,5;44,8;16,5;62,1;34,91975309;38,63518519;81,42962963;72,8;21,01666667;46,73333333;97;14,5;10,1;3,2;39,2;25,7;0;44,61851852;69,85740741;100;31,1;20,3;21;45,5;20,6;53,3;11,9;81,3;63,9;81,3;60,65493827;68,93148148;52,01481481;53,59444444;44,07592593;52,0537037;58,04814815;13,3;87,8;68,8;37,3;2,6;92,4;53;65,5
Amazonas;2017;82,1;6,1;63,9;39,4;13,1;34,91975309;38,63518519;81,42962963;72,8;21,01666667;46,73333333;79,3;25,1;21,8;37,1;12,8;42,4;25,9;44,61851852;69,85740741;80;41,8;4,6;16;12,1;42,6;12;0;93,5;83,3;82,5;60,65493827;68,93148148;52,01481481;53,59444444;44,07592593;52,0537037;58,04814815;11,9;25,9;67,4;40,7;4,5;59,5;43,6;97,8
Amapá;2017;93;60;64,8;5,6;18,7;34,91975309;38,63518519;81,42962963;72,8;21,01666667;46,73333333;62,1;36,3;12,7;52,3;18;0;5,4;44,61851852;69,85740741;0;0;7,2;24;3;28,2;0;77,6;43,1;7;46,7;60,65493827;68,93148148;52,01481481;53,59444444;44,07592593;52,0537037;58,04814815;14;21;43,3;92;0,6;88;81,3;75
Bahia;2017;57,3;32,5;36,8;52,3;78,8;34,91975309;38,63518519;81,42962963;72,8;21,01666667;46,73333333;92,5;8,9;6,9;14,3;24;29,9;30,3;44,61851852;69,85740741;0;7,1;39,2;25;45,5;15,1;67,3;33,5;92,9;72,7;88,3;60,65493827;68,93148148;52,01481481;53,59444444;44,07592593;52,0537037;58,04814815;16,4;72,6;79;58;16,2;74,9;58,1;81
Ceará;2017;60,9;45,2;44,4;35,1;60,9;34,91975309;38,63518519;81,42962963;72,8;21,01666667;46,73333333;95,1;14,6;5,2;23,7;23,1;61,9;22,9;44,61851852;69,85740741;100;84,2;49,6;6;63,6;55,3;80;17,5;87,8;80,7;86,2;60,65493827;68,93148148;52,01481481;53,59444444;44,07592593;52,0537037;58,04814815;25,7;84,8;60,5;79,5;8,9;95,6;33,3;97,8
Distrito Federal;2017;64,7;100;68,4;100;84,9;34,91975309;38,63518519;81,42962963;72,8;21,01666667;46,73333333;0;100;100;100;82,7;44,1;98,2;44,61851852;69,85740741;0;82,8;89,5;4;57,6;61,2;38;67,5;85,9;0;90,9;60,65493827;68,93148148;52,01481481;53,59444444;44,07592593;52,0537037;58,04814815;100;64,6;63,5;33,7;25,9;100;51,5;89,8
Espírito Santo;2017;56,8;44,2;100;43,1;75,1;34,91975309;38,63518519;81,42962963;72,8;21,01666667;46,73333333;70,4;32,9;25,2;45,2;59,5;57,5;41,9;44,61851852;69,85740741;100;77,3;83,9;9;78,8;45,7;73,7;32,6;97,7;83,3;93,6;60,65493827;68,93148148;52,01481481;53,59444444;44,07592593;52,0537037;58,04814815;24,9;58,8;70,6;79,5;5,2;97,3;23,3;95,6
Goiás;2017;59,9;41,2;67,3;50,4;100;34,91975309;38,63518519;81,42962963;72,8;21,01666667;46,73333333;70,2;26,1;19;43,6;53,7;75,4;68,3;44,61851852;69,85740741;100;91,4;67,6;7;45,5;58,8;38,2;26,9;81,3;88,4;91,2;60,65493827;68,93148148;52,01481481;53,59444444;44,07592593;52,0537037;58,04814815;46,4;78,4;71,3;17,9;5,7;89,3;43,8;46,9
Maranhão;2017;48,9;18,6;9,6;4,6;31,8;34,91975309;38,63518519;81,42962963;72,8;21,01666667;46,73333333;100;5,2;1,6;4,9;0;43,8;1,1;44,61851852;69,85740741;10;11,1;6,1;26;51,5;33,7;67;37,3;82,8;58,4;78,3;60,65493827;68,93148148;52,01481481;53,59444444;44,07592593;52,0537037;58,04814815;0;0;85,9;73,6;3,1;83,4;34,9;99,4
Minas Gerais;2017;58;49,6;85,1;40,4;81,2;34,91975309;38,63518519;81,42962963;72,8;21,01666667;46,73333333;76,6;26,7;18;40,2;63,2;65,1;68,7;44,61851852;69,85740741;100;78,2;95,9;2;90,9;78;68,8;38,3;96,1;85,6;93,8;60,65493827;68,93148148;52,01481481;53,59444444;44,07592593;52,0537037;58,04814815;36,4;70,4;78,2;78;23,2;97,8;14;92,1
Mato Grosso do Sul;2017;56,7;56,7;73,5;45,1;87,3;34,91975309;38,63518519;81,42962963;72,8;21,01666667;46,73333333;65,5;34,9;28,7;40,6;65,1;91,8;83,2;44,61851852;69,85740741;50;63,8;51,7;13;87,9;30,9;68,2;23,4;84,8;69,6;85,5;60,65493827;68,93148148;52,01481481;53,59444444;44,07592593;52,0537037;58,04814815;52;69,5;61,6;35;2,9;97;34,5;93,8
Mato Grosso;2017;33,2;25,7;49;31,3;60;34,91975309;38,63518519;81,42962963;72,8;21,01666667;46,73333333;65,8;27,3;34,2;35;63,2;92,3;87;44,61851852;69,85740741;10;62,2;30,3;8;60,6;86,6;52,5;48;88;67,6;79,3;60,65493827;68,93148148;52,01481481;53,59444444;44,07592593;52,0537037;58,04814815;49;23,5;66,7;81,3;6,3;92,9;22,1;92,2
Pará;2017;47,7;28,6;24,1;0;72,2;34,91975309;38,63518519;81,42962963;72,8;21,01666667;46,73333333;93,4;0;8,8;3,6;4,6;65,1;31,5;44,61851852;69,85740741;100;2,4;21,8;27;57,6;5,8;39,2;9,9;94,1;87,7;84;60,65493827;68,93148148;52,01481481;53,59444444;44,07592593;52,0537037;58,04814815;7,9;3,7;42,9;99,5;8,1;62,6;0;94,2
Paraíba;2017;59,6;35,2;47,4;32,9;76,5;34,91975309;38,63518519;81,42962963;72,8;21,01666667;46,73333333;88,9;31,3;4,7;11,5;23,9;70,1;34,1;44,61851852;69,85740741;100;19,7;41,5;17;75,8;21;70;30,8;86,9;56,2;75,9;60,65493827;68,93148148;52,01481481;53,59444444;44,07592593;52,0537037;58,04814815;25,3;97,6;88,6;52,8;2,2;99;52;100
Pernambuco;2017;61,4;32,9;79,9;27,9;47,7;34,91975309;38,63518519;81,42962963;72,8;21,01666667;46,73333333;84,1;20,2;11,4;29;33,1;15;17,3;44,61851852;69,85740741;100;42,4;42;15;39,4;32,3;56,6;11,8;88,1;64,9;83,2;60,65493827;68,93148148;52,01481481;53,59444444;44,07592593;52,0537037;58,04814815;28,1;70,1;90,6;66,3;13,3;91,7;55;85,4
Piauí;2017;57,9;26,8;26,9;8,5;55,6;34,91975309;38,63518519;81,42962963;72,8;21,01666667;46,73333333;95,1;24,6;0;0;6,5;43,6;57,6;44,61851852;69,85740741;100;39,6;26,2;19;84,8;27,1;63,2;20,4;40,3;52,5;57,8;60,65493827;68,93148148;52,01481481;53,59444444;44,07592593;52,0537037;58,04814815;28,3;36,9;81,5;74,6;1,5;49,5;43,1;79,4
Paraná;2017;61,7;51,8;55,1;80,6;83,3;34,91975309;38,63518519;81,42962963;72,8;21,01666667;46,73333333;59,8;40,7;32,9;51,9;79,1;84,2;74,1;44,61851852;69,85740741;30;86,2;86,9;3;69,7;71,1;73,4;44,7;99,3;94,8;96,3;60,65493827;68,93148148;52,01481481;53,59444444;44,07592593;52,0537037;58,04814815;51,7;76,2;98,2;49,5;18,9;99,2;29,2;90,6
Rio de Janeiro;2017;62,5;23,1;88,6;35,1;90,5;34,91975309;38,63518519;81,42962963;72,8;21,01666667;46,73333333;58,6;51,7;48,4;72,4;74,7;29,3;58,1;44,61851852;69,85740741;80;62,5;98;11;51,5;47,8;64,6;1;98,6;92,3;95,5;60,65493827;68,93148148;52,01481481;53,59444444;44,07592593;52,0537037;58,04814815;59,2;64,6;52,3;43;37,7;99,2;0,3;81,6
Rio Grande do Norte;2017;61,3;45,7;46,7;29;52,3;34,91975309;38,63518519;81,42962963;72,8;21,01666667;46,73333333;87,3;27,2;9,2;28,2;35;51,9;35,7;44,61851852;69,85740741;20;10;48,9;22;72,7;26,5;86,6;58,7;83,9;41,3;79;60,65493827;68,93148148;52,01481481;53,59444444;44,07592593;52,0537037;58,04814815;26,4;100;68,8;56,2;2,9;98,7;73,5;93,4
Rondônia;2017;0;11,5;34;0,8;40;34,91975309;38,63518519;81,42962963;72,8;21,01666667;46,73333333;80,4;10,9;12,6;17,9;49,3;89,2;46,9;44,61851852;69,85740741;50;73,1;18,8;14;100;15,8;43,9;52;57,7;14,1;70,5;60,65493827;68,93148148;52,01481481;53,59444444;44,07592593;52,0537037;58,04814815;29,2;50,9;51,8;73,3;1,5;96,9;65,3;70,3
Roraima;2017;100;0;62;80,3;0;34,91975309;38,63518519;81,42962963;72,8;21,01666667;46,73333333;66,7;52,5;21,5;68;35,9;73,3;44,3;44,61851852;69,85740741;0;38,3;15,2;23;39,4;57,7;36,9;100;66,1;19,4;0;60,65493827;68,93148148;52,01481481;53,59444444;44,07592593;52,0537037;58,04814815;28,1;19,2;60,5;81,1;0;81,3;100;0
Rio Grande do Sul;2017;59,9;39,2;71;26,1;75,9;34,91975309;38,63518519;81,42962963;72,8;21,01666667;46,73333333;56,8;37,4;31,7;54;84,9;86,7;86,2;44,61851852;69,85740741;20;57,4;89,7;10;81,8;35,1;76,2;34;96,6;98,9;97,4;60,65493827;68,93148148;52,01481481;53,59444444;44,07592593;52,0537037;58,04814815;51,9;47,9;67,7;0;13,5;97,7;41,6;79,9
Santa Catarina;2017;60,4;43,3;81,5;27,2;79;34,91975309;38,63518519;81,42962963;72,8;21,01666667;46,73333333;58,7;42,5;34,9;61,3;100;100;100;44,61851852;69,85740741;0;97,1;100;5;81,8;71,8;96,9;5,5;91,8;88,9;94,1;60,65493827;68,93148148;52,01481481;53,59444444;44,07592593;52,0537037;58,04814815;48,5;71;84,6;48,7;11,2;98,9;52,4;88,6
Sergipe;2017;60,2;40,3;0;30,9;56,6;34,91975309;38,63518519;81,42962963;72,8;21,01666667;46,73333333;86,7;18;9,2;11;30,8;42,5;27,3;44,61851852;69,85740741;0;17,7;45,2;20;87,9;0;55,5;86,3;68,5;48,2;72,1;60,65493827;68,93148148;52,01481481;53,59444444;44,07592593;52,0537037;58,04814815;15,6;79;80,5;38,6;1,6;94,8;53,5;92,9
São Paulo;2017;63,8;66,9;89,4;78;81,8;34,91975309;38,63518519;81,42962963;72,8;21,01666667;46,73333333;39,8;51,8;49,3;78,3;82,7;48,4;57,2;44,61851852;69,85740741;100;100;93,2;1;66,7;100;100;9,6;100;100;100;60,65493827;68,93148148;52,01481481;53,59444444;44,07592593;52,0537037;58,04814815;74,8;85,1;100;77,2;100;99,2;65,2;85,4
Tocantins;2017;43,8;18,7;50,1;29,5;84;34,91975309;38,63518519;81,42962963;72,8;21,01666667;46,73333333;79,3;33,3;13,7;38,7;31,1;66,2;63,3;44,61851852;69,85740741;100;54,3;17,8;18;97;63,2;63,1;49,9;0;16,5;61;60,65493827;68,93148148;52,01481481;53,59444444;44,07592593;52,0537037;58,04814815;31,4;34,8;70,7;38,3;1,1;81,6;17,2;92,2
Acre;2018;11,8;29,5;44,4;8,1;28,2;34,91975309;38,63518519;81,42962963;72,8;21,01666667;46,73333333;85,7;28,9;6,4;24;19,5;48,3;12,1;44,61851852;69,85740741;80;52,21851852;0;12,97530864;63,9;46,2;34,7;40,42160494;36,4;16,8;40,4;18,6;68,93148148;52,01481481;53,59444444;44,07592593;52,0537037;58,04814815;15,9;47;0;95;0,4;0;73,9;61,3
Alagoas;2018;67,9;20,7;34,6;11,4;91,5;34,91975309;38,63518519;81,42962963;72,8;21,01666667;46,73333333;93,8;22,9;11,1;14,3;38,6;28;0,1;44,61851852;69,85740741;80;52,21851852;24,4;12,97530864;63,9;26,2;63,6;40,42160494;76,5;56,7;81;89,6;68,93148148;52,01481481;53,59444444;44,07592593;52,0537037;58,04814815;13,1;97,9;64,7;37,2;2,6;86,2;46,2;66,1
Amazonas;2018;85,7;35,2;67,7;23;6,6;34,91975309;38,63518519;81,42962963;72,8;21,01666667;46,73333333;86,4;20,2;19,9;33;14,1;39;19,1;44,61851852;69,85740741;30;52,21851852;0,8;12,97530864;30,6;48,5;27,6;40,42160494;90,9;83,1;79,6;34,5;68,93148148;52,01481481;53,59444444;44,07592593;52,0537037;58,04814815;17,7;9,5;68,2;48,1;4,4;43,1;49,2;98,8
Amapá;2018;100;51,1;59,2;6,2;12,4;34,91975309;38,63518519;81,42962963;72,8;21,01666667;46,73333333;75,9;48,2;9,5;59,6;27;0;25,2;44,61851852;69,85740741;0;52,21851852;1,2;12,97530864;44,4;43,9;0;40,42160494;0;5,9;42,5;0;68,93148148;52,01481481;53,59444444;44,07592593;52,0537037;58,04814815;15,9;0;64,4;100;0,4;99,8;72,6;75,8
Bahia;2018;64;9,6;34,7;52;83,2;34,91975309;38,63518519;81,42962963;72,8;21,01666667;46,73333333;91,7;1,9;8,1;11,3;19,4;16,5;34,1;44,61851852;69,85740741;0;52,21851852;35,9;12,97530864;30,6;15,3;67,5;40,42160494;90,3;74,8;87,5;34;68,93148148;52,01481481;53,59444444;44,07592593;52,0537037;58,04814815;19;58,6;72,9;38,3;15,4;75,6;66,8;88,7
Ceará;2018;64,5;29,9;46,9;34,8;68,2;34,91975309;38,63518519;81,42962963;72,8;21,01666667;46,73333333;93,8;9,5;3;16,9;18;71,8;23,5;44,61851852;69,85740741;100;52,21851852;44,6;12,97530864;83,3;75,1;78,1;40,42160494;82,6;79,1;84,8;95,3;68,93148148;52,01481481;53,59444444;44,07592593;52,0537037;58,04814815;23,6;88,7;61;78,9;9,5;92,7;74,4;93,9
Distrito Federal;2018;68,9;100;26,8;100;90,1;34,91975309;38,63518519;81,42962963;72,8;21,01666667;46,73333333;0;100;100;100;80,5;56,8;62,5;44,61851852;69,85740741;10;52,21851852;86,2;12,97530864;41,7;71,8;48,6;40,42160494;78,7;0;90,2;99,5;68,93148148;52,01481481;53,59444444;44,07592593;52,0537037;58,04814815;100;69,3;65,5;37,8;25,9;95,9;71,8;92,3
Espírito Santo;2018;62,5;45,7;100;46,2;78,4;34,91975309;38,63518519;81,42962963;72,8;21,01666667;46,73333333;72,6;25,6;20,2;42,5;49,2;70,7;55,1;44,61851852;69,85740741;100;52,21851852;80,7;12,97530864;66,7;38,2;76,7;40,42160494;95,4;79,9;91,1;89,3;68,93148148;52,01481481;53,59444444;44,07592593;52,0537037;58,04814815;31,5;64,6;80;83,3;4,9;98;35,1;97,3
Goiás;2018;63,9;29;51,6;51,1;100;34,91975309;38,63518519;81,42962963;72,8;21,01666667;46,73333333;71,7;25,8;15,8;43,5;52,3;86;81,3;44,61851852;69,85740741;100;52,21851852;58,4;12,97530864;63,9;65,1;49,4;40,42160494;70,4;72,5;82;89,3;68,93148148;52,01481481;53,59444444;44,07592593;52,0537037;58,04814815;42,5;78,9;69,3;18,3;5,7;95,3;36,6;60,9
Maranhão;2018;48,4;0;11,6;7,1;28,7;34,91975309;38,63518519;81,42962963;72,8;21,01666667;46,73333333;100;0;3,4;9,4;0;41,7;0;44,61851852;69,85740741;10;52,21851852;3,3;12,97530864;47,2;44,2;71,8;40,42160494;75,2;60,5;78,1;47,9;68,93148148;52,01481481;53,59444444;44,07592593;52,0537037;58,04814815;0;24,4;88,3;81,7;2,7;78,9;40;99,2
Minas Gerais;2018;65,1;26,9;74,9;39,5;85,7;34,91975309;38,63518519;81,42962963;72,8;21,01666667;46,73333333;76,7;22,2;15,4;32,9;58,5;75;65,1;44,61851852;69,85740741;80;52,21851852;95,2;12,97530864;94,4;83,1;75,3;40,42160494;92,5;84,7;92,2;37,5;68,93148148;52,01481481;53,59444444;44,07592593;52,0537037;58,04814815;40,1;75;66,6;70;23,9;94,4;25,8;94,2
Mato Grosso do Sul;2018;59,8;51,8;27,6;44,6;92,4;34,91975309;38,63518519;81,42962963;72,8;21,01666667;46,73333333;65,1;33,2;28,9;35,2;63,8;95,3;70,2;44,61851852;69,85740741;70;52,21851852;46,6;12,97530864;66,7;54,2;74,3;40,42160494;80,7;75;85,8;100;68,93148148;52,01481481;53,59444444;44,07592593;52,0537037;58,04814815;52,8;84,8;75,1;36,7;2,8;98,4;63,3;97,6
Mato Grosso;2018;35,1;22;67,4;32,6;63,7;34,91975309;38,63518519;81,42962963;72,8;21,01666667;46,73333333;64,6;32,2;36,2;34,7;57,2;95,9;60,6;44,61851852;69,85740741;0;52,21851852;25,8;12,97530864;50;86,4;61,1;40,42160494;85,1;75,8;80,4;78,9;68,93148148;52,01481481;53,59444444;44,07592593;52,0537037;58,04814815;47,4;63,7;64,9;88,3;6;92,6;36,8;99,2
Pará;2018;46,7;15,3;23,9;0;76,1;34,91975309;38,63518519;81,42962963;72,8;21,01666667;46,73333333;92,7;2,2;5,4;5;0,2;71;36,4;44,61851852;69,85740741;80;52,21851852;18,3;12,97530864;38,9;18,9;40;40,42160494;89,7;86,1;82,2;40,5;68,93148148;52,01481481;53,59444444;44,07592593;52,0537037;58,04814815;8,8;10,4;57,2;99,4;7,5;63,8;10,4;97,6
Paraíba;2018;64;24;56,4;41;82,7;34,91975309;38,63518519;81,42962963;72,8;21,01666667;46,73333333;89,3;18,3;2,8;0;19,5;65,3;25,7;44,61851852;69,85740741;100;52,21851852;40;12,97530864;58,3;33,2;64,7;40,42160494;78,4;56,8;74;41,9;68,93148148;52,01481481;53,59444444;44,07592593;52,0537037;58,04814815;28;93,5;89,7;56,1;1,9;98,3;56,7;100
Pernambuco;2018;66,9;15,6;52,5;26,3;52,6;34,91975309;38,63518519;81,42962963;72,8;21,01666667;46,73333333;85,9;21,4;9,8;30,4;31,7;31,2;10;44,61851852;69,85740741;100;52,21851852;40,6;12,97530864;66,7;40,2;66,3;40,42160494;84,5;67;83,7;93,4;68,93148148;52,01481481;53,59444444;44,07592593;52,0537037;58,04814815;27,3;89,6;82,9;67,2;14;82,1;73;92,3
Piauí;2018;54,4;6,5;30,4;10;51,5;34,91975309;38,63518519;81,42962963;72,8;21,01666667;46,73333333;98,1;13,6;0;1,4;6,2;55,5;34,8;44,61851852;69,85740741;100;52,21851852;21,2;12,97530864;77,8;32,9;62,8;40,42160494;10,9;57;62,2;74,2;68,93148148;52,01481481;53,59444444;44,07592593;52,0537037;58,04814815;25,2;31,5;71,2;79,2;1,2;71,1;26,4;80,2
Paraná;2018;67,6;40,7;42,8;80,5;88,4;34,91975309;38,63518519;81,42962963;72,8;21,01666667;46,73333333;59,6;42,4;31;54,5;78,6;88,7;70,7;44,61851852;69,85740741;20;52,21851852;82,5;12,97530864;75;74,4;75,9;40,42160494;99,2;96,3;94,7;51,5;68,93148148;52,01481481;53,59444444;44,07592593;52,0537037;58,04814815;56,7;86,9;98,9;41,1;18,1;96,5;41,5;91,5
Rio de Janeiro;2018;66,9;32,3;78;30,9;94,1;34,91975309;38,63518519;81,42962963;72,8;21,01666667;46,73333333;55,5;57,6;39;80,5;71,1;36;52,7;44,61851852;69,85740741;30;52,21851852;96;12,97530864;47,2;56,1;65,3;40,42160494;87,9;91,6;93,2;31,5;68,93148148;52,01481481;53,59444444;44,07592593;52,0537037;58,04814815;53,7;56,8;52,1;45,8;33;100;0;89,2
Rio Grande do Norte;2018;65,8;34,4;40,2;30,3;55,5;34,91975309;38,63518519;81,42962963;72,8;21,01666667;46,73333333;89,1;28,4;7,5;28,8;31,2;46,8;12,8;44,61851852;69,85740741;80;52,21851852;52,4;12,97530864;72,2;15,6;75,3;40,42160494;66,6;39,3;100;77;68,93148148;52,01481481;53,59444444;44,07592593;52,0537037;58,04814815;25,6;100;71,8;61,1;3;91;98,6;93,9
Rondônia;2018;0;8,6;38,8;0,2;35,2;34,91975309;38,63518519;81,42962963;72,8;21,01666667;46,73333333;76,4;14,3;12,8;13,2;45;80,3;44,8;44,61851852;69,85740741;30;52,21851852;8,6;12,97530864;100;51,8;27,5;40,42160494;32,8;26,5;68,8;77;68,93148148;52,01481481;53,59444444;44,07592593;52,0537037;58,04814815;30,3;60,4;57,5;73,9;1,5;91,2;92,4;71
Roraima;2018;89,3;42,5;34;72,5;0;34,91975309;38,63518519;81,42962963;72,8;21,01666667;46,73333333;67;50,3;14,1;62,3;32,5;43;35,8;44,61851852;69,85740741;0;52,21851852;18,9;12,97530864;0;72,4;39,3;40,42160494;61,3;11,8;0;15,3;68,93148148;52,01481481;53,59444444;44,07592593;52,0537037;58,04814815;26,2;15,8;72,6;82,8;0;80,4;100;0
Rio Grande do Sul;2018;66,3;18,2;79,5;25,3;76,1;34,91975309;38,63518519;81,42962963;72,8;21,01666667;46,73333333;58,2;30,7;32,3;52,6;81,8;91,8;67,7;44,61851852;69,85740741;50;52,21851852;82,4;12,97530864;66,7;52,8;66,5;40,42160494;94,7;99,3;95,5;91,2;68,93148148;52,01481481;53,59444444;44,07592593;52,0537037;58,04814815;54;69;64,9;0;13,3;96,8;37,4;84,1
Santa Catarina;2018;67;14,2;85,9;25,1;89,8;34,91975309;38,63518519;81,42962963;72,8;21,01666667;46,73333333;59,1;42,6;31,1;60,1;100;100;100;44,61851852;69,85740741;10;52,21851852;92,4;12,97530864;69,4;84,1;98;40,42160494;87,5;91,5;92,2;93,4;68,93148148;52,01481481;53,59444444;44,07592593;52,0537037;58,04814815;56,4;83,6;95,4;50;10,9;97,6;73,7;93
Sergipe;2018;64,9;34,5;0;30,4;57,3;34,91975309;38,63518519;81,42962963;72,8;21,01666667;46,73333333;89,7;19,2;7,6;13,3;28,4;34,5;25,9;44,61851852;69,85740741;0;52,21851852;45,6;12,97530864;52,8;0;62,4;40,42160494;52,5;44,6;70,1;28,5;68,93148148;52,01481481;53,59444444;44,07592593;52,0537037;58,04814815;18,7;85,7;73,4;38,1;1,4;86,6;66;95,5
São Paulo;2018;68,2;54,3;78,7;74,9;91;34,91975309;38,63518519;81,42962963;72,8;21,01666667;46,73333333;42,5;54,9;45,5;80,4;75,5;54,1;52,4;44,61851852;69,85740741;100;52,21851852;100;12,97530864;88,9;100;100;40,42160494;100;100;98;76,4;68,93148148;52,01481481;53,59444444;44,07592593;52,0537037;58,04814815;85,6;69,3;100;76,1;100;99,6;84,5;94,1
Tocantins;2018;32,6;7,1;52,5;30;89,3;34,91975309;38,63518519;81,42962963;72,8;21,01666667;46,73333333;80,2;28,7;12,9;38,5;30;68,7;37,2;44,61851852;69,85740741;80;52,21851852;7,5;12,97530864;86,1;68,1;73,7;40,42160494;43,3;22;63,6;69,6;68,93148148;52,01481481;53,59444444;44,07592593;52,0537037;58,04814815;30,5;72;61,9;32,8;0,9;57,4;32,8;96,4
Acre;2019;51,5;55,6;57,6;8,7;29;1,4;14,7;81,42962963;72,8;6,8;46,73333333;81,1;34,4;9,4;29,6;38,2;25,1;17,9;44,61851852;69,85740741;30;56,5;9,2;12;40;51;19,9;51,4;48,9;36,7;46,1;60,65493827;53,4;48,2;11,5;42,4;40,2;94,7;20,9;23,8;0;100;0,4;1,7;58,5;60,4
Alagoas;2019;93,4;39,2;36,2;11;98,7;6,2;11,1;81,42962963;72,8;0;46,73333333;92,2;9,2;11,9;8,2;47,5;25,8;2;44,61851852;69,85740741;80;42,1;28,6;19;64,4;29,6;49,9;32,8;77,1;62,1;78,8;60,65493827;100;47,6;54,8;46,5;55,8;35,3;7,1;95,2;59,8;37,4;2,4;94,2;68,3;65,2
Amazonas;2019;100;59;70,5;25,3;12,5;26,5;11,9;81,42962963;72,8;7,6;46,73333333;86,4;20,3;19,5;41,5;16,7;32;34,1;44,61851852;69,85740741;0;30,7;0;20;55,6;47,4;5,6;50,2;86,3;84,6;78,1;60,65493827;88,6;99,7;22,9;39,1;60;64;22,5;4;75,1;49,2;4,7;21,9;40,5;97,4
Amapá;2019;99,2;72,9;74,1;6,6;0;5,7;0;81,42962963;72,8;16,4;46,73333333;79;26,9;8,6;45;27;6,2;31;44,61851852;69,85740741;0;0;3,3;25;48,9;55,4;0;74,9;6,9;15,9;37,6;60,65493827;32,8;57,4;81,8;0;67,5;86,8;20,8;10,8;56,3;93,6;0,4;49,8;96,9;74,8
Bahia;2019;94,5;34,4;48,8;48,7;75,2;14,4;2,7;81,42962963;72,8;12,9;46,73333333;92,8;4,9;8,7;18,5;24,5;0;41,1;44,61851852;69,85740741;10;11,9;36,5;24;55,6;25,5;55,5;27,1;89,3;78,7;86,7;60,65493827;64,5;100;98,1;47,9;100;0;20,6;53,1;68,7;39,4;14,4;82;69,7;94,6
Ceará;2019;92,4;49,3;47,5;32,6;69;6,8;7,3;81,42962963;72,8;2,3;46,73333333;90,3;11,7;4,5;19,9;27,3;57,2;30,7;44,61851852;69,85740741;100;84,1;49,6;5;77,8;72,6;53,6;18,2;84,4;83;85,6;60,65493827;68,2;37,2;40,1;49,8;0;27,4;19,3;74,8;54,5;72,7;9,3;96,4;87,3;81,9
Distrito Federal;2019;94,4;100;25,8;100;93,5;54,3;72,8;81,42962963;72,8;1,7;46,73333333;0;100;100;100;91,5;35,5;77,6;44,61851852;69,85740741;100;82,6;89,3;3;71,1;77,8;27,5;63,3;81,1;0;90,6;60,65493827;50,5;97,1;63,4;23,6;46,4;69,4;77,3;59,7;74,1;37,4;22,8;95,2;71,5;82,7
Espírito Santo;2019;89,7;58,1;72,9;43,3;81,9;28,4;39;81,42962963;72,8;11,3;46,73333333;69,6;34,7;18;45,3;60,6;55,2;43,9;44,61851852;69,85740741;100;76,3;85,5;7;48,9;47,6;66,3;35,2;96,4;80,3;92,1;60,65493827;100;67,9;87,6;75,7;87;97,3;39,1;79,7;69,8;80,7;5;98,2;50,6;94,9
Goiás;2019;92,7;37,5;55,3;57,5;100;24,4;41,9;81,42962963;72,8;0,4;46,73333333;71,1;23,5;17;44,5;61,2;54,2;59,2;44,61851852;69,85740741;100;83,9;64,7;8;77,8;75,1;28,8;26,3;70;73,4;82,7;60,65493827;67,9;48,3;67,8;59,1;88,8;81,9;55,3;76,5;74,7;32;5,5;91,7;36,8;69,9
Maranhão;2019;81,8;24,3;6,9;7,8;31,8;21,8;25,2;81,42962963;72,8;100;46,73333333;100;0,2;3,7;11;9,3;38,7;0;44,61851852;69,85740741;10;10,8;7,3;26;62,2;54;53,7;20,1;71,4;63,6;77,4;60,65493827;48,9;36,4;43;29;59;81,8;0;36,5;69,9;74,2;2,6;87,3;41,4;97,4
Minas Gerais;2019;92,6;61,9;74,9;44,7;83,2;44,9;29,5;81,42962963;72,8;2,3;46,73333333;76,3;18,8;15,9;38,2;65,2;62,8;60,6;44,61851852;69,85740741;100;72,2;94,5;2;100;83,7;61,9;31,5;94,5;84,7;93,4;60,65493827;82,4;54;100;75,7;18,9;69,7;46,7;62,5;69,7;67,5;23,4;98,3;21,9;91,7
Mato Grosso do Sul;2019;90,9;70,3;87,9;47,4;91,6;36,9;59,4;81,42962963;72,8;20,6;46,73333333;63,3;37,4;29,9;42,7;67;89,3;73,1;44,61851852;69,85740741;80;51,3;46,5;13;71,1;52,1;57,3;29,9;77,7;79,6;86,9;60,65493827;76,1;60,3;40,4;44,6;17,6;100;52;88,3;80,5;34,8;2,7;98,8;61;96,6
Mato Grosso;2019;68,9;28,4;61,9;42,4;65,7;25,7;15,5;81,42962963;72,8;23,8;46,73333333;64,6;24,5;33,2;39,1;67;90,9;71,9;44,61851852;69,85740741;80;45,2;32;9;44,4;79,5;57,5;38,6;83,6;77,6;81,3;60,65493827;51,8;61,6;38,9;43,3;38,1;81,5;48,1;73,7;67,7;91,2;5,6;95,9;31,2;98,6
Pará;2019;52,9;13,1;45;0;75;12,2;4,3;81,42962963;72,8;57,4;46,73333333;92,4;0;8;6,1;0;65,6;29,8;44,61851852;69,85740741;50;1;20,6;27;48,9;26;21,8;13,1;89,8;88,1;82,8;60,65493827;74,6;19,2;48,7;37,1;78,7;67,9;9,6;0;46,4;96,1;7,6;0;0;99,4
Paraíba;2019;92,3;48,1;60;37,6;78,5;23,5;12,9;81,42962963;72,8;38,2;46,73333333;88,7;21,1;4,9;10,7;26,3;38,9;25,8;44,61851852;69,85740741;100;27,8;48,3;18;71,1;23;53,2;6,2;76,5;59,1;75,3;60,65493827;57;2,1;81,2;48,4;9,4;41,5;24;92,6;80,6;59,8;1,8;98;62,1;100
Pernambuco;2019;93,5;48;56,4;26,2;52,9;5,4;19;81,42962963;72,8;5,4;46,73333333;86,1;19,3;12,6;33;36,4;21,7;21,8;44,61851852;69,85740741;100;49;50,1;15;66,7;56,8;55,1;9,7;84,3;72,5;84;60,65493827;81,1;35,1;69,7;33,3;78,3;62,3;27;73,7;71,4;72,2;14,2;96,8;86,9;95
Piauí;2019;92,1;32,2;36,1;13,4;56,7;2,2;0,7;81,42962963;72,8;0,4;46,73333333;97;13,9;0;0;8,7;31;31;44,61851852;69,85740741;100;51,9;31;17;57,8;43,5;58,7;0;0;60;57,8;60,65493827;69,8;0;40,1;44,1;39,5;95,2;18,5;75,4;63,9;68,8;1,3;73,4;31;79,1
Paraná;2019;93,1;64,7;100;84,7;87,6;100;100;81,42962963;72,8;0,8;46,73333333;55,5;40,1;32,3;57,7;83,7;82,5;68,4;44,61851852;69,85740741;70;90,3;83,5;4;80;77,8;71,5;17,6;99,7;96,7;96,4;60,65493827;93,7;66,6;83,4;68,4;9,6;74,9;56,3;57,7;100;36,9;18,9;99,5;46,9;91,5
Rio de Janeiro;2019;92,7;57,1;74,9;41,6;80,6;13,4;30,1;81,42962963;72,8;0,1;46,73333333;47,7;58,4;41,2;81;72,8;24,3;48,5;44,61851852;69,85740741;0;53,2;94,6;10;51,1;65,4;54,6;1,9;89,7;93,7;95,2;60,65493827;80,7;100;63,4;51,2;74,3;27;56,4;63,1;51,5;25,8;29,9;100;4,1;86,8
Rio Grande do Norte;2019;92,9;54;39,1;33,7;50,4;8,3;18,1;81,42962963;72,8;19,4;46,73333333;84,2;25,3;9,4;32,2;45,1;34,3;44,7;44,61851852;69,85740741;100;9,3;60,9;22;66,7;39,9;73,9;40,5;68,6;59,1;77,9;60,65493827;0;60;48,7;30,5;13,6;49,4;20,6;100;63,1;62,9;2,8;92,6;100;97,4
Rondônia;2019;40,8;0;34,9;0,3;28,8;36,2;24,5;81,42962963;72,8;17;46,73333333;76,2;13;16,1;23;37,9;76,2;55;44,61851852;69,85740741;0;51,7;17,1;11;84,4;49,6;12,8;70,8;41,3;41,9;73,4;60,65493827;93,7;89,4;63,7;62,1;9,7;89,6;26,2;73,4;51,4;76,3;1,1;88,1;67,9;70
Roraima;2019;0;69,9;34,9;74,3;18,5;0;0;81,42962963;72,8;12,8;46,73333333;65,2;34;18,5;62,6;37;17,2;37,2;44,61851852;69,85740741;0;37,5;22,7;23;0;63,4;12,3;100;2;31,8;0;60,65493827;26,5;100;0;28,1;49,1;62,5;27,2;51,5;73;86,9;0;88,5;65,7;0
Rio Grande do Sul;2019;92,9;42,6;74,3;25,2;71,3;98,4;77,6;81,42962963;72,8;3,4;46,73333333;54,2;34,1;31,5;56,5;82,4;83,8;82,1;44,61851852;69,85740741;50;58,8;85,2;14;55,6;55,7;66,2;29,1;94,4;100;97,7;60,65493827;62;79,7;98,7;85,1;39,6;35,9;61;60,6;63;0;13;99,1;36,2;77,6
Santa Catarina;2019;95;53,7;64,2;29,4;88,1;92,6;85,1;81,42962963;72,8;1,6;46,73333333;56,5;41,6;34,2;61,5;100;100;100;44,61851852;69,85740741;20;78,6;92,4;6;68,9;75,9;100;25,9;86,4;91,5;94,4;60,65493827;80,7;96,6;100;65,7;74,5;75;58,3;88,6;88,7;40,2;10,5;99,4;89,7;89,2
Sergipe;2019;91,6;53,1;0;26,1;67,6;15,4;27,3;81,42962963;72,8;4,5;46,73333333;90,6;6,5;6,9;7,1;26;15,1;38,5;44,61851852;69,85740741;10;10,8;52,7;21;57,8;0;52,1;75,8;45,2;56,1;69,7;60,65493827;93,7;100;64,6;26,5;88,1;52;24,5;89,2;71,4;37,4;1,4;86,5;77,8;97,8
São Paulo;2019;93,7;89,8;81,7;82,9;87,1;43,3;73,5;81,42962963;72,8;2,2;46,73333333;40,6;51,5;46,1;78,3;89,4;44,7;53,2;44,61851852;69,85740741;100;100;100;1;73,3;100;93;17,9;100;99,6;100;60,65493827;41,8;100;65,9;100;96,1;41,9;100;53,1;99,5;73,5;100;99,8;88,2;93,4
Tocantins;2019;96,6;54;51;29,2;90,1;11,3;6,1;81,42962963;72,8;5,1;46,73333333;80,8;31,1;15,4;36,9;44,3;66,3;48,3;44,61851852;69,85740741;50;42;22,4;16;62,2;60,4;46,7;31,8;48,4;39,9;60,6;60,65493827;87,4;39;58,9;46,7;51,6;56;29,5;84,7;61,8;44,3;0,8;79,3;44;98,6
Acre;2020;0;63,05775637;45,7;9,2;26,6;2,4;0;86,8;97,3;18,9;11,1;79,6;31,1;3,5;30,1;34,7;34,6;44,41481481;44,61851852;69,85740741;0;52,21851852;51,28950617;12,97530864;62,90061728;52,9962963;58,95555556;95,5;47,9;63,9;39;31,8;96,3;100;53,59444444;44,07592593;52,0537037;58,04814815;16,4;53,3;0;100;0,2;81,30987654;61,4;59,8
Alagoas;2020;65,6878611;52,28317009;100;11,8;86,5;10,5;13,4;83,3;91,1;54,6;0;93,6;12,1;6,1;15,8;42,7;8,7;44,41481481;44,61851852;69,85740741;50;52,21851852;51,28950617;12,97530864;62,90061728;52,9962963;58,95555556;66,6;76,9;77;76;95,1;81,9;61,2;53,59444444;44,07592593;52,0537037;58,04814815;8;84,9;61,8;43,3;2,2;81,30987654;66,4;64,6
Amazonas;2020;81,37499577;57,22632902;83,4;16,2;32,6;13,2;14,1;97,6;92;0;77,8;81,2;17,7;17,3;33,8;7,1;29,9;44,41481481;44,61851852;69,85740741;20;52,21851852;51,28950617;12,97530864;62,90061728;52,9962963;58,95555556;40,7;89,4;92,1;80,8;73,9;94,8;57,7;53,59444444;44,07592593;52,0537037;58,04814815;25,5;0;72,1;52;6,2;81,30987654;48,7;96,5
Amapá;2020;100;80,03033347;54,9;7,7;0;0;0;99,7;100;14,6;44,4;75,1;32,3;8,3;51,3;35,8;34,8;44,41481481;44,61851852;69,85740741;20;52,21851852;51,28950617;12,97530864;62,90061728;52,9962963;58,95555556;59,3;0;25,6;42,9;96,7;70,6;23,4;53,59444444;44,07592593;52,0537037;58,04814815;22,5;20,6;78,3;94,8;0,4;81,30987654;100;74
Bahia;2020;63,86723088;40,95424737;41,9;45,3;70,6;12,4;3,3;75,5;74,1;36;11,1;89,5;5;6,6;16,6;25,2;0;44,41481481;44,61851852;69,85740741;20;52,21851852;51,28950617;12,97530864;62,90061728;52,9962963;58,95555556;15,6;90;89,5;87,8;72,5;91,9;100;53,59444444;44,07592593;52,0537037;58,04814815;17,4;55,8;75;44,6;14;81,30987654;56,3;92,9
Ceará;2020;66,21263897;46,19608365;54,2;29,9;63,2;7,4;5;85,4;92;54,9;77,8;89,7;13,1;0,1;21,7;23,1;48,7;44,41481481;44,61851852;69,85740741;100;52,21851852;51,28950617;12,97530864;62,90061728;52,9962963;58,95555556;41,8;80,9;89,7;85,4;100;86,2;58,1;53,59444444;44,07592593;52,0537037;58,04814815;24,6;74,7;58,7;72,4;8,8;81,30987654;73,2;75,2
Distrito Federal;2020;66,49676155;87,19240063;19,1;100;85,7;45,3;67,3;100;83,9;5,3;55,6;0;100;100;100;95,5;36,9;44,41481481;44,61851852;69,85740741;100;52,21851852;51,28950617;12,97530864;62,90061728;52,9962963;58,95555556;78,2;73,3;0;91,1;94,9;88;100;53,59444444;44,07592593;52,0537037;58,04814815;69,1;100;76,5;23,9;26,1;81,30987654;84;84,6
Espírito Santo;2020;62,02774938;77,18491001;80,8;42,3;77,1;29,4;26;98,5;97,3;36,7;11,1;69,6;26,3;13,8;40,9;62,2;52,1;44,41481481;44,61851852;69,85740741;100;52,21851852;51,28950617;12,97530864;62,90061728;52,9962963;58,95555556;21,1;76,5;90,2;93;100;92,5;26;53,59444444;44,07592593;52,0537037;58,04814815;37,6;70,8;79,4;81,5;4,5;81,30987654;62,4;96,6
Goiás;2020;64,62348663;59,50458093;58,3;54,3;100;31,3;40,9;79,6;66,1;5,3;66,7;69,2;19,3;8,9;39;62,4;53,9;44,41481481;44,61851852;69,85740741;100;52,21851852;51,28950617;12,97530864;62,90061728;52,9962963;58,95555556;28,2;65,8;82,2;78,9;77,4;92,1;63;53,59444444;44,07592593;52,0537037;58,04814815;45,7;72,7;74,7;29,1;4,4;81,30987654;44,8;79,4
Maranhão;2020;56,79626166;8,856387;16,6;6,8;33;9,8;1,2;72,2;69,6;55,5;11,1;100;0;0,3;13,8;1,8;28,8;44,41481481;44,61851852;69,85740741;20;52,21851852;51,28950617;12,97530864;62,90061728;52,9962963;58,95555556;33,1;73,3;80;78,7;79,6;75,2;36,4;53,59444444;44,07592593;52,0537037;58,04814815;0;43,6;74,1;73,6;2,9;81,30987654;61,2;96,5
Minas Gerais;2020;64,11053476;59,17928293;76,4;40,5;79;41,8;32,2;88,3;87,5;23,1;88,9;73,5;19,9;12,3;34,1;67,1;53,5;44,41481481;44,61851852;69,85740741;100;52,21851852;51,28950617;12,97530864;62,90061728;52,9962963;58,95555556;33,6;88,5;88,4;93,6;100;88,4;56;53,59444444;44,07592593;52,0537037;58,04814815;42,8;66,7;73,7;63,5;16,9;81,30987654;19,1;92,2
Mato Grosso do Sul;2020;65,01701022;75,06324863;90,4;43,4;87,4;37,6;65,1;65,8;0;2,4;0;61,8;27,7;28,5;34,8;67,3;72,3;44,41481481;44,61851852;69,85740741;30;52,21851852;51,28950617;12,97530864;62,90061728;52,9962963;58,95555556;32;80,6;87,6;87,6;98,6;95,1;63,5;53,59444444;44,07592593;52,0537037;58,04814815;37,6;85,2;72;37,2;2,2;81,30987654;45,4;96,5
Mato Grosso;2020;46,00184097;38,41769011;71,1;37,5;66,8;28,6;21,1;83,5;75;21,7;100;62,8;24,3;21,4;32,4;60,3;73,7;44,41481481;44,61851852;69,85740741;30;52,21851852;51,28950617;12,97530864;62,90061728;52,9962963;58,95555556;59,9;77,9;86,1;81,5;94,9;88,3;84,4;53,59444444;44,07592593;52,0537037;58,04814815;37,2;71,7;71,4;91,4;4,9;81,30987654;27,4;99,2
Pará;2020;37,09326692;7,132376471;18,6;1,2;80,3;7,8;2,9;90,9;91,1;41,3;88,9;88,6;2,2;1,9;7,1;0;69;44,41481481;44,61851852;69,85740741;70;52,21851852;51,28950617;12,97530864;62,90061728;52,9962963;58,95555556;4,2;88,5;93;82,9;19,8;94;0;53,59444444;44,07592593;52,0537037;58,04814815;8,6;21,5;45,7;93,8;8,1;81,30987654;23,6;100
Paraíba;2020;65,49151015;27,94361079;80,2;36;77,4;19;12,9;24,4;96,4;75,2;66,7;83,3;19,4;0;13;33,6;37,9;44,41481481;44,61851852;69,85740741;80;52,21851852;51,28950617;12,97530864;62,90061728;52,9962963;58,95555556;38,9;75;75,4;76,4;96,7;96,9;59,4;53,59444444;44,07592593;52,0537037;58,04814815;24,9;89,2;88,2;58,6;1,6;81,30987654;67,3;97,6
Pernambuco;2020;65,85849463;24,97384267;91;24,9;52,7;6,5;10,1;92,4;93,8;37,9;11,1;86,4;12,2;7,6;26,6;35,1;21,7;44,41481481;44,61851852;69,85740741;100;52,21851852;51,28950617;12,97530864;62,90061728;52,9962963;58,95555556;67,6;78,9;82,5;84,8;92,1;100;54;53,59444444;44,07592593;52,0537037;58,04814815;21,5;68,2;67,7;70,9;10,7;81,30987654;71,3;91,7
Piauí;2020;63,15773537;31,74303417;48,4;11,8;63,3;4,7;0,7;69,9;66,1;12,3;0;96,9;12,5;1,9;0;8,2;51,1;44,41481481;44,61851852;69,85740741;100;52,21851852;51,28950617;12,97530864;62,90061728;52,9962963;58,95555556;15,1;21,6;78,5;60,7;44,6;88,1;14,7;53,59444444;44,07592593;52,0537037;58,04814815;22,4;59,8;66,7;70;1,2;81,30987654;50;78,3
Paraná;2020;64,56045046;62,69597027;94,8;77,1;86,5;99;100;95,5;95,5;19;11,1;55;42;24,4;54,2;87,8;76,4;44,41481481;44,61851852;69,85740741;100;52,21851852;51,28950617;12,97530864;62,90061728;52,9962963;58,95555556;45;98,2;99,6;94,8;99,2;87,2;100;53,59444444;44,07592593;52,0537037;58,04814815;50,7;64,3;100;38,2;14,3;81,30987654;56,5;93,4
Rio de Janeiro;2020;65,04566989;100;85,4;45,9;59,4;15;36,4;99,4;94,6;18,8;55,6;37;56,4;46,6;81,3;74,9;18,3;44,41481481;44,61851852;69,85740741;20;52,21851852;51,28950617;12,97530864;62,90061728;52,9962963;58,95555556;32,9;92,5;97,5;96,1;56,8;82,2;100;53,59444444;44,07592593;52,0537037;58,04814815;49;71,1;49,5;33,7;25,5;81,30987654;0;88,7
Rio Grande do Norte;2020;65,92993639;51,25000491;44;29,9;49,3;13,8;11,1;0;89,3;100;0;80,1;31,5;5,6;36,1;50,1;29,3;44,41481481;44,61851852;69,85740741;100;52,21851852;51,28950617;12,97530864;62,90061728;52,9962963;58,95555556;81,7;62,6;77,1;78,2;82,3;86,4;100;53,59444444;44,07592593;52,0537037;58,04814815;22,5;83,4;61,4;63,3;2,5;81,30987654;86,3;99,6
Rondônia;2020;22,39343333;0;65,5;0;31,9;37,6;30;82,9;84,8;26,1;66,7;77;8,3;4,7;14,4;34,4;68,7;44,41481481;44,61851852;69,85740741;0;52,21851852;51,28950617;12,97530864;62,90061728;52,9962963;58,95555556;90,3;57,6;71,4;73,4;92,1;96,8;100;53,59444444;44,07592593;52,0537037;58,04814815;23,4;65,9;56,8;79,3;0,7;81,30987654;69,4;69,3
Roraima;2020;81,21603238;69,50625382;77,2;68,1;30;0;0;97,1;94,6;21,1;44,4;62,3;34,3;13,9;63,1;43;25,2;44,41481481;44,61851852;69,85740741;0;52,21851852;51,28950617;12,97530864;62,90061728;52,9962963;58,95555556;100;34,3;57;0;0;0;80,7;53,59444444;44,07592593;52,0537037;58,04814815;15,4;73,1;71;89,9;0;81,30987654;67,7;0
Rio Grande do Sul;2020;65,51743485;50,30299876;79,2;22,9;71,3;100;79;94,9;96,4;15,2;0;53,4;32,5;24,3;52,1;85,5;78,4;44,41481481;44,61851852;69,85740741;50;52,21851852;51,28950617;12,97530864;62,90061728;52,9962963;58,95555556;28,7;99;100;98,3;94,5;91,8;88,9;53,59444444;44,07592593;52,0537037;58,04814815;61,4;79,3;61,5;0;10,2;81,30987654;37,7;80,4
Santa Catarina;2020;64,5071388;58,44453526;93,9;27,1;86,6;90,7;84,5;94,4;99,1;34,7;0;54,4;42,3;22,8;57,7;100;100;44,41481481;44,61851852;69,85740741;70;52,21851852;51,28950617;12,97530864;62,90061728;52,9962963;58,95555556;72,8;86,9;94;95,4;84,5;99,3;100;53,59444444;44,07592593;52,0537037;58,04814815;53,8;91,3;76,9;46,6;8,9;81,30987654;88,5;92,3
Sergipe;2020;63,90638042;48,90834563;0;22,7;60,7;28,4;26,4;81,3;92,9;49,4;0;86,3;9,2;3;14,9;24,7;10,9;44,41481481;44,61851852;69,85740741;10;52,21851852;51,28950617;12,97530864;62,90061728;52,9962963;58,95555556;79,9;40;73,4;69,8;75,2;81,8;84,8;53,59444444;44,07592593;52,0537037;58,04814815;26,2;94,7;64,5;44,1;1;81,30987654;77,1;95
São Paulo;2020;65,82539108;94,16924474;91,2;77,1;85,7;38,4;71,5;99,9;97,3;6,4;100;34,7;54,1;40,6;76,2;91,5;43,6;44,41481481;44,61851852;69,85740741;100;52,21851852;51,28950617;12,97530864;62,90061728;52,9962963;58,95555556;0;100;99,8;100;92,1;80,1;73;53,59444444;44,07592593;52,0537037;58,04814815;100;42,9;95,1;80,8;100;81,30987654;82,9;91,4
Tocantins;2020;54,7670584;49,23915478;49,4;25,6;86,8;5,9;0,3;81,2;39,3;16,8;11,1;80,3;30,8;6,7;34,1;47,9;59,8;44,41481481;44,61851852;69,85740741;70;52,21851852;51,28950617;12,97530864;62,90061728;52,9962963;58,95555556;38,4;45,8;51,2;59,9;40,3;83,6;41,3;53,59444444;44,07592593;52,0537037;58,04814815;19,2;88,9;62,9;43,6;0,9;81,30987654;36,7;99,2
Acre;2021;0;45,09894923;54,33580247;34,00802469;68,04814815;34,91975309;38,63518519;94,1;72,8;21,01666667;62,5;77,4;34,3;4,1;25,5;39,8;32,1;12,9;44,61851852;69,85740741;0;52,21851852;51,28950617;18;53,5;48,2;71;40,42160494;42,1;25,8;42,5;60,65493827;64,2;52,01481481;39,6;20,9;73,5;51,7;10,1;89,8;0;57,00925926;0,2;81,30987654;57,2;56,9
Alagoas;2021;65,7;45,09894923;54,33580247;34,00802469;68,04814815;34,91975309;38,63518519;92,7;72,8;21,01666667;37,5;93,2;12,1;5,9;7,8;37,3;15;3,4;44,61851852;69,85740741;70;52,21851852;51,28950617;16;52,7;52,1;67;40,42160494;66;53,7;76,9;60,65493827;68,6;52,01481481;54,7;37,2;0;1,4;8,9;100;64,6;57,00925926;3,6;81,30987654;48,9;61,4
Amazonas;2021;81,4;45,09894923;54,33580247;34,00802469;68,04814815;34,91975309;38,63518519;98,5;72,8;21,01666667;75;88,9;17,7;18,2;29,2;4,6;34,1;30,5;44,61851852;69,85740741;50;52,21851852;51,28950617;20;59,5;62,3;64,2;40,42160494;90,1;76,8;77,9;60,65493827;94,6;52,01481481;51,4;64,7;55,8;69,3;13,5;0;86;57,00925926;6,8;81,30987654;42;91,8
Amapá;2021;100;45,09894923;54,33580247;34,00802469;68,04814815;34,91975309;38,63518519;100;72,8;21,01666667;37,5;75,2;34,9;7;50,2;30,1;22,1;28;44,61851852;69,85740741;50;52,21851852;51,28950617;27;58,4;0;0;40,42160494;0;0,9;46,2;60,65493827;29,8;52,01481481;78,3;0;92,5;23,9;12,2;15;86,5;57,00925926;0,3;81,30987654;96,8;70,4
Bahia;2021;63,9;45,09894923;54,33580247;34,00802469;68,04814815;34,91975309;38,63518519;86,2;72,8;21,01666667;0;96,3;0,4;7,3;6,3;17,9;3,1;29,4;44,61851852;69,85740741;70;52,21851852;51,28950617;23;37,1;39;68,2;40,42160494;90,9;73,4;87,3;60,65493827;91,6;52,01481481;95,9;39,3;88,9;69,9;19;43,9;74,8;57,00925926;18,4;81,30987654;53,5;89,5
Ceará;2021;66,2;45,09894923;54,33580247;34,00802469;68,04814815;34,91975309;38,63518519;86,6;72,8;21,01666667;87,5;91,2;9,4;2,3;17,7;21,4;45;16,9;44,61851852;69,85740741;100;52,21851852;51,28950617;2;76,3;87,1;94,9;40,42160494;82,7;78,5;85,5;60,65493827;65,4;52,01481481;54,7;27;35,4;0;28,7;75,4;63,9;57,00925926;8,7;81,30987654;53;81,6
Distrito Federal;2021;66,5;45,09894923;54,33580247;34,00802469;68,04814815;34,91975309;38,63518519;99,9;72,8;21,01666667;50;0;100;100;100;86;41,1;70,1;44,61851852;69,85740741;80;52,21851852;51,28950617;5;71,6;91,8;73,4;40,42160494;75;0;92,2;60,65493827;75,1;52,01481481;0;30,1;70,3;36;59,3;72,2;66,7;57,00925926;23,1;81,30987654;76,8;73,4
Espírito Santo;2021;62;45,09894923;54,33580247;34,00802469;68,04814815;34,91975309;38,63518519;99,6;72,8;21,01666667;0;68,1;21,8;17,4;35,2;63;60,9;51,5;44,61851852;69,85740741;100;52,21851852;51,28950617;8;74,2;63,3;82,4;40,42160494;94,1;78;93,5;60,65493827;93,1;52,01481481;82,1;66,4;17,3;49,9;36,8;68,2;81,5;57,00925926;4,8;81,30987654;45,4;92,3
Goiás;2021;64,6;45,09894923;54,33580247;34,00802469;68,04814815;34,91975309;38,63518519;90,7;72,8;21,01666667;100;68,5;25,8;10,4;38,1;58,6;59,8;67,5;44,61851852;69,85740741;100;52,21851852;51,28950617;7;68,9;92,9;62;40,42160494;64,1;56,3;79,8;60,65493827;93,2;52,01481481;79,9;39,3;69,2;97,5;38,8;68,6;70;57,00925926;4,4;81,30987654;36,2;72,1
Maranhão;2021;56,8;45,09894923;54,33580247;34,00802469;68,04814815;34,91975309;38,63518519;89,2;72,8;21,01666667;37,5;100;0;0,3;10;2,6;28,5;0;44,61851852;69,85740741;70;52,21851852;51,28950617;26;68,8;66,4;73,1;40,42160494;67,9;52,6;79,3;60,65493827;60,8;52,01481481;43,4;32,9;27,4;65,5;0;35,7;80,4;57,00925926;2,4;81,30987654;55,5;65,2
Minas Gerais;2021;64,1;45,09894923;54,33580247;34,00802469;68,04814815;34,91975309;38,63518519;90,3;72,8;21,01666667;75;74;26;15,7;31,5;63,4;57,1;55,4;44,61851852;69,85740741;100;52,21851852;51,28950617;3;100;81,4;76,2;40,42160494;87,2;79,6;94,3;60,65493827;56,3;52,01481481;91,2;63,4;73,3;55,5;42,3;63,4;74,9;57,00925926;21,7;81,30987654;32,9;87,6
Mato Grosso do Sul;2021;65;45,09894923;54,33580247;34,00802469;68,04814815;34,91975309;38,63518519;83,2;72,8;21,01666667;37,5;61,8;34,5;25,9;36,2;71,4;78,3;68,2;44,61851852;69,85740741;20;52,21851852;51,28950617;13;75,3;61,4;65,6;40,42160494;76,6;69,8;88,1;60,65493827;90,9;52,01481481;56,3;38,3;69,9;86,8;30;84,4;83,3;57,00925926;2,2;81,30987654;36,6;90,6
Mato Grosso;2021;46;45,09894923;54,33580247;34,00802469;68,04814815;34,91975309;38,63518519;93,1;72,8;21,01666667;100;65;28,9;24,7;30,5;62,8;82,5;65,8;44,61851852;69,85740741;20;52,21851852;51,28950617;10;66,4;78,1;73,8;40,42160494;77,2;72,2;80,9;60,65493827;69,3;52,01481481;61;27,3;37,6;49,5;37,5;84,3;72,6;57,00925926;6,3;81,30987654;20,7;89,9
Pará;2021;37,1;45,09894923;54,33580247;34,00802469;68,04814815;34,91975309;38,63518519;96;72,8;21,01666667;87,5;89,2;5;6,5;5,9;0;51;28,4;44,61851852;69,85740741;100;52,21851852;51,28950617;25;67,2;39,1;70,6;40,42160494;86,4;81,3;83,3;60,65493827;81,7;52,01481481;54,4;26;100;56;5;20,6;57,3;57,00925926;9,5;81,30987654;21,8;91,4
Paraíba;2021;65,5;45,09894923;54,33580247;34,00802469;68,04814815;34,91975309;38,63518519;24,4;72,8;21,01666667;50;90,2;16,9;2;3,2;26,2;35,4;11,3;44,61851852;69,85740741;30;52,21851852;51,28950617;17;68,8;50,6;64,2;40,42160494;77,5;32,5;78,7;60,65493827;87,7;52,01481481;79,9;47,2;32,2;30;33,3;81,8;87,9;57,00925926;2,5;81,30987654;62,9;96,6
Pernambuco;2021;65,9;45,09894923;54,33580247;34,00802469;68,04814815;34,91975309;38,63518519;88,4;72,8;21,01666667;50;90;11;10,4;14,7;26,6;0;16,4;44,61851852;69,85740741;80;52,21851852;51,28950617;14;53,6;70;70,1;40,42160494;83,7;63,6;86,3;60,65493827;94;52,01481481;70,1;21,9;60,1;34;21,2;66,3;73,2;57,00925926;20,4;81,30987654;57,9;87,6
Piauí;2021;63,2;45,09894923;54,33580247;34,00802469;68,04814815;34,91975309;38,63518519;85;72,8;21,01666667;0;96,5;12,9;0;0;11,1;43,9;37;44,61851852;69,85740741;80;52,21851852;51,28950617;15;75;56,9;100;40,42160494;15;55,6;65,3;60,65493827;65,8;52,01481481;34,6;16,3;45,3;62,2;16;81,9;59,1;57,00925926;1,2;81,30987654;56,5;74,5
Paraná;2021;64,6;45,09894923;54,33580247;34,00802469;68,04814815;34,91975309;38,63518519;97,8;72,8;21,01666667;37,5;56,3;43,3;26,8;49,2;82,4;80;77,7;44,61851852;69,85740741;100;52,21851852;51,28950617;6;85,3;86,5;61,2;40,42160494;99,9;99,4;95,3;60,65493827;89,6;52,01481481;94,8;56;72;79,7;50,3;39,2;100;57,00925926;13,4;81,30987654;47,8;90,3
Rio de Janeiro;2021;65;45,09894923;54,33580247;34,00802469;68,04814815;34,91975309;38,63518519;99,9;72,8;21,01666667;50;42,1;56,4;43,3;72,5;68,5;21;46,6;44,61851852;69,85740741;50;52,21851852;51,28950617;11;56,8;71,7;63,8;40,42160494;90,2;87,5;93,6;60,65493827;88,2;52,01481481;57,1;64,3;83,2;35,6;45,2;49;59,6;57,00925926;24,9;81,30987654;0;87,6
Rio Grande do Norte;2021;65,9;45,09894923;54,33580247;34,00802469;68,04814815;34,91975309;38,63518519;0;72,8;21,01666667;50;83,1;29;4,6;26,1;45,9;35,3;36,1;44,61851852;69,85740741;80;52,21851852;51,28950617;21;67,9;43,2;81,8;40,42160494;67,7;51,2;79;60,65493827;70,3;52,01481481;54,7;21,9;7;90,9;24,4;88,1;56;57,00925926;3,5;81,30987654;73,7;100
Rondônia;2021;22,4;45,09894923;54,33580247;34,00802469;68,04814815;34,91975309;38,63518519;91,9;72,8;21,01666667;62,5;78,4;9,9;8,5;16,6;38,3;76;50,8;44,61851852;69,85740741;0;52,21851852;51,28950617;12;58,6;65,6;33,7;40,42160494;60,8;30,5;73;60,65493827;75,1;52,01481481;47,3;40,5;72,8;47,5;18,7;79,2;61,8;57,00925926;0,9;81,30987654;84,8;65,9
Roraima;2021;81,2;45,09894923;54,33580247;34,00802469;68,04814815;34,91975309;38,63518519;98,9;72,8;21,01666667;0;74,6;38,1;13,5;54,9;36,6;54,5;34,1;44,61851852;69,85740741;0;52,21851852;51,28950617;24;0;43,3;36,9;40,42160494;34,1;11,2;0;60,65493827;0;52,01481481;39,6;17,8;61,7;100;10,3;71,1;73,5;57,00925926;0;81,30987654;100;0
Rio Grande do Sul;2021;65,5;45,09894923;54,33580247;34,00802469;68,04814815;34,91975309;38,63518519;96,5;72,8;21,01666667;37,5;52;35,5;26,8;50,7;85,6;77,2;74,3;44,61851852;69,85740741;30;52,21851852;51,28950617;9;78;73,5;76,6;40,42160494;96,3;100;98,6;60,65493827;84,4;52,01481481;100;69,6;63,7;40,1;51,5;52,3;65,6;57,00925926;12;81,30987654;27,3;77,1
Santa Catarina;2021;64,5;45,09894923;54,33580247;34,00802469;68,04814815;34,91975309;38,63518519;98,1;72,8;21,01666667;37,5;51;39,7;26,1;51,9;100;100;100;44,61851852;69,85740741;100;52,21851852;51,28950617;4;72,8;89,4;92,6;40,42160494;86,6;86,1;96;60,65493827;94,8;52,01481481;88,7;46,5;62,8;97,1;53,7;73,1;86;57,00925926;10,1;81,30987654;72,8;85,4
Sergipe;2021;63,9;45,09894923;54,33580247;34,00802469;68,04814815;34,91975309;38,63518519;86,3;72,8;21,01666667;0;87,7;6,6;3,9;5,6;21,6;14,2;13,5;44,61851852;69,85740741;20;52,21851852;51,28950617;22;89;43,3;73,7;40,42160494;36,5;41,1;72,3;60,65493827;85,8;52,01481481;58,2;44,1;75,2;35,6;20,9;79,4;69;57,00925926;1,4;81,30987654;66,2;90,3
São Paulo;2021;65,8;45,09894923;54,33580247;34,00802469;68,04814815;34,91975309;38,63518519;100;72,8;21,01666667;87,5;42,6;55,9;40,9;71,3;88,9;45;58,5;44,61851852;69,85740741;100;52,21851852;51,28950617;1;93,3;100;76;40,42160494;100;97,6;100;60,65493827;63,3;52,01481481;71,7;100;92,8;58,7;100;31,1;97,7;57,00925926;100;81,30987654;66,4;87,7
Tocantins;2021;54,8;45,09894923;54,33580247;34,00802469;68,04814815;34,91975309;38,63518519;93,1;72,8;21,01666667;0;75,7;32,4;8,9;33,2;47,7;45,3;46,4;44,61851852;69,85740741;100;52,21851852;51,28950617;19;65,2;87,3;39,2;40,42160494;46,3;1,7;63,3;60,65493827;100;52,01481481;60,7;43,9;86,9;22,6;14,6;79,7;67,3;57,00925926;0,5;81,30987654;35;97
Acre;2022;62,71693765;45,09894923;54,33580247;34,00802469;68,04814815;34,91975309;38,63518519;83,6;93,3;21,01666667;62,5;77,7;33,8;4,7;24,1;41,3;31,5;9,7;19,3;97,2;0;52,21851852;17,7;12,97530864;72,4;16,4;26,4;40,42160494;43,5;28,2;41,9;60,65493827;68,93148148;52,01481481;0;33,4;42,8;82,3;21,3;85,9;0;57,00925926;0,1;0;64,3;59,1
Alagoas;2022;62,71693765;45,09894923;54,33580247;34,00802469;68,04814815;34,91975309;38,63518519;52,2;92,3;21,01666667;37,5;94,7;4,7;6,6;6,6;44,8;36,8;2;42,5;62,1;50;52,21851852;39,7;12,97530864;75,9;45,7;65,3;40,42160494;78,5;61,4;78,5;60,65493827;68,93148148;52,01481481;12,9;36,2;83,4;22,6;11,4;73,3;74,1;57,00925926;3,1;88,9;48,7;63,8
Amazonas;2022;62,71693765;45,09894923;54,33580247;34,00802469;68,04814815;34,91975309;38,63518519;95,8;68,9;21,01666667;100;86,8;22;18,9;37,4;11,5;40,7;26,7;21,5;79,4;50;52,21851852;0;12,97530864;53,4;38,3;22,1;40,42160494;86,1;81,8;79,5;60,65493827;68,93148148;52,01481481;24,6;23,7;55,1;77,4;17,7;32,2;75,3;57,00925926;5,6;33,3;42,5;95,3
Amapá;2022;62,71693765;45,09894923;54,33580247;34,00802469;68,04814815;34,91975309;38,63518519;100;94,5;21,01666667;37,5;77,8;30;3,3;40,8;36,1;26,2;17,6;25,9;80,4;50;52,21851852;9,5;12,97530864;72,4;0;0;40,42160494;0;1,8;48,7;60,65493827;68,93148148;52,01481481;68,5;0;3,1;98,5;28,6;0;89,2;57,00925926;0,3;77,8;100;73,2
Bahia;2022;62,71693765;45,09894923;54,33580247;34,00802469;68,04814815;34,91975309;38,63518519;60,5;68,1;21,01666667;0;97,6;1,3;4,6;0,8;23,4;0;27,4;14,4;40,5;100;52,21851852;39,9;12,97530864;55,2;19,5;64,5;40,42160494;93,1;74,9;88,3;60,65493827;68,93148148;52,01481481;83,3;41,8;72,7;31,9;21,9;41,2;53,8;57,00925926;16,6;72,2;46,8;93
Ceará;2022;62,71693765;45,09894923;54,33580247;34,00802469;68,04814815;34,91975309;38,63518519;71,2;95,6;21,01666667;87,5;95;9,6;1,8;17,4;24,6;52;16,4;49,3;51,1;50;52,21851852;45,9;12,97530864;72,4;76,6;75,2;40,42160494;82,9;77,2;84,3;60,65493827;68,93148148;52,01481481;41,3;45,8;31,6;2,6;27,4;82;52,5;57,00925926;9,9;72,2;44;90,3
Distrito Federal;2022;62,71693765;45,09894923;54,33580247;34,00802469;68,04814815;34,91975309;38,63518519;100;74,5;21,01666667;50;0;100;100;100;89,6;35,5;81,9;70,3;65,3;30;52,21851852;91;12,97530864;72,4;79,3;61,1;40,42160494;75,9;0;92,3;60,65493827;68,93148148;52,01481481;58,9;25,1;100;79,2;66;72,1;71,1;57,00925926;21,3;100;72,5;86,4
Espírito Santo;2022;62,71693765;45,09894923;54,33580247;34,00802469;68,04814815;34,91975309;38,63518519;97,4;100;21,01666667;100;64,8;27,1;20,8;33,7;65;65;67,8;48,8;88,9;50;52,21851852;84,1;12,97530864;55,2;40,2;73,9;40,42160494;93,2;82,1;93,9;60,65493827;68,93148148;52,01481481;56,6;61;3,9;64,5;40,9;74,4;82,5;57,00925926;4,8;100;58;98,2
Goiás;2022;62,71693765;45,09894923;54,33580247;34,00802469;68,04814815;34,91975309;38,63518519;79,2;47,1;21,01666667;100;67,3;26,7;11,7;38,1;65,4;71,9;71,1;100;88,6;100;52,21851852;56,8;12,97530864;55,2;73;47,5;40,42160494;66,9;61,2;80,5;60,65493827;68,93148148;52,01481481;97,9;36,1;59,8;56,6;40,5;77;83,2;57,00925926;5,2;100;41,2;80
Maranhão;2022;62,71693765;45,09894923;54,33580247;34,00802469;68,04814815;34,91975309;38,63518519;78,7;34,6;21,01666667;37,5;100;4,5;0;9;7,4;43,6;0;53,7;61,1;100;52,21851852;14,4;12,97530864;82,8;42,6;70,1;40,42160494;74,6;54,2;80,7;60,65493827;68,93148148;52,01481481;12,2;20,1;0;31,9;0;32,4;71,9;57,00925926;2,5;83,3;71,4;73,5
Minas Gerais;2022;62,71693765;45,09894923;54,33580247;34,00802469;68,04814815;34,91975309;38,63518519;79,4;85,9;21,01666667;87,5;75,4;18,7;16,4;29,2;67,7;71,4;65,7;84,2;81,9;100;52,21851852;100;12,97530864;93,1;75,4;65,9;40,42160494;86,6;80,5;94,9;60,65493827;68,93148148;52,01481481;84,7;71,7;84,1;41,4;43,4;55,4;81;57,00925926;22,6;88,9;60,3;90,7
Mato Grosso do Sul;2022;62,71693765;45,09894923;54,33580247;34,00802469;68,04814815;34,91975309;38,63518519;68,3;7,6;21,01666667;37,5;54,9;36,7;34,2;42,6;78,9;90,2;73,2;84,2;94,3;20;52,21851852;49,6;12,97530864;75,9;41,8;66,9;40,42160494;76,7;73,1;89,7;60,65493827;68,93148148;52,01481481;45,8;17,6;45,8;59,5;35,6;82,1;96,5;57,00925926;2,4;94,4;30,1;94,6
Mato Grosso;2022;62,71693765;45,09894923;54,33580247;34,00802469;68,04814815;34,91975309;38,63518519;83,1;46,1;21,01666667;100;56,5;16,1;43,7;25,2;71,5;96,3;67,3;67,6;95,9;70;52,21851852;41;12,97530864;37,9;77,7;62,4;40,42160494;82,8;79,3;83,8;60,65493827;68,93148148;52,01481481;48,5;29,2;50,7;100;40,9;56,6;78,2;57,00925926;6,5;88,9;31,3;96,5
Pará;2022;62,71693765;45,09894923;54,33580247;34,00802469;68,04814815;34,91975309;38,63518519;91,2;81;21,01666667;100;89,7;0;12,2;0;0;50,5;39,1;86,6;56,9;100;52,21851852;16,3;12,97530864;58,6;21,5;35,2;40,42160494;92,2;80,8;82;60,65493827;68,93148148;52,01481481;24,2;21,9;21,8;41;6,4;39,7;46,6;57,00925926;8,7;50;24,3;98,4
Paraíba;2022;62,71693765;45,09894923;54,33580247;34,00802469;68,04814815;34,91975309;38,63518519;28,6;95,1;21,01666667;50;89,9;13,1;0,7;0,7;28;30,3;7,3;33,2;47,9;20;52,21851852;49,3;12,97530864;44,8;34,4;54,7;40,42160494;77,5;0,9;79,7;60,65493827;68,93148148;52,01481481;48,4;59,7;67;63,8;21;90,7;88,7;57,00925926;2;88,9;76,9;99,9
Pernambuco;2022;62,71693765;45,09894923;54,33580247;34,00802469;68,04814815;34,91975309;38,63518519;85,2;93,8;21,01666667;50;93,3;15,4;4,5;19,9;29,7;10,5;18,5;15;59;100;52,21851852;54,1;12,97530864;41,4;34,4;55,5;40,42160494;83,4;58,5;84,1;60,65493827;68,93148148;52,01481481;50,9;28,6;94,7;0;23,8;77,5;65;57,00925926;16,6;83,3;59,7;93,4
Piauí;2022;62,71693765;45,09894923;54,33580247;34,00802469;68,04814815;34,91975309;38,63518519;56,6;58,8;21,01666667;75;91,7;24,5;4,3;3,3;17,6;45,9;31,8;88;0;50;52,21851852;35,5;12,97530864;87,9;29,7;69,3;40,42160494;24,4;51,7;67,7;60,65493827;68,93148148;52,01481481;7,7;33,4;45,5;54,1;11;65,3;50;57,00925926;1,6;55,6;62;77,4
Paraná;2022;62,71693765;45,09894923;54,33580247;34,00802469;68,04814815;34,91975309;38,63518519;97,6;99,1;21,01666667;50;56,1;35,5;28;44;84,9;83;72,6;64,3;88,9;100;52,21851852;76;12,97530864;55,2;76,6;76,8;40,42160494;100;100;95,5;60,65493827;68,93148148;52,01481481;83,3;61,7;26,2;95,3;48,4;48,3;90,6;57,00925926;17,1;94,4;68,4;90,7
Rio de Janeiro;2022;62,71693765;45,09894923;54,33580247;34,00802469;68,04814815;34,91975309;38,63518519;99,3;98,4;21,01666667;50;45,1;53,2;40,5;75,6;69,7;22,5;49,2;0;78,8;30;52,21851852;86,1;12,97530864;46,6;71,1;78,9;40,42160494;84,6;84,7;95,5;60,65493827;68,93148148;52,01481481;64;65,5;86,9;52,2;55;55,1;66;57,00925926;26,9;94,4;0;91,9
Rio Grande do Norte;2022;62,71693765;45,09894923;54,33580247;34,00802469;68,04814815;34,91975309;38,63518519;0;90,1;21,01666667;50;85,7;20,1;6,7;23,2;47,6;32,5;18,2;57,8;53,9;30;52,21851852;58,3;12,97530864;100;27,3;69,6;40,42160494;61,6;44,5;78,8;60,65493827;68,93148148;52,01481481;21,8;12,6;42,9;94;27,8;100;52,6;57,00925926;3,1;94,4;68,5;100
Rondônia;2022;62,71693765;45,09894923;54,33580247;34,00802469;68,04814815;34,91975309;38,63518519;83,2;74,3;21,01666667;75;74,7;17,7;13,3;13,9;36,4;90,6;60,1;69,5;100;20;52,21851852;27,1;12,97530864;46,6;73;24,3;40,42160494;78,9;40,8;73,8;60,65493827;68,93148148;52,01481481;33;41,1;50,3;21,1;34,9;63,6;47,6;57,00925926;1,2;72,2;95,5;68,5
Roraima;2022;62,71693765;45,09894923;54,33580247;34,00802469;68,04814815;34,91975309;38,63518519;97,9;86,1;21,01666667;0;74,4;24,6;16,2;54;39,9;80,3;29;85;91,7;0;52,21851852;40;12,97530864;0;59,8;31,2;40,42160494;21,2;14,2;0;60,65493827;68,93148148;52,01481481;0;18,3;49,8;83,7;20,6;82,1;46,3;57,00925926;0;72,2;97,6;0
Rio Grande do Sul;2022;62,71693765;45,09894923;54,33580247;34,00802469;68,04814815;34,91975309;38,63518519;90,6;99,1;21,01666667;100;52,8;29;28,4;46,5;84;80,7;83,6;63,5;86,4;70;52,21851852;81,3;12,97530864;100;44,9;77,6;40,42160494;97,9;99,6;98,5;60,65493827;68,93148148;52,01481481;100;77,9;65,9;78,1;51,7;59,7;83,7;57,00925926;12,9;94,4;52,6;81,7
Santa Catarina;2022;62,71693765;45,09894923;54,33580247;34,00802469;68,04814815;34,91975309;38,63518519;94,4;99,3;21,01666667;0;51,7;36,3;32,6;47,2;100;100;100;75,7;99,6;80;52,21851852;90,6;12,97530864;63,8;61,7;95,2;40,42160494;87,3;83;96;60,65493827;68,93148148;52,01481481;69,5;50,9;79,2;78,2;50,8;76,7;79,2;57,00925926;10,4;94,4;83,6;91
Sergipe;2022;62,71693765;45,09894923;54,33580247;34,00802469;68,04814815;34,91975309;38,63518519;34,8;93,8;21,01666667;0;91,5;7,6;4,3;5,9;27,3;21,2;28;49;16,9;70;52,21851852;48,8;12,97530864;81;30,5;63,5;40,42160494;42,1;46,5;73,8;60,65493827;68,93148148;52,01481481;16,4;11,5;91,7;38,6;24,1;72,1;81,3;57,00925926;1,2;72,2;68,5;94,1
São Paulo;2022;62,71693765;45,09894923;54,33580247;34,00802469;68,04814815;34,91975309;38,63518519;99,9;99,6;21,01666667;100;44,3;53,5;43;71,4;88,3;54,9;77,9;51,2;80,9;50;52,21851852;96,9;12,97530864;87,9;100;100;40,42160494;99,8;99,9;100;60,65493827;68,93148148;52,01481481;75,2;100;55,8;72,6;100;72,7;100;57,00925926;100;100;70;93,5
Tocantins;2022;62,71693765;45,09894923;54,33580247;34,00802469;68,04814815;34,91975309;38,63518519;82,6;0;21,01666667;0;75;28,5;10,4;36,3;52,4;78,3;68,1;73,8;84;40;52,21851852;29;12,97530864;51,7;72,7;59,2;40,42160494;40;14,3;66,2;60,65493827;68,93148148;52,01481481;29,1;51,7;39,4;64,4;21,7;52,4;64;57,00925926;0,7;77,8;41,8;98,8
;;;;;;;;;;;;;;;;;;;;;;;;;;;;;;;;;;;;;;;;;;;;;;;
;;;;;;;;;;;;;;;;;;;;;;;;;;;;;;;;;;;;;;;;;;;;;;;
;;;;;;;;;;;;;;;;;;;;;;;;;;;;;;;;;;;;;;;;;;;;;;;
;;;;;;;;;;;;;;;;;;;;;;;;;;;;;;;;;;;;;;;;;;;;;;;
;;;;;;;;;;;;;;;;;;;;;;;;;;;;;;;;;;;;;;;;;;;;;;;
;;;;;;;;;;;;;;;;;;;;;;;;;;;;;;;;;;;;;;;;;;;;;;;
;;;;;;;;;;;;;;;;;;;;;;;;;;;;;;;;;;;;;;;;;;;;;;;
;;;;;;;;;;;;;;;;;;;;;;;;;;;;;;;;;;;;;;;;;;;;;;;
;;;;;;;;;;;;;;;;;;;;;;;;;;;;;;;;;;;;;;;;;;;;;;;
;;;;;;;;;;;;;;;;;;;;;;;;;;;;;;;;;;;;;;;;;;;;;;;
;;;;;;;;;;;;;;;;;;;;;;;;;;;;;;;;;;;;;;;;;;;;;;;
;;;;;;;;;;;;;;;;;;;;;;;;;;;;;;;;;;;;;;;;;;;;;;;
;;;;;;;;;;;;;;;;;;;;;;;;;;;;;;;;;;;;;;;;;;;;;;;
;;;;;;;;;;;;;;;;;;;;;;;;;;;;;;;;;;;;;;;;;;;;;;;
;;;;;;;;;;;;;;;;;;;;;;;;;;;;;;;;;;;;;;;;;;;;;;;
;;;;;;;;;;;;;;;;;;;;;;;;;;;;;;;;;;;;;;;;;;;;;;;
;;;;;;;;;;;;;;;;;;;;;;;;;;;;;;;;;;;;;;;;;;;;;;;
;;;;;;;;;;;;;;;;;;;;;;;;;;;;;;;;;;;;;;;;;;;;;;;
;;;;;;;;;;;;;;;;;;;;;;;;;;;;;;;;;;;;;;;;;;;;;;;
;;;;;;;;;;;;;;;;;;;;;;;;;;;;;;;;;;;;;;;;;;;;;;;
;;;;;;;;;;;;;;;;;;;;;;;;;;;;;;;;;;;;;;;;;;;;;;;
;;;;;;;;;;;;;;;;;;;;;;;;;;;;;;;;;;;;;;;;;;;;;;;
;;;;;;;;;;;;;;;;;;;;;;;;;;;;;;;;;;;;;;;;;;;;;;;
;;;;;;;;;;;;;;;;;;;;;;;;;;;;;;;;;;;;;;;;;;;;;;;
;;;;;;;;;;;;;;;;;;;;;;;;;;;;;;;;;;;;;;;;;;;;;;;
;;;;;;;;;;;;;;;;;;;;;;;;;;;;;;;;;;;;;;;;;;;;;;;
;;;;;;;;;;;;;;;;;;;;;;;;;;;;;;;;;;;;;;;;;;;;;;;
;;;;;;;;;;;;;;;;;;;;;;;;;;;;;;;;;;;;;;;;;;;;;;;
;;;;;;;;;;;;;;;;;;;;;;;;;;;;;;;;;;;;;;;;;;;;;;;
;;;;;;;;;;;;;;;;;;;;;;;;;;;;;;;;;;;;;;;;;;;;;;;
;;;;;;;;;;;;;;;;;;;;;;;;;;;;;;;;;;;;;;;;;;;;;;;
;;;;;;;;;;;;;;;;;;;;;;;;;;;;;;;;;;;;;;;;;;;;;;;
;;;;;;;;;;;;;;;;;;;;;;;;;;;;;;;;;;;;;;;;;;;;;;;
;;;;;;;;;;;;;;;;;;;;;;;;;;;;;;;;;;;;;;;;;;;;;;;
;;;;;;;;;;;;;;;;;;;;;;;;;;;;;;;;;;;;;;;;;;;;;;;
;;;;;;;;;;;;;;;;;;;;;;;;;;;;;;;;;;;;;;;;;;;;;;;
;;;;;;;;;;;;;;;;;;;;;;;;;;;;;;;;;;;;;;;;;;;;;;;
;;;;;;;;;;;;;;;;;;;;;;;;;;;;;;;;;;;;;;;;;;;;;;;
;;;;;;;;;;;;;;;;;;;;;;;;;;;;;;;;;;;;;;;;;;;;;;;
;;;;;;;;;;;;;;;;;;;;;;;;;;;;;;;;;;;;;;;;;;;;;;;
;;;;;;;;;;;;;;;;;;;;;;;;;;;;;;;;;;;;;;;;;;;;;;;
;;;;;;;;;;;;;;;;;;;;;;;;;;;;;;;;;;;;;;;;;;;;;;;
;;;;;;;;;;;;;;;;;;;;;;;;;;;;;;;;;;;;;;;;;;;;;;;
;;;;;;;;;;;;;;;;;;;;;;;;;;;;;;;;;;;;;;;;;;;;;;;
;;;;;;;;;;;;;;;;;;;;;;;;;;;;;;;;;;;;;;;;;;;;;;;
;;;;;;;;;;;;;;;;;;;;;;;;;;;;;;;;;;;;;;;;;;;;;;;
;;;;;;;;;;;;;;;;;;;;;;;;;;;;;;;;;;;;;;;;;;;;;;;
;;;;;;;;;;;;;;;;;;;;;;;;;;;;;;;;;;;;;;;;;;;;;;;
;;;;;;;;;;;;;;;;;;;;;;;;;;;;;;;;;;;;;;;;;;;;;;;
;;;;;;;;;;;;;;;;;;;;;;;;;;;;;;;;;;;;;;;;;;;;;;;
;;;;;;;;;;;;;;;;;;;;;;;;;;;;;;;;;;;;;;;;;;;;;;;
;;;;;;;;;;;;;;;;;;;;;;;;;;;;;;;;;;;;;;;;;;;;;;;
;;;;;;;;;;;;;;;;;;;;;;;;;;;;;;;;;;;;;;;;;;;;;;;
;;;;;;;;;;;;;;;;;;;;;;;;;;;;;;;;;;;;;;;;;;;;;;;
;;;;;;;;;;;;;;;;;;;;;;;;;;;;;;;;;;;;;;;;;;;;;;;
;;;;;;;;;;;;;;;;;;;;;;;;;;;;;;;;;;;;;;;;;;;;;;;
;;;;;;;;;;;;;;;;;;;;;;;;;;;;;;;;;;;;;;;;;;;;;;;
;;;;;;;;;;;;;;;;;;;;;;;;;;;;;;;;;;;;;;;;;;;;;;;
;;;;;;;;;;;;;;;;;;;;;;;;;;;;;;;;;;;;;;;;;;;;;;;
;;;;;;;;;;;;;;;;;;;;;;;;;;;;;;;;;;;;;;;;;;;;;;;
;;;;;;;;;;;;;;;;;;;;;;;;;;;;;;;;;;;;;;;;;;;;;;;
;;;;;;;;;;;;;;;;;;;;;;;;;;;;;;;;;;;;;;;;;;;;;;;
;;;;;;;;;;;;;;;;;;;;;;;;;;;;;;;;;;;;;;;;;;;;;;;
;;;;;;;;;;;;;;;;;;;;;;;;;;;;;;;;;;;;;;;;;;;;;;;
;;;;;;;;;;;;;;;;;;;;;;;;;;;;;;;;;;;;;;;;;;;;;;;
;;;;;;;;;;;;;;;;;;;;;;;;;;;;;;;;;;;;;;;;;;;;;;;
;;;;;;;;;;;;;;;;;;;;;;;;;;;;;;;;;;;;;;;;;;;;;;;
;;;;;;;;;;;;;;;;;;;;;;;;;;;;;;;;;;;;;;;;;;;;;;;
;;;;;;;;;;;;;;;;;;;;;;;;;;;;;;;;;;;;;;;;;;;;;;;
;;;;;;;;;;;;;;;;;;;;;;;;;;;;;;;;;;;;;;;;;;;;;;;
;;;;;;;;;;;;;;;;;;;;;;;;;;;;;;;;;;;;;;;;;;;;;;;
;;;;;;;;;;;;;;;;;;;;;;;;;;;;;;;;;;;;;;;;;;;;;;;
;;;;;;;;;;;;;;;;;;;;;;;;;;;;;;;;;;;;;;;;;;;;;;;
;;;;;;;;;;;;;;;;;;;;;;;;;;;;;;;;;;;;;;;;;;;;;;;
;;;;;;;;;;;;;;;;;;;;;;;;;;;;;;;;;;;;;;;;;;;;;;;
;;;;;;;;;;;;;;;;;;;;;;;;;;;;;;;;;;;;;;;;;;;;;;;
;;;;;;;;;;;;;;;;;;;;;;;;;;;;;;;;;;;;;;;;;;;;;;;
;;;;;;;;;;;;;;;;;;;;;;;;;;;;;;;;;;;;;;;;;;;;;;;
;;;;;;;;;;;;;;;;;;;;;;;;;;;;;;;;;;;;;;;;;;;;;;;
;;;;;;;;;;;;;;;;;;;;;;;;;;;;;;;;;;;;;;;;;;;;;;;
;;;;;;;;;;;;;;;;;;;;;;;;;;;;;;;;;;;;;;;;;;;;;;;
;;;;;;;;;;;;;;;;;;;;;;;;;;;;;;;;;;;;;;;;;;;;;;;
;;;;;;;;;;;;;;;;;;;;;;;;;;;;;;;;;;;;;;;;;;;;;;;
;;;;;;;;;;;;;;;;;;;;;;;;;;;;;;;;;;;;;;;;;;;;;;;
;;;;;;;;;;;;;;;;;;;;;;;;;;;;;;;;;;;;;;;;;;;;;;;
;;;;;;;;;;;;;;;;;;;;;;;;;;;;;;;;;;;;;;;;;;;;;;;
;;;;;;;;;;;;;;;;;;;;;;;;;;;;;;;;;;;;;;;;;;;;;;;
;;;;;;;;;;;;;;;;;;;;;;;;;;;;;;;;;;;;;;;;;;;;;;;
;;;;;;;;;;;;;;;;;;;;;;;;;;;;;;;;;;;;;;;;;;;;;;;
;;;;;;;;;;;;;;;;;;;;;;;;;;;;;;;;;;;;;;;;;;;;;;;
;;;;;;;;;;;;;;;;;;;;;;;;;;;;;;;;;;;;;;;;;;;;;;;
;;;;;;;;;;;;;;;;;;;;;;;;;;;;;;;;;;;;;;;;;;;;;;;
;;;;;;;;;;;;;;;;;;;;;;;;;;;;;;;;;;;;;;;;;;;;;;;
;;;;;;;;;;;;;;;;;;;;;;;;;;;;;;;;;;;;;;;;;;;;;;;
;;;;;;;;;;;;;;;;;;;;;;;;;;;;;;;;;;;;;;;;;;;;;;;
;;;;;;;;;;;;;;;;;;;;;;;;;;;;;;;;;;;;;;;;;;;;;;;
;;;;;;;;;;;;;;;;;;;;;;;;;;;;;;;;;;;;;;;;;;;;;;;
;;;;;;;;;;;;;;;;;;;;;;;;;;;;;;;;;;;;;;;;;;;;;;;
;;;;;;;;;;;;;;;;;;;;;;;;;;;;;;;;;;;;;;;;;;;;;;;
;;;;;;;;;;;;;;;;;;;;;;;;;;;;;;;;;;;;;;;;;;;;;;;
;;;;;;;;;;;;;;;;;;;;;;;;;;;;;;;;;;;;;;;;;;;;;;;
;;;;;;;;;;;;;;;;;;;;;;;;;;;;;;;;;;;;;;;;;;;;;;;
;;;;;;;;;;;;;;;;;;;;;;;;;;;;;;;;;;;;;;;;;;;;;;;
;;;;;;;;;;;;;;;;;;;;;;;;;;;;;;;;;;;;;;;;;;;;;;;
;;;;;;;;;;;;;;;;;;;;;;;;;;;;;;;;;;;;;;;;;;;;;;;
;;;;;;;;;;;;;;;;;;;;;;;;;;;;;;;;;;;;;;;;;;;;;;;
;;;;;;;;;;;;;;;;;;;;;;;;;;;;;;;;;;;;;;;;;;;;;;;
;;;;;;;;;;;;;;;;;;;;;;;;;;;;;;;;;;;;;;;;;;;;;;;
;;;;;;;;;;;;;;;;;;;;;;;;;;;;;;;;;;;;;;;;;;;;;;;
;;;;;;;;;;;;;;;;;;;;;;;;;;;;;;;;;;;;;;;;;;;;;;;
;;;;;;;;;;;;;;;;;;;;;;;;;;;;;;;;;;;;;;;;;;;;;;;
;;;;;;;;;;;;;;;;;;;;;;;;;;;;;;;;;;;;;;;;;;;;;;;
;;;;;;;;;;;;;;;;;;;;;;;;;;;;;;;;;;;;;;;;;;;;;;;
;;;;;;;;;;;;;;;;;;;;;;;;;;;;;;;;;;;;;;;;;;;;;;;
;;;;;;;;;;;;;;;;;;;;;;;;;;;;;;;;;;;;;;;;;;;;;;;
;;;;;;;;;;;;;;;;;;;;;;;;;;;;;;;;;;;;;;;;;;;;;;;
;;;;;;;;;;;;;;;;;;;;;;;;;;;;;;;;;;;;;;;;;;;;;;;
;;;;;;;;;;;;;;;;;;;;;;;;;;;;;;;;;;;;;;;;;;;;;;;
;;;;;;;;;;;;;;;;;;;;;;;;;;;;;;;;;;;;;;;;;;;;;;;
;;;;;;;;;;;;;;;;;;;;;;;;;;;;;;;;;;;;;;;;;;;;;;;
;;;;;;;;;;;;;;;;;;;;;;;;;;;;;;;;;;;;;;;;;;;;;;;
;;;;;;;;;;;;;;;;;;;;;;;;;;;;;;;;;;;;;;;;;;;;;;;
;;;;;;;;;;;;;;;;;;;;;;;;;;;;;;;;;;;;;;;;;;;;;;;
;;;;;;;;;;;;;;;;;;;;;;;;;;;;;;;;;;;;;;;;;;;;;;;
;;;;;;;;;;;;;;;;;;;;;;;;;;;;;;;;;;;;;;;;;;;;;;;
;;;;;;;;;;;;;;;;;;;;;;;;;;;;;;;;;;;;;;;;;;;;;;;
;;;;;;;;;;;;;;;;;;;;;;;;;;;;;;;;;;;;;;;;;;;;;;;
;;;;;;;;;;;;;;;;;;;;;;;;;;;;;;;;;;;;;;;;;;;;;;;
;;;;;;;;;;;;;;;;;;;;;;;;;;;;;;;;;;;;;;;;;;;;;;;
;;;;;;;;;;;;;;;;;;;;;;;;;;;;;;;;;;;;;;;;;;;;;;;
;;;;;;;;;;;;;;;;;;;;;;;;;;;;;;;;;;;;;;;;;;;;;;;
;;;;;;;;;;;;;;;;;;;;;;;;;;;;;;;;;;;;;;;;;;;;;;;
;;;;;;;;;;;;;;;;;;;;;;;;;;;;;;;;;;;;;;;;;;;;;;;
;;;;;;;;;;;;;;;;;;;;;;;;;;;;;;;;;;;;;;;;;;;;;;;
;;;;;;;;;;;;;;;;;;;;;;;;;;;;;;;;;;;;;;;;;;;;;;;
;;;;;;;;;;;;;;;;;;;;;;;;;;;;;;;;;;;;;;;;;;;;;;;
;;;;;;;;;;;;;;;;;;;;;;;;;;;;;;;;;;;;;;;;;;;;;;;
;;;;;;;;;;;;;;;;;;;;;;;;;;;;;;;;;;;;;;;;;;;;;;;
;;;;;;;;;;;;;;;;;;;;;;;;;;;;;;;;;;;;;;;;;;;;;;;
;;;;;;;;;;;;;;;;;;;;;;;;;;;;;;;;;;;;;;;;;;;;;;;
;;;;;;;;;;;;;;;;;;;;;;;;;;;;;;;;;;;;;;;;;;;;;;;
;;;;;;;;;;;;;;;;;;;;;;;;;;;;;;;;;;;;;;;;;;;;;;;
;;;;;;;;;;;;;;;;;;;;;;;;;;;;;;;;;;;;;;;;;;;;;;;
;;;;;;;;;;;;;;;;;;;;;;;;;;;;;;;;;;;;;;;;;;;;;;;
;;;;;;;;;;;;;;;;;;;;;;;;;;;;;;;;;;;;;;;;;;;;;;;
;;;;;;;;;;;;;;;;;;;;;;;;;;;;;;;;;;;;;;;;;;;;;;;
;;;;;;;;;;;;;;;;;;;;;;;;;;;;;;;;;;;;;;;;;;;;;;;
;;;;;;;;;;;;;;;;;;;;;;;;;;;;;;;;;;;;;;;;;;;;;;;
;;;;;;;;;;;;;;;;;;;;;;;;;;;;;;;;;;;;;;;;;;;;;;;
;;;;;;;;;;;;;;;;;;;;;;;;;;;;;;;;;;;;;;;;;;;;;;;
;;;;;;;;;;;;;;;;;;;;;;;;;;;;;;;;;;;;;;;;;;;;;;;
;;;;;;;;;;;;;;;;;;;;;;;;;;;;;;;;;;;;;;;;;;;;;;;
;;;;;;;;;;;;;;;;;;;;;;;;;;;;;;;;;;;;;;;;;;;;;;;
;;;;;;;;;;;;;;;;;;;;;;;;;;;;;;;;;;;;;;;;;;;;;;;
;;;;;;;;;;;;;;;;;;;;;;;;;;;;;;;;;;;;;;;;;;;;;;;
;;;;;;;;;;;;;;;;;;;;;;;;;;;;;;;;;;;;;;;;;;;;;;;
;;;;;;;;;;;;;;;;;;;;;;;;;;;;;;;;;;;;;;;;;;;;;;;
;;;;;;;;;;;;;;;;;;;;;;;;;;;;;;;;;;;;;;;;;;;;;;;
;;;;;;;;;;;;;;;;;;;;;;;;;;;;;;;;;;;;;;;;;;;;;;;
;;;;;;;;;;;;;;;;;;;;;;;;;;;;;;;;;;;;;;;;;;;;;;;
;;;;;;;;;;;;;;;;;;;;;;;;;;;;;;;;;;;;;;;;;;;;;;;
;;;;;;;;;;;;;;;;;;;;;;;;;;;;;;;;;;;;;;;;;;;;;;;
;;;;;;;;;;;;;;;;;;;;;;;;;;;;;;;;;;;;;;;;;;;;;;;
;;;;;;;;;;;;;;;;;;;;;;;;;;;;;;;;;;;;;;;;;;;;;;;
;;;;;;;;;;;;;;;;;;;;;;;;;;;;;;;;;;;;;;;;;;;;;;;
;;;;;;;;;;;;;;;;;;;;;;;;;;;;;;;;;;;;;;;;;;;;;;;
;;;;;;;;;;;;;;;;;;;;;;;;;;;;;;;;;;;;;;;;;;;;;;;
;;;;;;;;;;;;;;;;;;;;;;;;;;;;;;;;;;;;;;;;;;;;;;;
;;;;;;;;;;;;;;;;;;;;;;;;;;;;;;;;;;;;;;;;;;;;;;;
;;;;;;;;;;;;;;;;;;;;;;;;;;;;;;;;;;;;;;;;;;;;;;;
;;;;;;;;;;;;;;;;;;;;;;;;;;;;;;;;;;;;;;;;;;;;;;;
;;;;;;;;;;;;;;;;;;;;;;;;;;;;;;;;;;;;;;;;;;;;;;;
;;;;;;;;;;;;;;;;;;;;;;;;;;;;;;;;;;;;;;;;;;;;;;;
;;;;;;;;;;;;;;;;;;;;;;;;;;;;;;;;;;;;;;;;;;;;;;;
;;;;;;;;;;;;;;;;;;;;;;;;;;;;;;;;;;;;;;;;;;;;;;;
;;;;;;;;;;;;;;;;;;;;;;;;;;;;;;;;;;;;;;;;;;;;;;;
;;;;;;;;;;;;;;;;;;;;;;;;;;;;;;;;;;;;;;;;;;;;;;;
;;;;;;;;;;;;;;;;;;;;;;;;;;;;;;;;;;;;;;;;;;;;;;;
;;;;;;;;;;;;;;;;;;;;;;;;;;;;;;;;;;;;;;;;;;;;;;;
;;;;;;;;;;;;;;;;;;;;;;;;;;;;;;;;;;;;;;;;;;;;;;;
;;;;;;;;;;;;;;;;;;;;;;;;;;;;;;;;;;;;;;;;;;;;;;;
;;;;;;;;;;;;;;;;;;;;;;;;;;;;;;;;;;;;;;;;;;;;;;;
;;;;;;;;;;;;;;;;;;;;;;;;;;;;;;;;;;;;;;;;;;;;;;;
;;;;;;;;;;;;;;;;;;;;;;;;;;;;;;;;;;;;;;;;;;;;;;;
;;;;;;;;;;;;;;;;;;;;;;;;;;;;;;;;;;;;;;;;;;;;;;;
;;;;;;;;;;;;;;;;;;;;;;;;;;;;;;;;;;;;;;;;;;;;;;;
;;;;;;;;;;;;;;;;;;;;;;;;;;;;;;;;;;;;;;;;;;;;;;;
;;;;;;;;;;;;;;;;;;;;;;;;;;;;;;;;;;;;;;;;;;;;;;;
;;;;;;;;;;;;;;;;;;;;;;;;;;;;;;;;;;;;;;;;;;;;;;;
;;;;;;;;;;;;;;;;;;;;;;;;;;;;;;;;;;;;;;;;;;;;;;;
;;;;;;;;;;;;;;;;;;;;;;;;;;;;;;;;;;;;;;;;;;;;;;;
;;;;;;;;;;;;;;;;;;;;;;;;;;;;;;;;;;;;;;;;;;;;;;;
;;;;;;;;;;;;;;;;;;;;;;;;;;;;;;;;;;;;;;;;;;;;;;;
;;;;;;;;;;;;;;;;;;;;;;;;;;;;;;;;;;;;;;;;;;;;;;;
;;;;;;;;;;;;;;;;;;;;;;;;;;;;;;;;;;;;;;;;;;;;;;;
;;;;;;;;;;;;;;;;;;;;;;;;;;;;;;;;;;;;;;;;;;;;;;;
;;;;;;;;;;;;;;;;;;;;;;;;;;;;;;;;;;;;;;;;;;;;;;;
;;;;;;;;;;;;;;;;;;;;;;;;;;;;;;;;;;;;;;;;;;;;;;;
;;;;;;;;;;;;;;;;;;;;;;;;;;;;;;;;;;;;;;;;;;;;;;;
;;;;;;;;;;;;;;;;;;;;;;;;;;;;;;;;;;;;;;;;;;;;;;;
;;;;;;;;;;;;;;;;;;;;;;;;;;;;;;;;;;;;;;;;;;;;;;;
;;;;;;;;;;;;;;;;;;;;;;;;;;;;;;;;;;;;;;;;;;;;;;;
;;;;;;;;;;;;;;;;;;;;;;;;;;;;;;;;;;;;;;;;;;;;;;;
;;;;;;;;;;;;;;;;;;;;;;;;;;;;;;;;;;;;;;;;;;;;;;;
;;;;;;;;;;;;;;;;;;;;;;;;;;;;;;;;;;;;;;;;;;;;;;;
;;;;;;;;;;;;;;;;;;;;;;;;;;;;;;;;;;;;;;;;;;;;;;;
;;;;;;;;;;;;;;;;;;;;;;;;;;;;;;;;;;;;;;;;;;;;;;;
;;;;;;;;;;;;;;;;;;;;;;;;;;;;;;;;;;;;;;;;;;;;;;;
;;;;;;;;;;;;;;;;;;;;;;;;;;;;;;;;;;;;;;;;;;;;;;;
;;;;;;;;;;;;;;;;;;;;;;;;;;;;;;;;;;;;;;;;;;;;;;;
;;;;;;;;;;;;;;;;;;;;;;;;;;;;;;;;;;;;;;;;;;;;;;;
;;;;;;;;;;;;;;;;;;;;;;;;;;;;;;;;;;;;;;;;;;;;;;;
;;;;;;;;;;;;;;;;;;;;;;;;;;;;;;;;;;;;;;;;;;;;;;;
;;;;;;;;;;;;;;;;;;;;;;;;;;;;;;;;;;;;;;;;;;;;;;;
;;;;;;;;;;;;;;;;;;;;;;;;;;;;;;;;;;;;;;;;;;;;;;;
;;;;;;;;;;;;;;;;;;;;;;;;;;;;;;;;;;;;;;;;;;;;;;;
;;;;;;;;;;;;;;;;;;;;;;;;;;;;;;;;;;;;;;;;;;;;;;;
;;;;;;;;;;;;;;;;;;;;;;;;;;;;;;;;;;;;;;;;;;;;;;;
;;;;;;;;;;;;;;;;;;;;;;;;;;;;;;;;;;;;;;;;;;;;;;;
;;;;;;;;;;;;;;;;;;;;;;;;;;;;;;;;;;;;;;;;;;;;;;;
;;;;;;;;;;;;;;;;;;;;;;;;;;;;;;;;;;;;;;;;;;;;;;;
;;;;;;;;;;;;;;;;;;;;;;;;;;;;;;;;;;;;;;;;;;;;;;;
;;;;;;;;;;;;;;;;;;;;;;;;;;;;;;;;;;;;;;;;;;;;;;;
;;;;;;;;;;;;;;;;;;;;;;;;;;;;;;;;;;;;;;;;;;;;;;;
;;;;;;;;;;;;;;;;;;;;;;;;;;;;;;;;;;;;;;;;;;;;;;;
;;;;;;;;;;;;;;;;;;;;;;;;;;;;;;;;;;;;;;;;;;;;;;;
;;;;;;;;;;;;;;;;;;;;;;;;;;;;;;;;;;;;;;;;;;;;;;;
;;;;;;;;;;;;;;;;;;;;;;;;;;;;;;;;;;;;;;;;;;;;;;;
;;;;;;;;;;;;;;;;;;;;;;;;;;;;;;;;;;;;;;;;;;;;;;;
;;;;;;;;;;;;;;;;;;;;;;;;;;;;;;;;;;;;;;;;;;;;;;;
;;;;;;;;;;;;;;;;;;;;;;;;;;;;;;;;;;;;;;;;;;;;;;;
;;;;;;;;;;;;;;;;;;;;;;;;;;;;;;;;;;;;;;;;;;;;;;;
;;;;;;;;;;;;;;;;;;;;;;;;;;;;;;;;;;;;;;;;;;;;;;;
;;;;;;;;;;;;;;;;;;;;;;;;;;;;;;;;;;;;;;;;;;;;;;;
;;;;;;;;;;;;;;;;;;;;;;;;;;;;;;;;;;;;;;;;;;;;;;;
;;;;;;;;;;;;;;;;;;;;;;;;;;;;;;;;;;;;;;;;;;;;;;;
;;;;;;;;;;;;;;;;;;;;;;;;;;;;;;;;;;;;;;;;;;;;;;;
;;;;;;;;;;;;;;;;;;;;;;;;;;;;;;;;;;;;;;;;;;;;;;;
;;;;;;;;;;;;;;;;;;;;;;;;;;;;;;;;;;;;;;;;;;;;;;;
;;;;;;;;;;;;;;;;;;;;;;;;;;;;;;;;;;;;;;;;;;;;;;;
;;;;;;;;;;;;;;;;;;;;;;;;;;;;;;;;;;;;;;;;;;;;;;;
;;;;;;;;;;;;;;;;;;;;;;;;;;;;;;;;;;;;;;;;;;;;;;;
;;;;;;;;;;;;;;;;;;;;;;;;;;;;;;;;;;;;;;;;;;;;;;;
;;;;;;;;;;;;;;;;;;;;;;;;;;;;;;;;;;;;;;;;;;;;;;;
;;;;;;;;;;;;;;;;;;;;;;;;;;;;;;;;;;;;;;;;;;;;;;;
;;;;;;;;;;;;;;;;;;;;;;;;;;;;;;;;;;;;;;;;;;;;;;;
;;;;;;;;;;;;;;;;;;;;;;;;;;;;;;;;;;;;;;;;;;;;;;;
;;;;;;;;;;;;;;;;;;;;;;;;;;;;;;;;;;;;;;;;;;;;;;;
;;;;;;;;;;;;;;;;;;;;;;;;;;;;;;;;;;;;;;;;;;;;;;;
;;;;;;;;;;;;;;;;;;;;;;;;;;;;;;;;;;;;;;;;;;;;;;;
;;;;;;;;;;;;;;;;;;;;;;;;;;;;;;;;;;;;;;;;;;;;;;;
;;;;;;;;;;;;;;;;;;;;;;;;;;;;;;;;;;;;;;;;;;;;;;;
;;;;;;;;;;;;;;;;;;;;;;;;;;;;;;;;;;;;;;;;;;;;;;;
;;;;;;;;;;;;;;;;;;;;;;;;;;;;;;;;;;;;;;;;;;;;;;;
;;;;;;;;;;;;;;;;;;;;;;;;;;;;;;;;;;;;;;;;;;;;;;;
;;;;;;;;;;;;;;;;;;;;;;;;;;;;;;;;;;;;;;;;;;;;;;;
;;;;;;;;;;;;;;;;;;;;;;;;;;;;;;;;;;;;;;;;;;;;;;;
;;;;;;;;;;;;;;;;;;;;;;;;;;;;;;;;;;;;;;;;;;;;;;;
;;;;;;;;;;;;;;;;;;;;;;;;;;;;;;;;;;;;;;;;;;;;;;;
;;;;;;;;;;;;;;;;;;;;;;;;;;;;;;;;;;;;;;;;;;;;;;;
;;;;;;;;;;;;;;;;;;;;;;;;;;;;;;;;;;;;;;;;;;;;;;;
;;;;;;;;;;;;;;;;;;;;;;;;;;;;;;;;;;;;;;;;;;;;;;;
;;;;;;;;;;;;;;;;;;;;;;;;;;;;;;;;;;;;;;;;;;;;;;;
;;;;;;;;;;;;;;;;;;;;;;;;;;;;;;;;;;;;;;;;;;;;;;;
;;;;;;;;;;;;;;;;;;;;;;;;;;;;;;;;;;;;;;;;;;;;;;;
;;;;;;;;;;;;;;;;;;;;;;;;;;;;;;;;;;;;;;;;;;;;;;;
;;;;;;;;;;;;;;;;;;;;;;;;;;;;;;;;;;;;;;;;;;;;;;;
;;;;;;;;;;;;;;;;;;;;;;;;;;;;;;;;;;;;;;;;;;;;;;;
;;;;;;;;;;;;;;;;;;;;;;;;;;;;;;;;;;;;;;;;;;;;;;;
;;;;;;;;;;;;;;;;;;;;;;;;;;;;;;;;;;;;;;;;;;;;;;;
;;;;;;;;;;;;;;;;;;;;;;;;;;;;;;;;;;;;;;;;;;;;;;;
;;;;;;;;;;;;;;;;;;;;;;;;;;;;;;;;;;;;;;;;;;;;;;;
;;;;;;;;;;;;;;;;;;;;;;;;;;;;;;;;;;;;;;;;;;;;;;;
;;;;;;;;;;;;;;;;;;;;;;;;;;;;;;;;;;;;;;;;;;;;;;;
;;;;;;;;;;;;;;;;;;;;;;;;;;;;;;;;;;;;;;;;;;;;;;;
;;;;;;;;;;;;;;;;;;;;;;;;;;;;;;;;;;;;;;;;;;;;;;;
;;;;;;;;;;;;;;;;;;;;;;;;;;;;;;;;;;;;;;;;;;;;;;;
;;;;;;;;;;;;;;;;;;;;;;;;;;;;;;;;;;;;;;;;;;;;;;;
;;;;;;;;;;;;;;;;;;;;;;;;;;;;;;;;;;;;;;;;;;;;;;;
;;;;;;;;;;;;;;;;;;;;;;;;;;;;;;;;;;;;;;;;;;;;;;;
;;;;;;;;;;;;;;;;;;;;;;;;;;;;;;;;;;;;;;;;;;;;;;;
;;;;;;;;;;;;;;;;;;;;;;;;;;;;;;;;;;;;;;;;;;;;;;;
;;;;;;;;;;;;;;;;;;;;;;;;;;;;;;;;;;;;;;;;;;;;;;;
;;;;;;;;;;;;;;;;;;;;;;;;;;;;;;;;;;;;;;;;;;;;;;;
;;;;;;;;;;;;;;;;;;;;;;;;;;;;;;;;;;;;;;;;;;;;;;;
;;;;;;;;;;;;;;;;;;;;;;;;;;;;;;;;;;;;;;;;;;;;;;;
;;;;;;;;;;;;;;;;;;;;;;;;;;;;;;;;;;;;;;;;;;;;;;;
;;;;;;;;;;;;;;;;;;;;;;;;;;;;;;;;;;;;;;;;;;;;;;;
;;;;;;;;;;;;;;;;;;;;;;;;;;;;;;;;;;;;;;;;;;;;;;;
;;;;;;;;;;;;;;;;;;;;;;;;;;;;;;;;;;;;;;;;;;;;;;;
;;;;;;;;;;;;;;;;;;;;;;;;;;;;;;;;;;;;;;;;;;;;;;;
;;;;;;;;;;;;;;;;;;;;;;;;;;;;;;;;;;;;;;;;;;;;;;;
;;;;;;;;;;;;;;;;;;;;;;;;;;;;;;;;;;;;;;;;;;;;;;;
;;;;;;;;;;;;;;;;;;;;;;;;;;;;;;;;;;;;;;;;;;;;;;;
;;;;;;;;;;;;;;;;;;;;;;;;;;;;;;;;;;;;;;;;;;;;;;;
;;;;;;;;;;;;;;;;;;;;;;;;;;;;;;;;;;;;;;;;;;;;;;;
;;;;;;;;;;;;;;;;;;;;;;;;;;;;;;;;;;;;;;;;;;;;;;;
;;;;;;;;;;;;;;;;;;;;;;;;;;;;;;;;;;;;;;;;;;;;;;;
;;;;;;;;;;;;;;;;;;;;;;;;;;;;;;;;;;;;;;;;;;;;;;;
;;;;;;;;;;;;;;;;;;;;;;;;;;;;;;;;;;;;;;;;;;;;;;;
;;;;;;;;;;;;;;;;;;;;;;;;;;;;;;;;;;;;;;;;;;;;;;;
;;;;;;;;;;;;;;;;;;;;;;;;;;;;;;;;;;;;;;;;;;;;;;;
;;;;;;;;;;;;;;;;;;;;;;;;;;;;;;;;;;;;;;;;;;;;;;;
;;;;;;;;;;;;;;;;;;;;;;;;;;;;;;;;;;;;;;;;;;;;;;;
;;;;;;;;;;;;;;;;;;;;;;;;;;;;;;;;;;;;;;;;;;;;;;;
;;;;;;;;;;;;;;;;;;;;;;;;;;;;;;;;;;;;;;;;;;;;;;;
;;;;;;;;;;;;;;;;;;;;;;;;;;;;;;;;;;;;;;;;;;;;;;;
;;;;;;;;;;;;;;;;;;;;;;;;;;;;;;;;;;;;;;;;;;;;;;;
;;;;;;;;;;;;;;;;;;;;;;;;;;;;;;;;;;;;;;;;;;;;;;;
;;;;;;;;;;;;;;;;;;;;;;;;;;;;;;;;;;;;;;;;;;;;;;;
;;;;;;;;;;;;;;;;;;;;;;;;;;;;;;;;;;;;;;;;;;;;;;;
;;;;;;;;;;;;;;;;;;;;;;;;;;;;;;;;;;;;;;;;;;;;;;;
;;;;;;;;;;;;;;;;;;;;;;;;;;;;;;;;;;;;;;;;;;;;;;;
;;;;;;;;;;;;;;;;;;;;;;;;;;;;;;;;;;;;;;;;;;;;;;;
;;;;;;;;;;;;;;;;;;;;;;;;;;;;;;;;;;;;;;;;;;;;;;;
;;;;;;;;;;;;;;;;;;;;;;;;;;;;;;;;;;;;;;;;;;;;;;;
;;;;;;;;;;;;;;;;;;;;;;;;;;;;;;;;;;;;;;;;;;;;;;;
;;;;;;;;;;;;;;;;;;;;;;;;;;;;;;;;;;;;;;;;;;;;;;;
;;;;;;;;;;;;;;;;;;;;;;;;;;;;;;;;;;;;;;;;;;;;;;;
;;;;;;;;;;;;;;;;;;;;;;;;;;;;;;;;;;;;;;;;;;;;;;;
;;;;;;;;;;;;;;;;;;;;;;;;;;;;;;;;;;;;;;;;;;;;;;;
;;;;;;;;;;;;;;;;;;;;;;;;;;;;;;;;;;;;;;;;;;;;;;;
;;;;;;;;;;;;;;;;;;;;;;;;;;;;;;;;;;;;;;;;;;;;;;;
;;;;;;;;;;;;;;;;;;;;;;;;;;;;;;;;;;;;;;;;;;;;;;;
;;;;;;;;;;;;;;;;;;;;;;;;;;;;;;;;;;;;;;;;;;;;;;;
;;;;;;;;;;;;;;;;;;;;;;;;;;;;;;;;;;;;;;;;;;;;;;;
;;;;;;;;;;;;;;;;;;;;;;;;;;;;;;;;;;;;;;;;;;;;;;;
;;;;;;;;;;;;;;;;;;;;;;;;;;;;;;;;;;;;;;;;;;;;;;;
;;;;;;;;;;;;;;;;;;;;;;;;;;;;;;;;;;;;;;;;;;;;;;;
;;;;;;;;;;;;;;;;;;;;;;;;;;;;;;;;;;;;;;;;;;;;;;;
;;;;;;;;;;;;;;;;;;;;;;;;;;;;;;;;;;;;;;;;;;;;;;;
;;;;;;;;;;;;;;;;;;;;;;;;;;;;;;;;;;;;;;;;;;;;;;;
;;;;;;;;;;;;;;;;;;;;;;;;;;;;;;;;;;;;;;;;;;;;;;;
;;;;;;;;;;;;;;;;;;;;;;;;;;;;;;;;;;;;;;;;;;;;;;;
;;;;;;;;;;;;;;;;;;;;;;;;;;;;;;;;;;;;;;;;;;;;;;;
;;;;;;;;;;;;;;;;;;;;;;;;;;;;;;;;;;;;;;;;;;;;;;;
;;;;;;;;;;;;;;;;;;;;;;;;;;;;;;;;;;;;;;;;;;;;;;;
;;;;;;;;;;;;;;;;;;;;;;;;;;;;;;;;;;;;;;;;;;;;;;;
;;;;;;;;;;;;;;;;;;;;;;;;;;;;;;;;;;;;;;;;;;;;;;;
;;;;;;;;;;;;;;;;;;;;;;;;;;;;;;;;;;;;;;;;;;;;;;;
;;;;;;;;;;;;;;;;;;;;;;;;;;;;;;;;;;;;;;;;;;;;;;;
;;;;;;;;;;;;;;;;;;;;;;;;;;;;;;;;;;;;;;;;;;;;;;;
;;;;;;;;;;;;;;;;;;;;;;;;;;;;;;;;;;;;;;;;;;;;;;;
;;;;;;;;;;;;;;;;;;;;;;;;;;;;;;;;;;;;;;;;;;;;;;;
;;;;;;;;;;;;;;;;;;;;;;;;;;;;;;;;;;;;;;;;;;;;;;;
;;;;;;;;;;;;;;;;;;;;;;;;;;;;;;;;;;;;;;;;;;;;;;;
;;;;;;;;;;;;;;;;;;;;;;;;;;;;;;;;;;;;;;;;;;;;;;;
;;;;;;;;;;;;;;;;;;;;;;;;;;;;;;;;;;;;;;;;;;;;;;;
;;;;;;;;;;;;;;;;;;;;;;;;;;;;;;;;;;;;;;;;;;;;;;;
;;;;;;;;;;;;;;;;;;;;;;;;;;;;;;;;;;;;;;;;;;;;;;;
;;;;;;;;;;;;;;;;;;;;;;;;;;;;;;;;;;;;;;;;;;;;;;;
;;;;;;;;;;;;;;;;;;;;;;;;;;;;;;;;;;;;;;;;;;;;;;;
;;;;;;;;;;;;;;;;;;;;;;;;;;;;;;;;;;;;;;;;;;;;;;;
;;;;;;;;;;;;;;;;;;;;;;;;;;;;;;;;;;;;;;;;;;;;;;;
;;;;;;;;;;;;;;;;;;;;;;;;;;;;;;;;;;;;;;;;;;;;;;;
;;;;;;;;;;;;;;;;;;;;;;;;;;;;;;;;;;;;;;;;;;;;;;;
;;;;;;;;;;;;;;;;;;;;;;;;;;;;;;;;;;;;;;;;;;;;;;;
;;;;;;;;;;;;;;;;;;;;;;;;;;;;;;;;;;;;;;;;;;;;;;;
;;;;;;;;;;;;;;;;;;;;;;;;;;;;;;;;;;;;;;;;;;;;;;;
;;;;;;;;;;;;;;;;;;;;;;;;;;;;;;;;;;;;;;;;;;;;;;;
;;;;;;;;;;;;;;;;;;;;;;;;;;;;;;;;;;;;;;;;;;;;;;;
;;;;;;;;;;;;;;;;;;;;;;;;;;;;;;;;;;;;;;;;;;;;;;;
;;;;;;;;;;;;;;;;;;;;;;;;;;;;;;;;;;;;;;;;;;;;;;;
;;;;;;;;;;;;;;;;;;;;;;;;;;;;;;;;;;;;;;;;;;;;;;;
;;;;;;;;;;;;;;;;;;;;;;;;;;;;;;;;;;;;;;;;;;;;;;;
;;;;;;;;;;;;;;;;;;;;;;;;;;;;;;;;;;;;;;;;;;;;;;;
;;;;;;;;;;;;;;;;;;;;;;;;;;;;;;;;;;;;;;;;;;;;;;;
;;;;;;;;;;;;;;;;;;;;;;;;;;;;;;;;;;;;;;;;;;;;;;;
;;;;;;;;;;;;;;;;;;;;;;;;;;;;;;;;;;;;;;;;;;;;;;;
;;;;;;;;;;;;;;;;;;;;;;;;;;;;;;;;;;;;;;;;;;;;;;;
;;;;;;;;;;;;;;;;;;;;;;;;;;;;;;;;;;;;;;;;;;;;;;;
;;;;;;;;;;;;;;;;;;;;;;;;;;;;;;;;;;;;;;;;;;;;;;;
;;;;;;;;;;;;;;;;;;;;;;;;;;;;;;;;;;;;;;;;;;;;;;;
;;;;;;;;;;;;;;;;;;;;;;;;;;;;;;;;;;;;;;;;;;;;;;;
;;;;;;;;;;;;;;;;;;;;;;;;;;;;;;;;;;;;;;;;;;;;;;;
;;;;;;;;;;;;;;;;;;;;;;;;;;;;;;;;;;;;;;;;;;;;;;;
;;;;;;;;;;;;;;;;;;;;;;;;;;;;;;;;;;;;;;;;;;;;;;;
;;;;;;;;;;;;;;;;;;;;;;;;;;;;;;;;;;;;;;;;;;;;;;;
;;;;;;;;;;;;;;;;;;;;;;;;;;;;;;;;;;;;;;;;;;;;;;;
;;;;;;;;;;;;;;;;;;;;;;;;;;;;;;;;;;;;;;;;;;;;;;;
;;;;;;;;;;;;;;;;;;;;;;;;;;;;;;;;;;;;;;;;;;;;;;;
;;;;;;;;;;;;;;;;;;;;;;;;;;;;;;;;;;;;;;;;;;;;;;;
;;;;;;;;;;;;;;;;;;;;;;;;;;;;;;;;;;;;;;;;;;;;;;;
;;;;;;;;;;;;;;;;;;;;;;;;;;;;;;;;;;;;;;;;;;;;;;;
;;;;;;;;;;;;;;;;;;;;;;;;;;;;;;;;;;;;;;;;;;;;;;;
;;;;;;;;;;;;;;;;;;;;;;;;;;;;;;;;;;;;;;;;;;;;;;;
;;;;;;;;;;;;;;;;;;;;;;;;;;;;;;;;;;;;;;;;;;;;;;;
;;;;;;;;;;;;;;;;;;;;;;;;;;;;;;;;;;;;;;;;;;;;;;;
;;;;;;;;;;;;;;;;;;;;;;;;;;;;;;;;;;;;;;;;;;;;;;;
;;;;;;;;;;;;;;;;;;;;;;;;;;;;;;;;;;;;;;;;;;;;;;;
;;;;;;;;;;;;;;;;;;;;;;;;;;;;;;;;;;;;;;;;;;;;;;;
;;;;;;;;;;;;;;;;;;;;;;;;;;;;;;;;;;;;;;;;;;;;;;;
;;;;;;;;;;;;;;;;;;;;;;;;;;;;;;;;;;;;;;;;;;;;;;;
;;;;;;;;;;;;;;;;;;;;;;;;;;;;;;;;;;;;;;;;;;;;;;;
;;;;;;;;;;;;;;;;;;;;;;;;;;;;;;;;;;;;;;;;;;;;;;;
;;;;;;;;;;;;;;;;;;;;;;;;;;;;;;;;;;;;;;;;;;;;;;;
;;;;;;;;;;;;;;;;;;;;;;;;;;;;;;;;;;;;;;;;;;;;;;;
;;;;;;;;;;;;;;;;;;;;;;;;;;;;;;;;;;;;;;;;;;;;;;;
;;;;;;;;;;;;;;;;;;;;;;;;;;;;;;;;;;;;;;;;;;;;;;;
;;;;;;;;;;;;;;;;;;;;;;;;;;;;;;;;;;;;;;;;;;;;;;;
;;;;;;;;;;;;;;;;;;;;;;;;;;;;;;;;;;;;;;;;;;;;;;;
;;;;;;;;;;;;;;;;;;;;;;;;;;;;;;;;;;;;;;;;;;;;;;;
;;;;;;;;;;;;;;;;;;;;;;;;;;;;;;;;;;;;;;;;;;;;;;;
;;;;;;;;;;;;;;;;;;;;;;;;;;;;;;;;;;;;;;;;;;;;;;;
;;;;;;;;;;;;;;;;;;;;;;;;;;;;;;;;;;;;;;;;;;;;;;;
;;;;;;;;;;;;;;;;;;;;;;;;;;;;;;;;;;;;;;;;;;;;;;;
;;;;;;;;;;;;;;;;;;;;;;;;;;;;;;;;;;;;;;;;;;;;;;;
;;;;;;;;;;;;;;;;;;;;;;;;;;;;;;;;;;;;;;;;;;;;;;;
;;;;;;;;;;;;;;;;;;;;;;;;;;;;;;;;;;;;;;;;;;;;;;;
;;;;;;;;;;;;;;;;;;;;;;;;;;;;;;;;;;;;;;;;;;;;;;;
;;;;;;;;;;;;;;;;;;;;;;;;;;;;;;;;;;;;;;;;;;;;;;;
;;;;;;;;;;;;;;;;;;;;;;;;;;;;;;;;;;;;;;;;;;;;;;;
;;;;;;;;;;;;;;;;;;;;;;;;;;;;;;;;;;;;;;;;;;;;;;;
;;;;;;;;;;;;;;;;;;;;;;;;;;;;;;;;;;;;;;;;;;;;;;;
;;;;;;;;;;;;;;;;;;;;;;;;;;;;;;;;;;;;;;;;;;;;;;;
;;;;;;;;;;;;;;;;;;;;;;;;;;;;;;;;;;;;;;;;;;;;;;;
;;;;;;;;;;;;;;;;;;;;;;;;;;;;;;;;;;;;;;;;;;;;;;;
;;;;;;;;;;;;;;;;;;;;;;;;;;;;;;;;;;;;;;;;;;;;;;;
;;;;;;;;;;;;;;;;;;;;;;;;;;;;;;;;;;;;;;;;;;;;;;;
;;;;;;;;;;;;;;;;;;;;;;;;;;;;;;;;;;;;;;;;;;;;;;;
;;;;;;;;;;;;;;;;;;;;;;;;;;;;;;;;;;;;;;;;;;;;;;;
;;;;;;;;;;;;;;;;;;;;;;;;;;;;;;;;;;;;;;;;;;;;;;;
;;;;;;;;;;;;;;;;;;;;;;;;;;;;;;;;;;;;;;;;;;;;;;;
;;;;;;;;;;;;;;;;;;;;;;;;;;;;;;;;;;;;;;;;;;;;;;;
;;;;;;;;;;;;;;;;;;;;;;;;;;;;;;;;;;;;;;;;;;;;;;;
;;;;;;;;;;;;;;;;;;;;;;;;;;;;;;;;;;;;;;;;;;;;;;;
;;;;;;;;;;;;;;;;;;;;;;;;;;;;;;;;;;;;;;;;;;;;;;;
;;;;;;;;;;;;;;;;;;;;;;;;;;;;;;;;;;;;;;;;;;;;;;;
;;;;;;;;;;;;;;;;;;;;;;;;;;;;;;;;;;;;;;;;;;;;;;;
;;;;;;;;;;;;;;;;;;;;;;;;;;;;;;;;;;;;;;;;;;;;;;;
;;;;;;;;;;;;;;;;;;;;;;;;;;;;;;;;;;;;;;;;;;;;;;;
;;;;;;;;;;;;;;;;;;;;;;;;;;;;;;;;;;;;;;;;;;;;;;;
;;;;;;;;;;;;;;;;;;;;;;;;;;;;;;;;;;;;;;;;;;;;;;;
;;;;;;;;;;;;;;;;;;;;;;;;;;;;;;;;;;;;;;;;;;;;;;;
;;;;;;;;;;;;;;;;;;;;;;;;;;;;;;;;;;;;;;;;;;;;;;;
;;;;;;;;;;;;;;;;;;;;;;;;;;;;;;;;;;;;;;;;;;;;;;;
;;;;;;;;;;;;;;;;;;;;;;;;;;;;;;;;;;;;;;;;;;;;;;;
;;;;;;;;;;;;;;;;;;;;;;;;;;;;;;;;;;;;;;;;;;;;;;;
;;;;;;;;;;;;;;;;;;;;;;;;;;;;;;;;;;;;;;;;;;;;;;;
;;;;;;;;;;;;;;;;;;;;;;;;;;;;;;;;;;;;;;;;;;;;;;;
;;;;;;;;;;;;;;;;;;;;;;;;;;;;;;;;;;;;;;;;;;;;;;;
;;;;;;;;;;;;;;;;;;;;;;;;;;;;;;;;;;;;;;;;;;;;;;;
;;;;;;;;;;;;;;;;;;;;;;;;;;;;;;;;;;;;;;;;;;;;;;;
;;;;;;;;;;;;;;;;;;;;;;;;;;;;;;;;;;;;;;;;;;;;;;;
;;;;;;;;;;;;;;;;;;;;;;;;;;;;;;;;;;;;;;;;;;;;;;;
;;;;;;;;;;;;;;;;;;;;;;;;;;;;;;;;;;;;;;;;;;;;;;;
;;;;;;;;;;;;;;;;;;;;;;;;;;;;;;;;;;;;;;;;;;;;;;;
;;;;;;;;;;;;;;;;;;;;;;;;;;;;;;;;;;;;;;;;;;;;;;;
;;;;;;;;;;;;;;;;;;;;;;;;;;;;;;;;;;;;;;;;;;;;;;;
;;;;;;;;;;;;;;;;;;;;;;;;;;;;;;;;;;;;;;;;;;;;;;;
;;;;;;;;;;;;;;;;;;;;;;;;;;;;;;;;;;;;;;;;;;;;;;;
;;;;;;;;;;;;;;;;;;;;;;;;;;;;;;;;;;;;;;;;;;;;;;;
;;;;;;;;;;;;;;;;;;;;;;;;;;;;;;;;;;;;;;;;;;;;;;;
;;;;;;;;;;;;;;;;;;;;;;;;;;;;;;;;;;;;;;;;;;;;;;;
;;;;;;;;;;;;;;;;;;;;;;;;;;;;;;;;;;;;;;;;;;;;;;;
;;;;;;;;;;;;;;;;;;;;;;;;;;;;;;;;;;;;;;;;;;;;;;;
;;;;;;;;;;;;;;;;;;;;;;;;;;;;;;;;;;;;;;;;;;;;;;;
;;;;;;;;;;;;;;;;;;;;;;;;;;;;;;;;;;;;;;;;;;;;;;;
;;;;;;;;;;;;;;;;;;;;;;;;;;;;;;;;;;;;;;;;;;;;;;;
;;;;;;;;;;;;;;;;;;;;;;;;;;;;;;;;;;;;;;;;;;;;;;;
;;;;;;;;;;;;;;;;;;;;;;;;;;;;;;;;;;;;;;;;;;;;;;;
;;;;;;;;;;;;;;;;;;;;;;;;;;;;;;;;;;;;;;;;;;;;;;;
;;;;;;;;;;;;;;;;;;;;;;;;;;;;;;;;;;;;;;;;;;;;;;;
;;;;;;;;;;;;;;;;;;;;;;;;;;;;;;;;;;;;;;;;;;;;;;;
;;;;;;;;;;;;;;;;;;;;;;;;;;;;;;;;;;;;;;;;;;;;;;;
;;;;;;;;;;;;;;;;;;;;;;;;;;;;;;;;;;;;;;;;;;;;;;;
;;;;;;;;;;;;;;;;;;;;;;;;;;;;;;;;;;;;;;;;;;;;;;;
;;;;;;;;;;;;;;;;;;;;;;;;;;;;;;;;;;;;;;;;;;;;;;;
;;;;;;;;;;;;;;;;;;;;;;;;;;;;;;;;;;;;;;;;;;;;;;;
;;;;;;;;;;;;;;;;;;;;;;;;;;;;;;;;;;;;;;;;;;;;;;;
;;;;;;;;;;;;;;;;;;;;;;;;;;;;;;;;;;;;;;;;;;;;;;;
;;;;;;;;;;;;;;;;;;;;;;;;;;;;;;;;;;;;;;;;;;;;;;;
;;;;;;;;;;;;;;;;;;;;;;;;;;;;;;;;;;;;;;;;;;;;;;;
;;;;;;;;;;;;;;;;;;;;;;;;;;;;;;;;;;;;;;;;;;;;;;;
;;;;;;;;;;;;;;;;;;;;;;;;;;;;;;;;;;;;;;;;;;;;;;;
;;;;;;;;;;;;;;;;;;;;;;;;;;;;;;;;;;;;;;;;;;;;;;;
;;;;;;;;;;;;;;;;;;;;;;;;;;;;;;;;;;;;;;;;;;;;;;;
;;;;;;;;;;;;;;;;;;;;;;;;;;;;;;;;;;;;;;;;;;;;;;;
;;;;;;;;;;;;;;;;;;;;;;;;;;;;;;;;;;;;;;;;;;;;;;;
;;;;;;;;;;;;;;;;;;;;;;;;;;;;;;;;;;;;;;;;;;;;;;;
;;;;;;;;;;;;;;;;;;;;;;;;;;;;;;;;;;;;;;;;;;;;;;;
;;;;;;;;;;;;;;;;;;;;;;;;;;;;;;;;;;;;;;;;;;;;;;;
;;;;;;;;;;;;;;;;;;;;;;;;;;;;;;;;;;;;;;;;;;;;;;;
;;;;;;;;;;;;;;;;;;;;;;;;;;;;;;;;;;;;;;;;;;;;;;;
;;;;;;;;;;;;;;;;;;;;;;;;;;;;;;;;;;;;;;;;;;;;;;;
;;;;;;;;;;;;;;;;;;;;;;;;;;;;;;;;;;;;;;;;;;;;;;;
;;;;;;;;;;;;;;;;;;;;;;;;;;;;;;;;;;;;;;;;;;;;;;;
;;;;;;;;;;;;;;;;;;;;;;;;;;;;;;;;;;;;;;;;;;;;;;;
;;;;;;;;;;;;;;;;;;;;;;;;;;;;;;;;;;;;;;;;;;;;;;;
;;;;;;;;;;;;;;;;;;;;;;;;;;;;;;;;;;;;;;;;;;;;;;;
;;;;;;;;;;;;;;;;;;;;;;;;;;;;;;;;;;;;;;;;;;;;;;;
;;;;;;;;;;;;;;;;;;;;;;;;;;;;;;;;;;;;;;;;;;;;;;;
;;;;;;;;;;;;;;;;;;;;;;;;;;;;;;;;;;;;;;;;;;;;;;;
;;;;;;;;;;;;;;;;;;;;;;;;;;;;;;;;;;;;;;;;;;;;;;;
;;;;;;;;;;;;;;;;;;;;;;;;;;;;;;;;;;;;;;;;;;;;;;;
;;;;;;;;;;;;;;;;;;;;;;;;;;;;;;;;;;;;;;;;;;;;;;;
;;;;;;;;;;;;;;;;;;;;;;;;;;;;;;;;;;;;;;;;;;;;;;;
;;;;;;;;;;;;;;;;;;;;;;;;;;;;;;;;;;;;;;;;;;;;;;;
;;;;;;;;;;;;;;;;;;;;;;;;;;;;;;;;;;;;;;;;;;;;;;;
;;;;;;;;;;;;;;;;;;;;;;;;;;;;;;;;;;;;;;;;;;;;;;;
;;;;;;;;;;;;;;;;;;;;;;;;;;;;;;;;;;;;;;;;;;;;;;;
;;;;;;;;;;;;;;;;;;;;;;;;;;;;;;;;;;;;;;;;;;;;;;;
;;;;;;;;;;;;;;;;;;;;;;;;;;;;;;;;;;;;;;;;;;;;;;;
;;;;;;;;;;;;;;;;;;;;;;;;;;;;;;;;;;;;;;;;;;;;;;;
;;;;;;;;;;;;;;;;;;;;;;;;;;;;;;;;;;;;;;;;;;;;;;;
;;;;;;;;;;;;;;;;;;;;;;;;;;;;;;;;;;;;;;;;;;;;;;;
;;;;;;;;;;;;;;;;;;;;;;;;;;;;;;;;;;;;;;;;;;;;;;;
;;;;;;;;;;;;;;;;;;;;;;;;;;;;;;;;;;;;;;;;;;;;;;;
;;;;;;;;;;;;;;;;;;;;;;;;;;;;;;;;;;;;;;;;;;;;;;;
;;;;;;;;;;;;;;;;;;;;;;;;;;;;;;;;;;;;;;;;;;;;;;;
;;;;;;;;;;;;;;;;;;;;;;;;;;;;;;;;;;;;;;;;;;;;;;;
;;;;;;;;;;;;;;;;;;;;;;;;;;;;;;;;;;;;;;;;;;;;;;;
;;;;;;;;;;;;;;;;;;;;;;;;;;;;;;;;;;;;;;;;;;;;;;;
;;;;;;;;;;;;;;;;;;;;;;;;;;;;;;;;;;;;;;;;;;;;;;;
;;;;;;;;;;;;;;;;;;;;;;;;;;;;;;;;;;;;;;;;;;;;;;;
;;;;;;;;;;;;;;;;;;;;;;;;;;;;;;;;;;;;;;;;;;;;;;;
;;;;;;;;;;;;;;;;;;;;;;;;;;;;;;;;;;;;;;;;;;;;;;;
;;;;;;;;;;;;;;;;;;;;;;;;;;;;;;;;;;;;;;;;;;;;;;;
;;;;;;;;;;;;;;;;;;;;;;;;;;;;;;;;;;;;;;;;;;;;;;;
;;;;;;;;;;;;;;;;;;;;;;;;;;;;;;;;;;;;;;;;;;;;;;;
;;;;;;;;;;;;;;;;;;;;;;;;;;;;;;;;;;;;;;;;;;;;;;;
;;;;;;;;;;;;;;;;;;;;;;;;;;;;;;;;;;;;;;;;;;;;;;;
;;;;;;;;;;;;;;;;;;;;;;;;;;;;;;;;;;;;;;;;;;;;;;;
;;;;;;;;;;;;;;;;;;;;;;;;;;;;;;;;;;;;;;;;;;;;;;;
;;;;;;;;;;;;;;;;;;;;;;;;;;;;;;;;;;;;;;;;;;;;;;;
;;;;;;;;;;;;;;;;;;;;;;;;;;;;;;;;;;;;;;;;;;;;;;;
;;;;;;;;;;;;;;;;;;;;;;;;;;;;;;;;;;;;;;;;;;;;;;;
;;;;;;;;;;;;;;;;;;;;;;;;;;;;;;;;;;;;;;;;;;;;;;;
;;;;;;;;;;;;;;;;;;;;;;;;;;;;;;;;;;;;;;;;;;;;;;;
;;;;;;;;;;;;;;;;;;;;;;;;;;;;;;;;;;;;;;;;;;;;;;;
;;;;;;;;;;;;;;;;;;;;;;;;;;;;;;;;;;;;;;;;;;;;;;;
;;;;;;;;;;;;;;;;;;;;;;;;;;;;;;;;;;;;;;;;;;;;;;;
;;;;;;;;;;;;;;;;;;;;;;;;;;;;;;;;;;;;;;;;;;;;;;;
;;;;;;;;;;;;;;;;;;;;;;;;;;;;;;;;;;;;;;;;;;;;;;;
;;;;;;;;;;;;;;;;;;;;;;;;;;;;;;;;;;;;;;;;;;;;;;;
;;;;;;;;;;;;;;;;;;;;;;;;;;;;;;;;;;;;;;;;;;;;;;;
;;;;;;;;;;;;;;;;;;;;;;;;;;;;;;;;;;;;;;;;;;;;;;;
;;;;;;;;;;;;;;;;;;;;;;;;;;;;;;;;;;;;;;;;;;;;;;;
;;;;;;;;;;;;;;;;;;;;;;;;;;;;;;;;;;;;;;;;;;;;;;;
;;;;;;;;;;;;;;;;;;;;;;;;;;;;;;;;;;;;;;;;;;;;;;;
;;;;;;;;;;;;;;;;;;;;;;;;;;;;;;;;;;;;;;;;;;;;;;;
;;;;;;;;;;;;;;;;;;;;;;;;;;;;;;;;;;;;;;;;;;;;;;;
;;;;;;;;;;;;;;;;;;;;;;;;;;;;;;;;;;;;;;;;;;;;;;;
;;;;;;;;;;;;;;;;;;;;;;;;;;;;;;;;;;;;;;;;;;;;;;;
;;;;;;;;;;;;;;;;;;;;;;;;;;;;;;;;;;;;;;;;;;;;;;;
;;;;;;;;;;;;;;;;;;;;;;;;;;;;;;;;;;;;;;;;;;;;;;;
;;;;;;;;;;;;;;;;;;;;;;;;;;;;;;;;;;;;;;;;;;;;;;;
;;;;;;;;;;;;;;;;;;;;;;;;;;;;;;;;;;;;;;;;;;;;;;;
;;;;;;;;;;;;;;;;;;;;;;;;;;;;;;;;;;;;;;;;;;;;;;;
;;;;;;;;;;;;;;;;;;;;;;;;;;;;;;;;;;;;;;;;;;;;;;;
;;;;;;;;;;;;;;;;;;;;;;;;;;;;;;;;;;;;;;;;;;;;;;;
;;;;;;;;;;;;;;;;;;;;;;;;;;;;;;;;;;;;;;;;;;;;;;;
;;;;;;;;;;;;;;;;;;;;;;;;;;;;;;;;;;;;;;;;;;;;;;;
;;;;;;;;;;;;;;;;;;;;;;;;;;;;;;;;;;;;;;;;;;;;;;;
;;;;;;;;;;;;;;;;;;;;;;;;;;;;;;;;;;;;;;;;;;;;;;;
;;;;;;;;;;;;;;;;;;;;;;;;;;;;;;;;;;;;;;;;;;;;;;;
;;;;;;;;;;;;;;;;;;;;;;;;;;;;;;;;;;;;;;;;;;;;;;;
;;;;;;;;;;;;;;;;;;;;;;;;;;;;;;;;;;;;;;;;;;;;;;;
;;;;;;;;;;;;;;;;;;;;;;;;;;;;;;;;;;;;;;;;;;;;;;;
;;;;;;;;;;;;;;;;;;;;;;;;;;;;;;;;;;;;;;;;;;;;;;;
;;;;;;;;;;;;;;;;;;;;;;;;;;;;;;;;;;;;;;;;;;;;;;;
;;;;;;;;;;;;;;;;;;;;;;;;;;;;;;;;;;;;;;;;;;;;;;;
;;;;;;;;;;;;;;;;;;;;;;;;;;;;;;;;;;;;;;;;;;;;;;;
;;;;;;;;;;;;;;;;;;;;;;;;;;;;;;;;;;;;;;;;;;;;;;;
;;;;;;;;;;;;;;;;;;;;;;;;;;;;;;;;;;;;;;;;;;;;;;;
;;;;;;;;;;;;;;;;;;;;;;;;;;;;;;;;;;;;;;;;;;;;;;;
;;;;;;;;;;;;;;;;;;;;;;;;;;;;;;;;;;;;;;;;;;;;;;;
;;;;;;;;;;;;;;;;;;;;;;;;;;;;;;;;;;;;;;;;;;;;;;;
;;;;;;;;;;;;;;;;;;;;;;;;;;;;;;;;;;;;;;;;;;;;;;;
;;;;;;;;;;;;;;;;;;;;;;;;;;;;;;;;;;;;;;;;;;;;;;;
;;;;;;;;;;;;;;;;;;;;;;;;;;;;;;;;;;;;;;;;;;;;;;;
;;;;;;;;;;;;;;;;;;;;;;;;;;;;;;;;;;;;;;;;;;;;;;;
;;;;;;;;;;;;;;;;;;;;;;;;;;;;;;;;;;;;;;;;;;;;;;;
;;;;;;;;;;;;;;;;;;;;;;;;;;;;;;;;;;;;;;;;;;;;;;;
;;;;;;;;;;;;;;;;;;;;;;;;;;;;;;;;;;;;;;;;;;;;;;;
;;;;;;;;;;;;;;;;;;;;;;;;;;;;;;;;;;;;;;;;;;;;;;;
;;;;;;;;;;;;;;;;;;;;;;;;;;;;;;;;;;;;;;;;;;;;;;;
;;;;;;;;;;;;;;;;;;;;;;;;;;;;;;;;;;;;;;;;;;;;;;;
;;;;;;;;;;;;;;;;;;;;;;;;;;;;;;;;;;;;;;;;;;;;;;;
;;;;;;;;;;;;;;;;;;;;;;;;;;;;;;;;;;;;;;;;;;;;;;;
;;;;;;;;;;;;;;;;;;;;;;;;;;;;;;;;;;;;;;;;;;;;;;;
;;;;;;;;;;;;;;;;;;;;;;;;;;;;;;;;;;;;;;;;;;;;;;;
;;;;;;;;;;;;;;;;;;;;;;;;;;;;;;;;;;;;;;;;;;;;;;;
;;;;;;;;;;;;;;;;;;;;;;;;;;;;;;;;;;;;;;;;;;;;;;;
;;;;;;;;;;;;;;;;;;;;;;;;;;;;;;;;;;;;;;;;;;;;;;;
;;;;;;;;;;;;;;;;;;;;;;;;;;;;;;;;;;;;;;;;;;;;;;;
;;;;;;;;;;;;;;;;;;;;;;;;;;;;;;;;;;;;;;;;;;;;;;;
;;;;;;;;;;;;;;;;;;;;;;;;;;;;;;;;;;;;;;;;;;;;;;;
;;;;;;;;;;;;;;;;;;;;;;;;;;;;;;;;;;;;;;;;;;;;;;;
;;;;;;;;;;;;;;;;;;;;;;;;;;;;;;;;;;;;;;;;;;;;;;;
;;;;;;;;;;;;;;;;;;;;;;;;;;;;;;;;;;;;;;;;;;;;;;;
;;;;;;;;;;;;;;;;;;;;;;;;;;;;;;;;;;;;;;;;;;;;;;;
;;;;;;;;;;;;;;;;;;;;;;;;;;;;;;;;;;;;;;;;;;;;;;;
;;;;;;;;;;;;;;;;;;;;;;;;;;;;;;;;;;;;;;;;;;;;;;;
;;;;;;;;;;;;;;;;;;;;;;;;;;;;;;;;;;;;;;;;;;;;;;;
;;;;;;;;;;;;;;;;;;;;;;;;;;;;;;;;;;;;;;;;;;;;;;;
;;;;;;;;;;;;;;;;;;;;;;;;;;;;;;;;;;;;;;;;;;;;;;;
;;;;;;;;;;;;;;;;;;;;;;;;;;;;;;;;;;;;;;;;;;;;;;;
;;;;;;;;;;;;;;;;;;;;;;;;;;;;;;;;;;;;;;;;;;;;;;;
;;;;;;;;;;;;;;;;;;;;;;;;;;;;;;;;;;;;;;;;;;;;;;;
;;;;;;;;;;;;;;;;;;;;;;;;;;;;;;;;;;;;;;;;;;;;;;;
;;;;;;;;;;;;;;;;;;;;;;;;;;;;;;;;;;;;;;;;;;;;;;;
;;;;;;;;;;;;;;;;;;;;;;;;;;;;;;;;;;;;;;;;;;;;;;;
;;;;;;;;;;;;;;;;;;;;;;;;;;;;;;;;;;;;;;;;;;;;;;;
;;;;;;;;;;;;;;;;;;;;;;;;;;;;;;;;;;;;;;;;;;;;;;;
;;;;;;;;;;;;;;;;;;;;;;;;;;;;;;;;;;;;;;;;;;;;;;;
;;;;;;;;;;;;;;;;;;;;;;;;;;;;;;;;;;;;;;;;;;;;;;;
;;;;;;;;;;;;;;;;;;;;;;;;;;;;;;;;;;;;;;;;;;;;;;;
;;;;;;;;;;;;;;;;;;;;;;;;;;;;;;;;;;;;;;;;;;;;;;;
;;;;;;;;;;;;;;;;;;;;;;;;;;;;;;;;;;;;;;;;;;;;;;;
;;;;;;;;;;;;;;;;;;;;;;;;;;;;;;;;;;;;;;;;;;;;;;;
;;;;;;;;;;;;;;;;;;;;;;;;;;;;;;;;;;;;;;;;;;;;;;;
;;;;;;;;;;;;;;;;;;;;;;;;;;;;;;;;;;;;;;;;;;;;;;;
;;;;;;;;;;;;;;;;;;;;;;;;;;;;;;;;;;;;;;;;;;;;;;;
;;;;;;;;;;;;;;;;;;;;;;;;;;;;;;;;;;;;;;;;;;;;;;;
;;;;;;;;;;;;;;;;;;;;;;;;;;;;;;;;;;;;;;;;;;;;;;;
;;;;;;;;;;;;;;;;;;;;;;;;;;;;;;;;;;;;;;;;;;;;;;;
;;;;;;;;;;;;;;;;;;;;;;;;;;;;;;;;;;;;;;;;;;;;;;;
;;;;;;;;;;;;;;;;;;;;;;;;;;;;;;;;;;;;;;;;;;;;;;;
;;;;;;;;;;;;;;;;;;;;;;;;;;;;;;;;;;;;;;;;;;;;;;;
;;;;;;;;;;;;;;;;;;;;;;;;;;;;;;;;;;;;;;;;;;;;;;;
;;;;;;;;;;;;;;;;;;;;;;;;;;;;;;;;;;;;;;;;;;;;;;;
;;;;;;;;;;;;;;;;;;;;;;;;;;;;;;;;;;;;;;;;;;;;;;;
;;;;;;;;;;;;;;;;;;;;;;;;;;;;;;;;;;;;;;;;;;;;;;;
;;;;;;;;;;;;;;;;;;;;;;;;;;;;;;;;;;;;;;;;;;;;;;;
;;;;;;;;;;;;;;;;;;;;;;;;;;;;;;;;;;;;;;;;;;;;;;;
;;;;;;;;;;;;;;;;;;;;;;;;;;;;;;;;;;;;;;;;;;;;;;;
;;;;;;;;;;;;;;;;;;;;;;;;;;;;;;;;;;;;;;;;;;;;;;;
;;;;;;;;;;;;;;;;;;;;;;;;;;;;;;;;;;;;;;;;;;;;;;;
;;;;;;;;;;;;;;;;;;;;;;;;;;;;;;;;;;;;;;;;;;;;;;;
;;;;;;;;;;;;;;;;;;;;;;;;;;;;;;;;;;;;;;;;;;;;;;;
;;;;;;;;;;;;;;;;;;;;;;;;;;;;;;;;;;;;;;;;;;;;;;;
;;;;;;;;;;;;;;;;;;;;;;;;;;;;;;;;;;;;;;;;;;;;;;;
;;;;;;;;;;;;;;;;;;;;;;;;;;;;;;;;;;;;;;;;;;;;;;;
;;;;;;;;;;;;;;;;;;;;;;;;;;;;;;;;;;;;;;;;;;;;;;;
;;;;;;;;;;;;;;;;;;;;;;;;;;;;;;;;;;;;;;;;;;;;;;;
;;;;;;;;;;;;;;;;;;;;;;;;;;;;;;;;;;;;;;;;;;;;;;;
;;;;;;;;;;;;;;;;;;;;;;;;;;;;;;;;;;;;;;;;;;;;;;;
;;;;;;;;;;;;;;;;;;;;;;;;;;;;;;;;;;;;;;;;;;;;;;;
;;;;;;;;;;;;;;;;;;;;;;;;;;;;;;;;;;;;;;;;;;;;;;;
;;;;;;;;;;;;;;;;;;;;;;;;;;;;;;;;;;;;;;;;;;;;;;;
;;;;;;;;;;;;;;;;;;;;;;;;;;;;;;;;;;;;;;;;;;;;;;;
;;;;;;;;;;;;;;;;;;;;;;;;;;;;;;;;;;;;;;;;;;;;;;;
;;;;;;;;;;;;;;;;;;;;;;;;;;;;;;;;;;;;;;;;;;;;;;;
;;;;;;;;;;;;;;;;;;;;;;;;;;;;;;;;;;;;;;;;;;;;;;;
;;;;;;;;;;;;;;;;;;;;;;;;;;;;;;;;;;;;;;;;;;;;;;;
;;;;;;;;;;;;;;;;;;;;;;;;;;;;;;;;;;;;;;;;;;;;;;;
;;;;;;;;;;;;;;;;;;;;;;;;;;;;;;;;;;;;;;;;;;;;;;;
;;;;;;;;;;;;;;;;;;;;;;;;;;;;;;;;;;;;;;;;;;;;;;;
;;;;;;;;;;;;;;;;;;;;;;;;;;;;;;;;;;;;;;;;;;;;;;;
;;;;;;;;;;;;;;;;;;;;;;;;;;;;;;;;;;;;;;;;;;;;;;;
;;;;;;;;;;;;;;;;;;;;;;;;;;;;;;;;;;;;;;;;;;;;;;;
;;;;;;;;;;;;;;;;;;;;;;;;;;;;;;;;;;;;;;;;;;;;;;;
;;;;;;;;;;;;;;;;;;;;;;;;;;;;;;;;;;;;;;;;;;;;;;;
;;;;;;;;;;;;;;;;;;;;;;;;;;;;;;;;;;;;;;;;;;;;;;;
;;;;;;;;;;;;;;;;;;;;;;;;;;;;;;;;;;;;;;;;;;;;;;;
;;;;;;;;;;;;;;;;;;;;;;;;;;;;;;;;;;;;;;;;;;;;;;;
;;;;;;;;;;;;;;;;;;;;;;;;;;;;;;;;;;;;;;;;;;;;;;;
;;;;;;;;;;;;;;;;;;;;;;;;;;;;;;;;;;;;;;;;;;;;;;;
;;;;;;;;;;;;;;;;;;;;;;;;;;;;;;;;;;;;;;;;;;;;;;;
;;;;;;;;;;;;;;;;;;;;;;;;;;;;;;;;;;;;;;;;;;;;;;;
;;;;;;;;;;;;;;;;;;;;;;;;;;;;;;;;;;;;;;;;;;;;;;;
;;;;;;;;;;;;;;;;;;;;;;;;;;;;;;;;;;;;;;;;;;;;;;;
;;;;;;;;;;;;;;;;;;;;;;;;;;;;;;;;;;;;;;;;;;;;;;;
;;;;;;;;;;;;;;;;;;;;;;;;;;;;;;;;;;;;;;;;;;;;;;;
;;;;;;;;;;;;;;;;;;;;;;;;;;;;;;;;;;;;;;;;;;;;;;;
;;;;;;;;;;;;;;;;;;;;;;;;;;;;;;;;;;;;;;;;;;;;;;;
;;;;;;;;;;;;;;;;;;;;;;;;;;;;;;;;;;;;;;;;;;;;;;;
;;;;;;;;;;;;;;;;;;;;;;;;;;;;;;;;;;;;;;;;;;;;;;;
;;;;;;;;;;;;;;;;;;;;;;;;;;;;;;;;;;;;;;;;;;;;;;;
;;;;;;;;;;;;;;;;;;;;;;;;;;;;;;;;;;;;;;;;;;;;;;;
;;;;;;;;;;;;;;;;;;;;;;;;;;;;;;;;;;;;;;;;;;;;;;;
;;;;;;;;;;;;;;;;;;;;;;;;;;;;;;;;;;;;;;;;;;;;;;;
;;;;;;;;;;;;;;;;;;;;;;;;;;;;;;;;;;;;;;;;;;;;;;;
;;;;;;;;;;;;;;;;;;;;;;;;;;;;;;;;;;;;;;;;;;;;;;;
;;;;;;;;;;;;;;;;;;;;;;;;;;;;;;;;;;;;;;;;;;;;;;;
;;;;;;;;;;;;;;;;;;;;;;;;;;;;;;;;;;;;;;;;;;;;;;;
;;;;;;;;;;;;;;;;;;;;;;;;;;;;;;;;;;;;;;;;;;;;;;;
;;;;;;;;;;;;;;;;;;;;;;;;;;;;;;;;;;;;;;;;;;;;;;;
;;;;;;;;;;;;;;;;;;;;;;;;;;;;;;;;;;;;;;;;;;;;;;;
;;;;;;;;;;;;;;;;;;;;;;;;;;;;;;;;;;;;;;;;;;;;;;;
;;;;;;;;;;;;;;;;;;;;;;;;;;;;;;;;;;;;;;;;;;;;;;;
;;;;;;;;;;;;;;;;;;;;;;;;;;;;;;;;;;;;;;;;;;;;;;;
;;;;;;;;;;;;;;;;;;;;;;;;;;;;;;;;;;;;;;;;;;;;;;;
;;;;;;;;;;;;;;;;;;;;;;;;;;;;;;;;;;;;;;;;;;;;;;;
;;;;;;;;;;;;;;;;;;;;;;;;;;;;;;;;;;;;;;;;;;;;;;;
;;;;;;;;;;;;;;;;;;;;;;;;;;;;;;;;;;;;;;;;;;;;;;;
;;;;;;;;;;;;;;;;;;;;;;;;;;;;;;;;;;;;;;;;;;;;;;;
;;;;;;;;;;;;;;;;;;;;;;;;;;;;;;;;;;;;;;;;;;;;;;;
;;;;;;;;;;;;;;;;;;;;;;;;;;;;;;;;;;;;;;;;;;;;;;;
;;;;;;;;;;;;;;;;;;;;;;;;;;;;;;;;;;;;;;;;;;;;;;;
;;;;;;;;;;;;;;;;;;;;;;;;;;;;;;;;;;;;;;;;;;;;;;;
;;;;;;;;;;;;;;;;;;;;;;;;;;;;;;;;;;;;;;;;;;;;;;;
;;;;;;;;;;;;;;;;;;;;;;;;;;;;;;;;;;;;;;;;;;;;;;;
;;;;;;;;;;;;;;;;;;;;;;;;;;;;;;;;;;;;;;;;;;;;;;;
;;;;;;;;;;;;;;;;;;;;;;;;;;;;;;;;;;;;;;;;;;;;;;;
;;;;;;;;;;;;;;;;;;;;;;;;;;;;;;;;;;;;;;;;;;;;;;;
;;;;;;;;;;;;;;;;;;;;;;;;;;;;;;;;;;;;;;;;;;;;;;;
;;;;;;;;;;;;;;;;;;;;;;;;;;;;;;;;;;;;;;;;;;;;;;;
;;;;;;;;;;;;;;;;;;;;;;;;;;;;;;;;;;;;;;;;;;;;;;;
;;;;;;;;;;;;;;;;;;;;;;;;;;;;;;;;;;;;;;;;;;;;;;;
;;;;;;;;;;;;;;;;;;;;;;;;;;;;;;;;;;;;;;;;;;;;;;;
;;;;;;;;;;;;;;;;;;;;;;;;;;;;;;;;;;;;;;;;;;;;;;;
;;;;;;;;;;;;;;;;;;;;;;;;;;;;;;;;;;;;;;;;;;;;;;;
;;;;;;;;;;;;;;;;;;;;;;;;;;;;;;;;;;;;;;;;;;;;;;;
;;;;;;;;;;;;;;;;;;;;;;;;;;;;;;;;;;;;;;;;;;;;;;;
;;;;;;;;;;;;;;;;;;;;;;;;;;;;;;;;;;;;;;;;;;;;;;;
;;;;;;;;;;;;;;;;;;;;;;;;;;;;;;;;;;;;;;;;;;;;;;;
;;;;;;;;;;;;;;;;;;;;;;;;;;;;;;;;;;;;;;;;;;;;;;;
;;;;;;;;;;;;;;;;;;;;;;;;;;;;;;;;;;;;;;;;;;;;;;;
;;;;;;;;;;;;;;;;;;;;;;;;;;;;;;;;;;;;;;;;;;;;;;;
;;;;;;;;;;;;;;;;;;;;;;;;;;;;;;;;;;;;;;;;;;;;;;;
;;;;;;;;;;;;;;;;;;;;;;;;;;;;;;;;;;;;;;;;;;;;;;;
;;;;;;;;;;;;;;;;;;;;;;;;;;;;;;;;;;;;;;;;;;;;;;;
;;;;;;;;;;;;;;;;;;;;;;;;;;;;;;;;;;;;;;;;;;;;;;;
;;;;;;;;;;;;;;;;;;;;;;;;;;;;;;;;;;;;;;;;;;;;;;;
;;;;;;;;;;;;;;;;;;;;;;;;;;;;;;;;;;;;;;;;;;;;;;;
;;;;;;;;;;;;;;;;;;;;;;;;;;;;;;;;;;;;;;;;;;;;;;;
;;;;;;;;;;;;;;;;;;;;;;;;;;;;;;;;;;;;;;;;;;;;;;;
;;;;;;;;;;;;;;;;;;;;;;;;;;;;;;;;;;;;;;;;;;;;;;;
;;;;;;;;;;;;;;;;;;;;;;;;;;;;;;;;;;;;;;;;;;;;;;;
;;;;;;;;;;;;;;;;;;;;;;;;;;;;;;;;;;;;;;;;;;;;;;;
;;;;;;;;;;;;;;;;;;;;;;;;;;;;;;;;;;;;;;;;;;;;;;;
;;;;;;;;;;;;;;;;;;;;;;;;;;;;;;;;;;;;;;;;;;;;;;;
;;;;;;;;;;;;;;;;;;;;;;;;;;;;;;;;;;;;;;;;;;;;;;;
;;;;;;;;;;;;;;;;;;;;;;;;;;;;;;;;;;;;;;;;;;;;;;;
;;;;;;;;;;;;;;;;;;;;;;;;;;;;;;;;;;;;;;;;;;;;;;;
;;;;;;;;;;;;;;;;;;;;;;;;;;;;;;;;;;;;;;;;;;;;;;;
;;;;;;;;;;;;;;;;;;;;;;;;;;;;;;;;;;;;;;;;;;;;;;;
;;;;;;;;;;;;;;;;;;;;;;;;;;;;;;;;;;;;;;;;;;;;;;;
;;;;;;;;;;;;;;;;;;;;;;;;;;;;;;;;;;;;;;;;;;;;;;;
;;;;;;;;;;;;;;;;;;;;;;;;;;;;;;;;;;;;;;;;;;;;;;;
;;;;;;;;;;;;;;;;;;;;;;;;;;;;;;;;;;;;;;;;;;;;;;;
;;;;;;;;;;;;;;;;;;;;;;;;;;;;;;;;;;;;;;;;;;;;;;;
;;;;;;;;;;;;;;;;;;;;;;;;;;;;;;;;;;;;;;;;;;;;;;;
;;;;;;;;;;;;;;;;;;;;;;;;;;;;;;;;;;;;;;;;;;;;;;;
;;;;;;;;;;;;;;;;;;;;;;;;;;;;;;;;;;;;;;;;;;;;;;;
;;;;;;;;;;;;;;;;;;;;;;;;;;;;;;;;;;;;;;;;;;;;;;;
;;;;;;;;;;;;;;;;;;;;;;;;;;;;;;;;;;;;;;;;;;;;;;;
;;;;;;;;;;;;;;;;;;;;;;;;;;;;;;;;;;;;;;;;;;;;;;;
;;;;;;;;;;;;;;;;;;;;;;;;;;;;;;;;;;;;;;;;;;;;;;;
;;;;;;;;;;;;;;;;;;;;;;;;;;;;;;;;;;;;;;;;;;;;;;;
;;;;;;;;;;;;;;;;;;;;;;;;;;;;;;;;;;;;;;;;;;;;;;;
;;;;;;;;;;;;;;;;;;;;;;;;;;;;;;;;;;;;;;;;;;;;;;;
;;;;;;;;;;;;;;;;;;;;;;;;;;;;;;;;;;;;;;;;;;;;;;;
;;;;;;;;;;;;;;;;;;;;;;;;;;;;;;;;;;;;;;;;;;;;;;;
;;;;;;;;;;;;;;;;;;;;;;;;;;;;;;;;;;;;;;;;;;;;;;;
;;;;;;;;;;;;;;;;;;;;;;;;;;;;;;;;;;;;;;;;;;;;;;;
;;;;;;;;;;;;;;;;;;;;;;;;;;;;;;;;;;;;;;;;;;;;;;;
;;;;;;;;;;;;;;;;;;;;;;;;;;;;;;;;;;;;;;;;;;;;;;;
;;;;;;;;;;;;;;;;;;;;;;;;;;;;;;;;;;;;;;;;;;;;;;;
;;;;;;;;;;;;;;;;;;;;;;;;;;;;;;;;;;;;;;;;;;;;;;;
;;;;;;;;;;;;;;;;;;;;;;;;;;;;;;;;;;;;;;;;;;;;;;;
;;;;;;;;;;;;;;;;;;;;;;;;;;;;;;;;;;;;;;;;;;;;;;;
;;;;;;;;;;;;;;;;;;;;;;;;;;;;;;;;;;;;;;;;;;;;;;;
;;;;;;;;;;;;;;;;;;;;;;;;;;;;;;;;;;;;;;;;;;;;;;;
;;;;;;;;;;;;;;;;;;;;;;;;;;;;;;;;;;;;;;;;;;;;;;;
;;;;;;;;;;;;;;;;;;;;;;;;;;;;;;;;;;;;;;;;;;;;;;;
;;;;;;;;;;;;;;;;;;;;;;;;;;;;;;;;;;;;;;;;;;;;;;;
;;;;;;;;;;;;;;;;;;;;;;;;;;;;;;;;;;;;;;;;;;;;;;;
;;;;;;;;;;;;;;;;;;;;;;;;;;;;;;;;;;;;;;;;;;;;;;;
;;;;;;;;;;;;;;;;;;;;;;;;;;;;;;;;;;;;;;;;;;;;;;;
;;;;;;;;;;;;;;;;;;;;;;;;;;;;;;;;;;;;;;;;;;;;;;;
;;;;;;;;;;;;;;;;;;;;;;;;;;;;;;;;;;;;;;;;;;;;;;;
;;;;;;;;;;;;;;;;;;;;;;;;;;;;;;;;;;;;;;;;;;;;;;;
;;;;;;;;;;;;;;;;;;;;;;;;;;;;;;;;;;;;;;;;;;;;;;;
;;;;;;;;;;;;;;;;;;;;;;;;;;;;;;;;;;;;;;;;;;;;;;;
;;;;;;;;;;;;;;;;;;;;;;;;;;;;;;;;;;;;;;;;;;;;;;;
;;;;;;;;;;;;;;;;;;;;;;;;;;;;;;;;;;;;;;;;;;;;;;;
;;;;;;;;;;;;;;;;;;;;;;;;;;;;;;;;;;;;;;;;;;;;;;;
;;;;;;;;;;;;;;;;;;;;;;;;;;;;;;;;;;;;;;;;;;;;;;;
;;;;;;;;;;;;;;;;;;;;;;;;;;;;;;;;;;;;;;;;;;;;;;;
;;;;;;;;;;;;;;;;;;;;;;;;;;;;;;;;;;;;;;;;;;;;;;;
;;;;;;;;;;;;;;;;;;;;;;;;;;;;;;;;;;;;;;;;;;;;;;;
;;;;;;;;;;;;;;;;;;;;;;;;;;;;;;;;;;;;;;;;;;;;;;;
;;;;;;;;;;;;;;;;;;;;;;;;;;;;;;;;;;;;;;;;;;;;;;;
;;;;;;;;;;;;;;;;;;;;;;;;;;;;;;;;;;;;;;;;;;;;;;;
;;;;;;;;;;;;;;;;;;;;;;;;;;;;;;;;;;;;;;;;;;;;;;;
;;;;;;;;;;;;;;;;;;;;;;;;;;;;;;;;;;;;;;;;;;;;;;;
;;;;;;;;;;;;;;;;;;;;;;;;;;;;;;;;;;;;;;;;;;;;;;;
;;;;;;;;;;;;;;;;;;;;;;;;;;;;;;;;;;;;;;;;;;;;;;;
;;;;;;;;;;;;;;;;;;;;;;;;;;;;;;;;;;;;;;;;;;;;;;;
;;;;;;;;;;;;;;;;;;;;;;;;;;;;;;;;;;;;;;;;;;;;;;;
;;;;;;;;;;;;;;;;;;;;;;;;;;;;;;;;;;;;;;;;;;;;;;;
;;;;;;;;;;;;;;;;;;;;;;;;;;;;;;;;;;;;;;;;;;;;;;;
;;;;;;;;;;;;;;;;;;;;;;;;;;;;;;;;;;;;;;;;;;;;;;;
;;;;;;;;;;;;;;;;;;;;;;;;;;;;;;;;;;;;;;;;;;;;;;;
;;;;;;;;;;;;;;;;;;;;;;;;;;;;;;;;;;;;;;;;;;;;;;;
;;;;;;;;;;;;;;;;;;;;;;;;;;;;;;;;;;;;;;;;;;;;;;;
;;;;;;;;;;;;;;;;;;;;;;;;;;;;;;;;;;;;;;;;;;;;;;;
;;;;;;;;;;;;;;;;;;;;;;;;;;;;;;;;;;;;;;;;;;;;;;;
;;;;;;;;;;;;;;;;;;;;;;;;;;;;;;;;;;;;;;;;;;;;;;;
;;;;;;;;;;;;;;;;;;;;;;;;;;;;;;;;;;;;;;;;;;;;;;;
;;;;;;;;;;;;;;;;;;;;;;;;;;;;;;;;;;;;;;;;;;;;;;;
;;;;;;;;;;;;;;;;;;;;;;;;;;;;;;;;;;;;;;;;;;;;;;;
;;;;;;;;;;;;;;;;;;;;;;;;;;;;;;;;;;;;;;;;;;;;;;;
;;;;;;;;;;;;;;;;;;;;;;;;;;;;;;;;;;;;;;;;;;;;;;;
;;;;;;;;;;;;;;;;;;;;;;;;;;;;;;;;;;;;;;;;;;;;;;;
;;;;;;;;;;;;;;;;;;;;;;;;;;;;;;;;;;;;;;;;;;;;;;;
;;;;;;;;;;;;;;;;;;;;;;;;;;;;;;;;;;;;;;;;;;;;;;;
;;;;;;;;;;;;;;;;;;;;;;;;;;;;;;;;;;;;;;;;;;;;;;;
;;;;;;;;;;;;;;;;;;;;;;;;;;;;;;;;;;;;;;;;;;;;;;;
;;;;;;;;;;;;;;;;;;;;;;;;;;;;;;;;;;;;;;;;;;;;;;;
;;;;;;;;;;;;;;;;;;;;;;;;;;;;;;;;;;;;;;;;;;;;;;;
;;;;;;;;;;;;;;;;;;;;;;;;;;;;;;;;;;;;;;;;;;;;;;;
;;;;;;;;;;;;;;;;;;;;;;;;;;;;;;;;;;;;;;;;;;;;;;;
;;;;;;;;;;;;;;;;;;;;;;;;;;;;;;;;;;;;;;;;;;;;;;;
;;;;;;;;;;;;;;;;;;;;;;;;;;;;;;;;;;;;;;;;;;;;;;;
;;;;;;;;;;;;;;;;;;;;;;;;;;;;;;;;;;;;;;;;;;;;;;;
;;;;;;;;;;;;;;;;;;;;;;;;;;;;;;;;;;;;;;;;;;;;;;;
;;;;;;;;;;;;;;;;;;;;;;;;;;;;;;;;;;;;;;;;;;;;;;;
;;;;;;;;;;;;;;;;;;;;;;;;;;;;;;;;;;;;;;;;;;;;;;;
;;;;;;;;;;;;;;;;;;;;;;;;;;;;;;;;;;;;;;;;;;;;;;;
;;;;;;;;;;;;;;;;;;;;;;;;;;;;;;;;;;;;;;;;;;;;;;;
;;;;;;;;;;;;;;;;;;;;;;;;;;;;;;;;;;;;;;;;;;;;;;;
;;;;;;;;;;;;;;;;;;;;;;;;;;;;;;;;;;;;;;;;;;;;;;;
;;;;;;;;;;;;;;;;;;;;;;;;;;;;;;;;;;;;;;;;;;;;;;;
;;;;;;;;;;;;;;;;;;;;;;;;;;;;;;;;;;;;;;;;;;;;;;;
;;;;;;;;;;;;;;;;;;;;;;;;;;;;;;;;;;;;;;;;;;;;;;;
;;;;;;;;;;;;;;;;;;;;;;;;;;;;;;;;;;;;;;;;;;;;;;;
;;;;;;;;;;;;;;;;;;;;;;;;;;;;;;;;;;;;;;;;;;;;;;;
;;;;;;;;;;;;;;;;;;;;;;;;;;;;;;;;;;;;;;;;;;;;;;;
;;;;;;;;;;;;;;;;;;;;;;;;;;;;;;;;;;;;;;;;;;;;;;;
;;;;;;;;;;;;;;;;;;;;;;;;;;;;;;;;;;;;;;;;;;;;;;;
;;;;;;;;;;;;;;;;;;;;;;;;;;;;;;;;;;;;;;;;;;;;;;;
;;;;;;;;;;;;;;;;;;;;;;;;;;;;;;;;;;;;;;;;;;;;;;;
;;;;;;;;;;;;;;;;;;;;;;;;;;;;;;;;;;;;;;;;;;;;;;;
;;;;;;;;;;;;;;;;;;;;;;;;;;;;;;;;;;;;;;;;;;;;;;;
;;;;;;;;;;;;;;;;;;;;;;;;;;;;;;;;;;;;;;;;;;;;;;;
;;;;;;;;;;;;;;;;;;;;;;;;;;;;;;;;;;;;;;;;;;;;;;;
;;;;;;;;;;;;;;;;;;;;;;;;;;;;;;;;;;;;;;;;;;;;;;;
;;;;;;;;;;;;;;;;;;;;;;;;;;;;;;;;;;;;;;;;;;;;;;;
;;;;;;;;;;;;;;;;;;;;;;;;;;;;;;;;;;;;;;;;;;;;;;;
;;;;;;;;;;;;;;;;;;;;;;;;;;;;;;;;;;;;;;;;;;;;;;;
;;;;;;;;;;;;;;;;;;;;;;;;;;;;;;;;;;;;;;;;;;;;;;;
;;;;;;;;;;;;;;;;;;;;;;;;;;;;;;;;;;;;;;;;;;;;;;;
;;;;;;;;;;;;;;;;;;;;;;;;;;;;;;;;;;;;;;;;;;;;;;;
;;;;;;;;;;;;;;;;;;;;;;;;;;;;;;;;;;;;;;;;;;;;;;;
;;;;;;;;;;;;;;;;;;;;;;;;;;;;;;;;;;;;;;;;;;;;;;;
;;;;;;;;;;;;;;;;;;;;;;;;;;;;;;;;;;;;;;;;;;;;;;;
;;;;;;;;;;;;;;;;;;;;;;;;;;;;;;;;;;;;;;;;;;;;;;;
;;;;;;;;;;;;;;;;;;;;;;;;;;;;;;;;;;;;;;;;;;;;;;;
;;;;;;;;;;;;;;;;;;;;;;;;;;;;;;;;;;;;;;;;;;;;;;;
;;;;;;;;;;;;;;;;;;;;;;;;;;;;;;;;;;;;;;;;;;;;;;;
;;;;;;;;;;;;;;;;;;;;;;;;;;;;;;;;;;;;;;;;;;;;;;;
;;;;;;;;;;;;;;;;;;;;;;;;;;;;;;;;;;;;;;;;;;;;;;;
;;;;;;;;;;;;;;;;;;;;;;;;;;;;;;;;;;;;;;;;;;;;;;;
;;;;;;;;;;;;;;;;;;;;;;;;;;;;;;;;;;;;;;;;;;;;;;;
;;;;;;;;;;;;;;;;;;;;;;;;;;;;;;;;;;;;;;;;;;;;;;;
;;;;;;;;;;;;;;;;;;;;;;;;;;;;;;;;;;;;;;;;;;;;;;;
;;;;;;;;;;;;;;;;;;;;;;;;;;;;;;;;;;;;;;;;;;;;;;;
;;;;;;;;;;;;;;;;;;;;;;;;;;;;;;;;;;;;;;;;;;;;;;;
;;;;;;;;;;;;;;;;;;;;;;;;;;;;;;;;;;;;;;;;;;;;;;;
;;;;;;;;;;;;;;;;;;;;;;;;;;;;;;;;;;;;;;;;;;;;;;;
;;;;;;;;;;;;;;;;;;;;;;;;;;;;;;;;;;;;;;;;;;;;;;;
;;;;;;;;;;;;;;;;;;;;;;;;;;;;;;;;;;;;;;;;;;;;;;;
;;;;;;;;;;;;;;;;;;;;;;;;;;;;;;;;;;;;;;;;;;;;;;;
;;;;;;;;;;;;;;;;;;;;;;;;;;;;;;;;;;;;;;;;;;;;;;;
;;;;;;;;;;;;;;;;;;;;;;;;;;;;;;;;;;;;;;;;;;;;;;;
;;;;;;;;;;;;;;;;;;;;;;;;;;;;;;;;;;;;;;;;;;;;;;;
;;;;;;;;;;;;;;;;;;;;;;;;;;;;;;;;;;;;;;;;;;;;;;;
;;;;;;;;;;;;;;;;;;;;;;;;;;;;;;;;;;;;;;;;;;;;;;;
;;;;;;;;;;;;;;;;;;;;;;;;;;;;;;;;;;;;;;;;;;;;;;;
;;;;;;;;;;;;;;;;;;;;;;;;;;;;;;;;;;;;;;;;;;;;;;;
;;;;;;;;;;;;;;;;;;;;;;;;;;;;;;;;;;;;;;;;;;;;;;;
;;;;;;;;;;;;;;;;;;;;;;;;;;;;;;;;;;;;;;;;;;;;;;;
;;;;;;;;;;;;;;;;;;;;;;;;;;;;;;;;;;;;;;;;;;;;;;;
;;;;;;;;;;;;;;;;;;;;;;;;;;;;;;;;;;;;;;;;;;;;;;;
;;;;;;;;;;;;;;;;;;;;;;;;;;;;;;;;;;;;;;;;;;;;;;;
;;;;;;;;;;;;;;;;;;;;;;;;;;;;;;;;;;;;;;;;;;;;;;;
;;;;;;;;;;;;;;;;;;;;;;;;;;;;;;;;;;;;;;;;;;;;;;;
;;;;;;;;;;;;;;;;;;;;;;;;;;;;;;;;;;;;;;;;;;;;;;;
;;;;;;;;;;;;;;;;;;;;;;;;;;;;;;;;;;;;;;;;;;;;;;;
;;;;;;;;;;;;;;;;;;;;;;;;;;;;;;;;;;;;;;;;;;;;;;;
;;;;;;;;;;;;;;;;;;;;;;;;;;;;;;;;;;;;;;;;;;;;;;;
;;;;;;;;;;;;;;;;;;;;;;;;;;;;;;;;;;;;;;;;;;;;;;;
;;;;;;;;;;;;;;;;;;;;;;;;;;;;;;;;;;;;;;;;;;;;;;;
;;;;;;;;;;;;;;;;;;;;;;;;;;;;;;;;;;;;;;;;;;;;;;;
;;;;;;;;;;;;;;;;;;;;;;;;;;;;;;;;;;;;;;;;;;;;;;;
;;;;;;;;;;;;;;;;;;;;;;;;;;;;;;;;;;;;;;;;;;;;;;;
;;;;;;;;;;;;;;;;;;;;;;;;;;;;;;;;;;;;;;;;;;;;;;;
;;;;;;;;;;;;;;;;;;;;;;;;;;;;;;;;;;;;;;;;;;;;;;;
;;;;;;;;;;;;;;;;;;;;;;;;;;;;;;;;;;;;;;;;;;;;;;;
;;;;;;;;;;;;;;;;;;;;;;;;;;;;;;;;;;;;;;;;;;;;;;;
;;;;;;;;;;;;;;;;;;;;;;;;;;;;;;;;;;;;;;;;;;;;;;;
;;;;;;;;;;;;;;;;;;;;;;;;;;;;;;;;;;;;;;;;;;;;;;;
;;;;;;;;;;;;;;;;;;;;;;;;;;;;;;;;;;;;;;;;;;;;;;;
;;;;;;;;;;;;;;;;;;;;;;;;;;;;;;;;;;;;;;;;;;;;;;;
;;;;;;;;;;;;;;;;;;;;;;;;;;;;;;;;;;;;;;;;;;;;;;;
;;;;;;;;;;;;;;;;;;;;;;;;;;;;;;;;;;;;;;;;;;;;;;;
;;;;;;;;;;;;;;;;;;;;;;;;;;;;;;;;;;;;;;;;;;;;;;;
;;;;;;;;;;;;;;;;;;;;;;;;;;;;;;;;;;;;;;;;;;;;;;;
;;;;;;;;;;;;;;;;;;;;;;;;;;;;;;;;;;;;;;;;;;;;;;;
;;;;;;;;;;;;;;;;;;;;;;;;;;;;;;;;;;;;;;;;;;;;;;;
;;;;;;;;;;;;;;;;;;;;;;;;;;;;;;;;;;;;;;;;;;;;;;;
;;;;;;;;;;;;;;;;;;;;;;;;;;;;;;;;;;;;;;;;;;;;;;;
;;;;;;;;;;;;;;;;;;;;;;;;;;;;;;;;;;;;;;;;;;;;;;;
;;;;;;;;;;;;;;;;;;;;;;;;;;;;;;;;;;;;;;;;;;;;;;;
;;;;;;;;;;;;;;;;;;;;;;;;;;;;;;;;;;;;;;;;;;;;;;;
;;;;;;;;;;;;;;;;;;;;;;;;;;;;;;;;;;;;;;;;;;;;;;;
;;;;;;;;;;;;;;;;;;;;;;;;;;;;;;;;;;;;;;;;;;;;;;;
;;;;;;;;;;;;;;;;;;;;;;;;;;;;;;;;;;;;;;;;;;;;;;;
;;;;;;;;;;;;;;;;;;;;;;;;;;;;;;;;;;;;;;;;;;;;;;;
;;;;;;;;;;;;;;;;;;;;;;;;;;;;;;;;;;;;;;;;;;;;;;;
;;;;;;;;;;;;;;;;;;;;;;;;;;;;;;;;;;;;;;;;;;;;;;;
;;;;;;;;;;;;;;;;;;;;;;;;;;;;;;;;;;;;;;;;;;;;;;;
;;;;;;;;;;;;;;;;;;;;;;;;;;;;;;;;;;;;;;;;;;;;;;;
;;;;;;;;;;;;;;;;;;;;;;;;;;;;;;;;;;;;;;;;;;;;;;;
;;;;;;;;;;;;;;;;;;;;;;;;;;;;;;;;;;;;;;;;;;;;;;;
;;;;;;;;;;;;;;;;;;;;;;;;;;;;;;;;;;;;;;;;;;;;;;;
;;;;;;;;;;;;;;;;;;;;;;;;;;;;;;;;;;;;;;;;;;;;;;;
;;;;;;;;;;;;;;;;;;;;;;;;;;;;;;;;;;;;;;;;;;;;;;;
