"Estado","Tipo","Ano","AS_EM","AS_LC","AS_LX","AS_TE","AS_PA","AS_RL","AS_CS","AS_DM","AS_VD","AS_RD","AS_TR","CH_CM","CH_PA","CH_PT","CH_QT","ED_AE","ED_E1","ED_E2","ED_IO","ED_UF","ED_UM","ED_CI","EP_EJ","EP_EP","EP_JP","EP_LP","EP_IT","EP_QI","EP_PJ","EP_SG","EP_PS","EP_EG","EP_GE","IF_AT_FI","IF_QT","IF_CR","IF_CS","IF_DV","IF_EL_FI","IF_I1","IF_I2","IF_QR","IF_FO","IN_IF","IN_PF","IN_BC","IN_IN","IN_PC","PM_PB_TM","PM_PB_TX","PM_FT","SF_CI","SF_RO","SF_SF","SF_SO","SF_AU","SF_RP","SF_GP","SF_IL","SF_PC","SP_JC","SP_SC","SP_CC","SP_IH","SP_MT","SP_MO","SP_SG","SP_SP","SP_QI","SS_AM","SS_BE","SS_DS","SS_DS_AG","SS_DS_ES","SS_EV","SS_FM","SS_IE","SS_IH","SS_IJ","SS_MA","SS_MP","SS_SI","SS_DI","SS_OI","SS_CV","SS_ER","V1","V2","V3"
"Acre","Normalizados",2017,46.2,44.2,72,9.4,31.1,NA,NA,NA,NA,NA,NA,81.8,20.3,12.9,14.6,100,65,0,12,0,48.1,29.4,65.5,61.8,28.7,51,NA,NA,NA,NA,NA,NA,NA,17.9,29.9,0,100,0.4,0,31.5,60.7,0,NA,1.1,0,75.6,NA,NA,0.1,51.2,82.2,42.2,NA,75.2,81.5,1.9,70.7,NA,NA,NA,25.8,56.7,23.3,87.7,87.1,NA,7.2,38.3,57.5,NA,13.2,35.1,14.8,31,26.7,17,52.4,21.6,7.8,51.7,23.4,42.2,NA,NA,NA,NA,11.5050298179512,35.5031468707285,38.7446945212454
"Alagoas","Normalizados",2017,62.7,37.5,44.8,16.5,62.1,NA,NA,NA,NA,NA,NA,97,14.5,10.1,3.2,100,31.1,20.3,21,45.5,20.6,53.3,11.9,81.3,63.9,81.3,NA,NA,NA,NA,NA,NA,NA,13.3,87.8,68.8,37.3,2.6,92.4,53,65.5,75.4,NA,4.5,4.3,82.6,NA,NA,1.7,24.9,34.9,66.6,NA,66.3,76.4,38.4,88,NA,NA,NA,19.3,64,30.8,100,71.7,NA,19.4,70.1,100,NA,26.8,69.1,63.4,35.2,61.8,39.2,25.7,0,0,98.9,21.2,57.2,NA,NA,NA,NA,33.6075441014345,13.4031347046006,32.9867612157236
"Amazonas","Normalizados",2017,82.1,6.1,63.9,39.4,13.1,NA,NA,NA,NA,NA,NA,79.3,25.1,21.8,37.1,80,41.8,4.6,16,12.1,42.6,12,0,93.5,83.3,82.5,NA,NA,NA,NA,NA,NA,NA,11.9,25.9,67.4,40.7,4.5,59.5,43.6,97.8,6.8,NA,15.4,17.8,59.8,NA,NA,3.9,16.4,77.4,29.9,NA,88.8,73.3,59.9,83.7,NA,NA,NA,19.5,12.6,40.9,99.3,100,NA,64.1,24.4,54.8,NA,40.3,13.1,58.4,33.1,23.5,12.8,42.4,29.9,25.9,29.9,47.8,27.3,NA,NA,NA,NA,29.3739988607374,26.105702193318,67.916292909606
"Amapá","Normalizados",2017,93,60,64.8,5.6,18.7,NA,NA,NA,NA,NA,NA,62.1,36.3,12.7,52.3,0,0,7.2,24,3,28.2,0,77.6,43.1,7,46.7,NA,NA,NA,NA,NA,NA,NA,14,21,43.3,92,0.6,88,81.3,75,25.9,NA,2.4,0,47.2,NA,NA,0.2,13.9,100,8.7,NA,99.6,0,0,100,NA,NA,NA,38.6,73.6,52.2,96.8,98.3,NA,24.7,71.9,50.7,NA,55.5,29.3,20.3,2.3,0,18,0,34.1,5.4,62.4,41.3,0,NA,NA,NA,NA,7.60334602881122,74.4352969441885,61.2535295595566
"Bahia","Normalizados",2017,57.3,32.5,36.8,52.3,78.8,NA,NA,NA,NA,NA,NA,92.5,8.9,6.9,14.3,0,7.1,39.2,25,45.5,15.1,67.3,33.5,92.9,72.7,88.3,NA,NA,NA,NA,NA,NA,NA,16.4,72.6,79,58,16.2,74.9,58.1,81,44.2,NA,28.2,13.5,6.8,NA,NA,11.6,14.8,22.9,63.5,NA,80.6,73.1,63,48.4,NA,NA,NA,0.2,17.2,69.8,0,82,NA,40.1,77.8,51.6,NA,23.7,0,77.1,55.7,67.6,24,29.9,18.6,30.3,62.5,21.2,53.3,NA,NA,NA,NA,31.0891874891505,33.9619412700811,74.5952389560193
"Ceará","Normalizados",2017,60.9,45.2,44.4,35.1,60.9,NA,NA,NA,NA,NA,NA,95.1,14.6,5.2,23.7,100,84.2,49.6,6,63.6,55.3,80,17.5,87.8,80.7,86.2,NA,NA,NA,NA,NA,NA,NA,25.7,84.8,60.5,79.5,8.9,95.6,33.3,97.8,51.1,NA,21.2,23.6,28.2,NA,NA,6.1,43.6,34.9,100,NA,85,58.5,55.3,57,NA,NA,NA,26.7,22.3,40.3,36.7,73.8,NA,15.6,71.5,76.8,NA,42.9,24.6,67,42.8,75.5,23.1,61.9,31.1,22.9,57.5,5.6,62.3,NA,NA,NA,NA,46.1338717515866,12.9243328378912,36.2832053127109
"Distrito Federal","Normalizados",2017,64.7,100,68.4,100,84.9,NA,NA,NA,NA,NA,NA,0,100,100,100,0,82.8,89.5,4,57.6,61.2,38,67.5,85.9,0,90.9,NA,NA,NA,NA,NA,NA,NA,100,64.6,63.5,33.7,25.9,100,51.5,89.8,75,NA,3.2,17.5,40.2,NA,NA,10.6,48.7,69.8,14,NA,89.6,15.5,100,45.2,NA,NA,NA,51.8,80.6,32.7,99.3,96,NA,86.9,63.3,64.8,NA,94.2,10.5,94.3,92.3,66.8,82.7,44.1,100,98.2,85.7,84,83.8,NA,NA,NA,NA,72.7146744283231,100,43.1426363230398
"Espírito Santo","Normalizados",2017,56.8,44.2,100,43.1,75.1,NA,NA,NA,NA,NA,NA,70.4,32.9,25.2,45.2,100,77.3,83.9,9,78.8,45.7,73.7,32.6,97.7,83.3,93.6,NA,NA,NA,NA,NA,NA,NA,24.9,58.8,70.6,79.5,5.2,97.3,23.3,95.6,38.3,NA,13.6,35.4,11.4,NA,NA,5.2,10.7,35.9,20.5,NA,95.8,55.4,57.9,75.7,NA,NA,NA,46.2,43.7,75.5,61.9,54.3,NA,53.5,66.7,80.8,NA,75,59.7,78.4,82.3,78.9,59.5,57.5,53.3,41.9,65.3,40.3,85,NA,NA,NA,NA,56.9109881878283,21.3196080152978,43.5686084743816
"Goiás","Normalizados",2017,59.9,41.2,67.3,50.4,100,NA,NA,NA,NA,NA,NA,70.2,26.1,19,43.6,100,91.4,67.6,7,45.5,58.8,38.2,26.9,81.3,88.4,91.2,NA,NA,NA,NA,NA,NA,NA,46.4,78.4,71.3,17.9,5.7,89.3,43.8,46.9,47.2,NA,15.2,8.9,36.6,NA,NA,8.4,30,49.7,41.1,NA,67.5,76.1,79.1,74.6,NA,NA,NA,25.1,34.2,52.8,84.4,50.1,NA,50.1,61.2,75.8,NA,86.2,62.3,79.6,52.5,69.3,53.7,75.4,51.5,68.3,74,37.2,72.5,NA,NA,NA,NA,55.4369490417152,28.8652453948035,30.5099170232988
"Maranhão","Normalizados",2017,48.9,18.6,9.6,4.6,31.8,NA,NA,NA,NA,NA,NA,100,5.2,1.6,4.9,10,11.1,6.1,26,51.5,33.7,67,37.3,82.8,58.4,78.3,NA,NA,NA,NA,NA,NA,NA,0,0,85.9,73.6,3.1,83.4,34.9,99.4,26.3,NA,12.6,2.3,14.8,NA,NA,3.4,31.3,48.2,74.5,NA,85.8,59.6,33.7,18.3,NA,NA,NA,10,30.3,77.4,92.7,64.2,NA,67.5,83.6,84.9,NA,0,28.3,50.5,12.6,52.8,0,43.8,2.4,1.1,13.7,64.2,39.3,NA,NA,NA,NA,12.1345776029085,27.3858191631069,87.9138239883085
"Minas Gerais","Normalizados",2017,58,49.6,85.1,40.4,81.2,NA,NA,NA,NA,NA,NA,76.6,26.7,18,40.2,100,78.2,95.9,2,90.9,78,68.8,38.3,96.1,85.6,93.8,NA,NA,NA,NA,NA,NA,NA,36.4,70.4,78.2,78,23.2,97.8,14,92.1,40.7,NA,21.1,44,53.2,NA,NA,26,8,17.9,4.6,NA,31.7,72.6,83.8,20.5,NA,NA,NA,49.4,30.9,64.2,9.9,73.7,NA,84.5,90.7,60.3,NA,80.6,57.1,85.6,87.9,91.9,63.2,65.1,62.3,68.7,88.7,76.1,80.2,NA,NA,NA,NA,62.6664580373981,17.5904690590791,45.9897427586812
"Mato Grosso do Sul","Normalizados",2017,56.7,56.7,73.5,45.1,87.3,NA,NA,NA,NA,NA,NA,65.5,34.9,28.7,40.6,50,63.8,51.7,13,87.9,30.9,68.2,23.4,84.8,69.6,85.5,NA,NA,NA,NA,NA,NA,NA,52,69.5,61.6,35,2.9,97,34.5,93.8,50.5,NA,12,8.7,44.4,NA,NA,3.7,54.2,44.4,79.3,NA,73.5,54.1,64.6,0,NA,NA,NA,96.4,78,56,78.5,55.9,NA,82.4,97.2,30.6,NA,92.4,62.3,83,38.6,77.8,65.1,91.8,49.7,83.2,68.9,70.9,88.7,NA,NA,NA,NA,51.5445327043618,33.9681557949255,51.8764853704157
"Mato Grosso","Normalizados",2017,33.2,25.7,49,31.3,60,NA,NA,NA,NA,NA,NA,65.8,27.3,34.2,35,10,62.2,30.3,8,60.6,86.6,52.5,48,88,67.6,79.3,NA,NA,NA,NA,NA,NA,NA,49,23.5,66.7,81.3,6.3,92.9,22.1,92.2,37.9,NA,12.4,1.6,88.6,NA,NA,5.1,71.7,47.1,48.2,NA,85.7,73.8,70.2,31.5,NA,NA,NA,19.5,25,77.4,73.1,26.5,NA,63.8,100,76.4,NA,91.6,80.1,68.8,24.8,54,63.2,92.3,54.5,87,47.9,56.6,65.9,NA,NA,NA,NA,37.882945382648,41.5907009277937,84.1736298725416
"Pará","Normalizados",2017,47.7,28.6,24.1,0,72.2,NA,NA,NA,NA,NA,NA,93.4,0,8.8,3.6,100,2.4,21.8,27,57.6,5.8,39.2,9.9,94.1,87.7,84,NA,NA,NA,NA,NA,NA,NA,7.9,3.7,42.9,99.5,8.1,62.6,0,94.2,8.2,NA,5.8,4.4,55.6,NA,NA,6.6,100,59.9,42.5,NA,100,64.6,55.2,60.8,NA,NA,NA,2.7,46,47.2,85.8,75.5,NA,25.6,53,93.6,NA,54.5,37.2,5.8,3.9,36.9,4.6,65.1,9,31.5,0,33.1,40.6,NA,NA,NA,NA,21.0040772435471,0,66.1968155711405
"Paraíba","Normalizados",2017,59.6,35.2,47.4,32.9,76.5,NA,NA,NA,NA,NA,NA,88.9,31.3,4.7,11.5,100,19.7,41.5,17,75.8,21,70,30.8,86.9,56.2,75.9,NA,NA,NA,NA,NA,NA,NA,25.3,97.6,88.6,52.8,2.2,99,52,100,62,NA,39.7,3.6,100,NA,NA,2.3,35.8,36.8,42.3,NA,91.4,59.3,32.4,74.9,NA,NA,NA,36.6,44.6,71.1,95.3,57.3,NA,63,83.4,76.7,NA,62.2,8.4,54.6,48.9,87.9,23.9,70.1,23.4,34.1,60,56.1,65.4,NA,NA,NA,NA,42.6787212924594,13.2697027296201,30.2066483385798
"Pernambuco","Normalizados",2017,61.4,32.9,79.9,27.9,47.7,NA,NA,NA,NA,NA,NA,84.1,20.2,11.4,29,100,42.4,42,15,39.4,32.3,56.6,11.8,88.1,64.9,83.2,NA,NA,NA,NA,NA,NA,NA,28.1,70.1,90.6,66.3,13.3,91.7,55,85.4,44.7,NA,15.8,6.2,49.3,NA,NA,7.2,4,35.2,34,NA,79.2,100,58.8,53.9,NA,NA,NA,26.5,35.4,4.4,20.4,72.4,NA,18.8,29.7,93.2,NA,43.1,38.7,63.8,61.4,72.5,33.1,15,26.3,17.3,61.6,13.9,61.7,NA,NA,NA,NA,40.5758523119066,20.7275169470663,36.9905886661822
"Piauí","Normalizados",2017,57.9,26.8,26.9,8.5,55.6,NA,NA,NA,NA,NA,NA,95.1,24.6,0,0,100,39.6,26.2,19,84.8,27.1,63.2,20.4,40.3,52.5,57.8,NA,NA,NA,NA,NA,NA,NA,28.3,36.9,81.5,74.6,1.5,49.5,43.1,79.4,39.6,NA,7.6,0,25.5,NA,NA,1.4,56.6,22.7,64.5,NA,86.8,49.3,24.8,56.1,NA,NA,NA,20.1,0,47.2,68.4,19.3,NA,83.4,72.4,93.6,NA,26.2,14.7,75.2,0,74.7,6.5,43.6,8.4,57.6,42.8,68.5,30.2,NA,NA,NA,NA,22.4717479719453,18.118675195383,28.8498232113501
"Paraná","Normalizados",2017,61.7,51.8,55.1,80.6,83.3,NA,NA,NA,NA,NA,NA,59.8,40.7,32.9,51.9,30,86.2,86.9,3,69.7,71.1,73.4,44.7,99.3,94.8,96.3,NA,NA,NA,NA,NA,NA,NA,51.7,76.2,98.2,49.5,18.9,99.2,29.2,90.6,53.2,NA,46.4,73.4,55.9,NA,NA,19.2,22.9,21.6,35.7,NA,91.3,63.1,83.3,35.7,NA,NA,NA,53.1,100,0,66,57.2,NA,79.3,84.3,51.3,NA,93.2,61.8,86.7,73.3,88.5,79.1,84.2,65.3,74.1,100,67.2,90.8,NA,NA,NA,NA,69.32554456318,40.3818933558324,72.8880011036455
"Rio de Janeiro","Normalizados",2017,62.5,23.1,88.6,35.1,90.5,NA,NA,NA,NA,NA,NA,58.6,51.7,48.4,72.4,80,62.5,98,11,51.5,47.8,64.6,1,98.6,92.3,95.5,NA,NA,NA,NA,NA,NA,NA,59.2,64.6,52.3,43,37.7,99.2,0.3,81.6,63.5,NA,26.5,38.9,50.7,NA,NA,32.8,23.8,9.8,0.6,NA,0,39.5,97.5,28.2,NA,NA,NA,0,35.3,55.3,1.4,91,NA,48.3,12.2,80.4,NA,83.5,70.2,83.9,93.3,90.2,74.7,29.3,67.7,58.1,44.2,41.9,69.6,NA,NA,NA,NA,68.8043899633632,29.2048763507046,58.8074688719634
"Rio Grande do Norte","Normalizados",2017,61.3,45.7,46.7,29,52.3,NA,NA,NA,NA,NA,NA,87.3,27.2,9.2,28.2,20,10,48.9,22,72.7,26.5,86.6,58.7,83.9,41.3,79,NA,NA,NA,NA,NA,NA,NA,26.4,100,68.8,56.2,2.9,98.7,73.5,93.4,48.1,NA,36.5,3.5,46,NA,NA,2.3,15.1,43.8,22.6,NA,97.4,38.4,30.8,34.6,NA,NA,NA,5,57.3,83,18,81.4,NA,0,56.2,87.6,NA,48.4,45,76.3,20.3,73.4,35,51.9,28.7,35.7,50.4,0,71,NA,NA,NA,NA,34.4176966665506,39.60709479473,53.7988830035519
"Rondônia","Normalizados",2017,0,11.5,34,0.8,40,NA,NA,NA,NA,NA,NA,80.4,10.9,12.6,17.9,50,73.1,18.8,14,100,15.8,43.9,52,57.7,14.1,70.5,NA,NA,NA,NA,NA,NA,NA,29.2,50.9,51.8,73.3,1.5,96.9,65.3,70.3,61.7,NA,0,0,38.3,NA,NA,1.3,49.6,48.9,37.8,NA,84,48,62,49.6,NA,NA,NA,78.7,93,49.1,91.5,39.7,NA,69.6,80.8,13.2,NA,78.3,84.3,0,1.1,52.3,49.3,89.2,25.1,46.9,48.2,63.1,69.6,NA,NA,NA,NA,19.472672333388,36.8409408051441,40.3326131150279
"Roraima","Normalizados",2017,100,0,62,80.3,0,NA,NA,NA,NA,NA,NA,66.7,52.5,21.5,68,0,38.3,15.2,23,39.4,57.7,36.9,100,66.1,19.4,0,NA,NA,NA,NA,NA,NA,NA,28.1,19.2,60.5,81.1,0,81.3,100,0,36.6,NA,26.5,0,19.2,NA,NA,0,80.3,83,19.5,NA,86.7,37.1,4.2,81.4,NA,NA,NA,28.1,32.9,36.5,27,35.5,NA,41.9,0,0,NA,61.1,42.9,82.7,22.1,8.9,35.9,73.3,41.3,44.3,36.5,47.2,9,NA,NA,NA,NA,16.165550303841,90.0224279241999,50.1591222087191
"Rio Grande do Sul","Normalizados",2017,59.9,39.2,71,26.1,75.9,NA,NA,NA,NA,NA,NA,56.8,37.4,31.7,54,20,57.4,89.7,10,81.8,35.1,76.2,34,96.6,98.9,97.4,NA,NA,NA,NA,NA,NA,NA,51.9,47.9,67.7,0,13.5,97.7,41.6,79.9,52.2,NA,4.1,100,74.9,NA,NA,19.4,20.2,0,0,NA,19.3,90.4,87.9,56.7,NA,NA,NA,0.3,56,79.9,92,78.6,NA,72.1,74.3,61.2,NA,90.3,54.5,84.4,68.5,100,84.9,86.7,62.3,86.2,93.5,62.4,90.4,NA,NA,NA,NA,63.3558029654226,36.3518261035367,94.0703416048379
"Santa Catarina","Normalizados",2017,60.4,43.3,81.5,27.2,79,NA,NA,NA,NA,NA,NA,58.7,42.5,34.9,61.3,0,97.1,100,5,81.8,71.8,96.9,5.5,91.8,88.9,94.1,NA,NA,NA,NA,NA,NA,NA,48.5,71,84.6,48.7,11.2,98.9,52.4,88.6,50.1,NA,19.6,83.3,65.4,NA,NA,12.7,52.9,39.8,60.1,NA,83,51.3,80,45.7,NA,NA,NA,49.8,74.8,100,85.4,61.6,NA,89.8,97,74.9,NA,100,100,76.8,57.5,88.3,100,100,74.9,100,90.6,78.6,100,NA,NA,NA,NA,67.1631500565866,40.8179835536936,87.4319981022641
"Sergipe","Normalizados",2017,60.2,40.3,0,30.9,56.6,NA,NA,NA,NA,NA,NA,86.7,18,9.2,11,0,17.7,45.2,20,87.9,0,55.5,86.3,68.5,48.2,72.1,NA,NA,NA,NA,NA,NA,NA,15.6,79,80.5,38.6,1.6,94.8,53.5,92.9,21.1,NA,6.1,26.1,54,NA,NA,1.3,0,49.2,26.1,NA,80.4,94.6,23.4,37.1,NA,NA,NA,17.6,17.2,64.8,65.7,71.5,NA,21.5,75.5,26.5,NA,31.7,31.9,79.2,53.1,58.7,30.8,42.5,11.4,27.3,76.3,20.8,42.9,NA,NA,NA,NA,24.8554055760916,39.8651463165804,71.1668341778576
"São Paulo","Normalizados",2017,63.8,66.9,89.4,78,81.8,NA,NA,NA,NA,NA,NA,39.8,51.8,49.3,78.3,100,100,93.2,1,66.7,100,100,9.6,100,100,100,NA,NA,NA,NA,NA,NA,NA,74.8,85.1,100,77.2,100,99.2,65.2,85.4,100,NA,100,68.9,67.9,NA,NA,100,12.3,22.4,38.9,NA,37.5,90.9,99.4,69.6,NA,NA,NA,100,70.3,30.8,32.8,95.2,NA,100,62.6,56.6,NA,91.5,40.3,100,100,96.9,82.7,48.4,85.6,57.2,69.3,100,85.1,NA,NA,NA,NA,93.2381679566627,38.4688606564753,34.9229497291109
"Tocantins","Normalizados",2017,43.8,18.7,50.1,29.5,84,NA,NA,NA,NA,NA,NA,79.3,33.3,13.7,38.7,100,54.3,17.8,18,97,63.2,63.1,49.9,0,16.5,61,NA,NA,NA,NA,NA,NA,NA,31.4,34.8,70.7,38.3,1.1,81.6,17.2,92.2,29.3,NA,0.1,0,0,NA,NA,0.9,77.6,57.6,39.9,NA,88,37.6,29.1,65.2,NA,NA,NA,49.6,34.2,57.2,79.1,0,NA,72.3,91.9,0,NA,76.5,67,72.4,24.8,58.6,31.1,66.2,35.9,63.3,17.7,41,73.5,NA,NA,NA,NA,29.3074017265832,34.5616960133236,14.0842022573405
"Acre","Normalizados",2018,11.8,29.5,44.4,8.1,28.2,NA,NA,NA,NA,NA,NA,85.7,28.9,6.4,24,80,NA,0,NA,63.9,46.2,34.7,NA,36.4,16.8,40.4,18.6,NA,NA,NA,NA,NA,NA,15.9,47,0,95,0.4,0,73.9,61.3,4.2,NA,0.6,10.6,23.8,NA,NA,0.1,32,61,51.4,NA,72.4,79,14,43.4,37.6,NA,46.1,26.8,NA,NA,99,87.6,79.8,32.8,49.4,NA,NA,NA,NA,21.6,35.2,31.6,19.5,48.3,NA,12.1,56,44.3,28.8,NA,NA,NA,NA,5.67514687395837,42.7599316428882,30.1385073332744
"Alagoas","Normalizados",2018,67.9,20.7,34.6,11.4,91.5,NA,NA,NA,NA,NA,NA,93.8,22.9,11.1,14.3,80,NA,24.4,NA,63.9,26.2,63.6,NA,76.5,56.7,81,89.6,NA,NA,NA,NA,NA,NA,13.1,97.9,64.7,37.2,2.6,86.2,46.2,66.1,81.8,NA,3.6,5.8,54.3,NA,NA,1.7,14,23,77.1,NA,67.8,77.9,32.1,40.8,80.4,NA,59,15,NA,NA,99.1,59,90.9,36.5,72.8,NA,NA,NA,NA,68,44.6,62.1,38.6,28,NA,0.1,78.6,43.6,69.4,NA,NA,NA,NA,35.9914737222328,18.9244183770709,32.1099312418021
"Amazonas","Normalizados",2018,85.7,35.2,67.7,23,6.6,NA,NA,NA,NA,NA,NA,86.4,20.2,19.9,33,30,NA,0.8,NA,30.6,48.5,27.6,NA,90.9,83.1,79.6,34.5,NA,NA,NA,NA,NA,NA,17.7,9.5,68.2,48.1,4.4,43.1,49.2,98.8,0,NA,21.7,14.3,69.6,NA,NA,4.1,34.6,55.9,53.9,NA,87.2,82.9,67.7,38.9,86.6,NA,60.3,19.4,NA,NA,100,90.7,99.7,64,26.6,NA,NA,NA,NA,57,32.2,30.5,14.1,39,NA,19.1,0,53.1,33.1,NA,NA,NA,NA,23.4809329556954,37.399273701841,90.7255245849562
"Amapá","Normalizados",2018,100,51.1,59.2,6.2,12.4,NA,NA,NA,NA,NA,NA,75.9,48.2,9.5,59.6,0,NA,1.2,NA,44.4,43.9,0,NA,0,5.9,42.5,0,NA,NA,NA,NA,NA,NA,15.9,0,64.4,100,0.4,99.8,72.6,75.8,42.9,NA,4.1,0,19.7,NA,NA,0.1,0,69.8,0,NA,100,11.3,13.1,61.4,100,NA,100,50.9,NA,NA,95.8,100,90.8,15.3,27.2,NA,NA,NA,NA,30.8,7.8,10.5,27,0,NA,25.2,9.1,32.1,28.6,NA,NA,NA,NA,6.95231792385365,76.0546165563258,54.0215979293237
"Bahia","Normalizados",2018,64,9.6,34.7,52,83.2,NA,NA,NA,NA,NA,NA,91.7,1.9,8.1,11.3,0,NA,35.9,NA,30.6,15.3,67.5,NA,90.3,74.8,87.5,34,NA,NA,NA,NA,NA,NA,19,58.6,72.9,38.3,15.4,75.6,66.8,88.7,55.5,NA,25.2,13.5,44.5,NA,NA,12.2,16.4,15.6,46.4,NA,76,83.3,67.5,32.5,61.7,NA,42.6,5.1,NA,NA,16.5,75.8,92.2,41.6,70.7,NA,NA,NA,NA,78,57.8,67,19.4,16.5,NA,34.1,76.4,26.8,55.8,NA,NA,NA,NA,31.7411973028152,32.4946747989417,80.6632938537643
"Ceará","Normalizados",2018,64.5,29.9,46.9,34.8,68.2,NA,NA,NA,NA,NA,NA,93.8,9.5,3,16.9,100,NA,44.6,NA,83.3,75.1,78.1,NA,82.6,79.1,84.8,95.3,NA,NA,NA,NA,NA,NA,23.6,88.7,61,78.9,9.5,92.7,74.4,93.9,42.3,NA,21,15.2,35.2,NA,NA,6.3,35.6,21.7,100,NA,78.6,73.3,60.3,28.2,77.9,NA,54.2,19.2,NA,NA,55.5,62.2,80.3,24.2,58,NA,NA,NA,NA,68.7,42.5,72.9,18,71.8,NA,23.5,61.3,21.6,71.6,NA,NA,NA,NA,42.8988761822521,14.2316922056672,29.1036748893108
"Distrito Federal","Normalizados",2018,68.9,100,26.8,100,90.1,NA,NA,NA,NA,NA,NA,0,100,100,100,10,NA,86.2,NA,41.7,71.8,48.6,NA,78.7,0,90.2,99.5,NA,NA,NA,NA,NA,NA,100,69.3,65.5,37.8,25.9,95.9,71.8,92.3,71,NA,1.6,22.5,23.8,NA,NA,10.8,63,38.8,15.8,NA,87,44.2,100,30.7,66.2,NA,36.1,41.6,NA,NA,91.1,82.8,91.6,87.6,0,NA,NA,NA,NA,98.6,93.8,64.2,80.5,56.8,NA,62.5,79.7,86.9,79.9,NA,NA,NA,NA,70.8943015498259,97.5893244302369,33.7988566762931
"Espírito Santo","Normalizados",2018,62.5,45.7,100,46.2,78.4,NA,NA,NA,NA,NA,NA,72.6,25.6,20.2,42.5,100,NA,80.7,NA,66.7,38.2,76.7,NA,95.4,79.9,91.1,89.3,NA,NA,NA,NA,NA,NA,31.5,64.6,80,83.3,4.9,98,35.1,97.3,64.7,NA,6.7,20.9,30.2,NA,NA,5,51.5,25.8,30.3,NA,93.2,49.7,58.4,40.6,87,NA,77.2,41.4,NA,NA,49.7,53.3,80.7,63.8,72.2,NA,NA,NA,NA,80.5,83.6,79.1,49.2,70.7,NA,55.1,72.9,58.9,84,NA,NA,NA,NA,55.3376772233713,21.2566177871214,38.3025557898963
"Goiás","Normalizados",2018,63.9,29,51.6,51.1,100,NA,NA,NA,NA,NA,NA,71.7,25.8,15.8,43.5,100,NA,58.4,NA,63.9,65.1,49.4,NA,70.4,72.5,82,89.3,NA,NA,NA,NA,NA,NA,42.5,78.9,69.3,18.3,5.7,95.3,36.6,60.9,46.3,NA,27.9,7.9,48.5,NA,NA,8.4,31.8,36.9,27.3,NA,65.2,75.9,81.7,34.8,64.3,NA,39.3,32.9,NA,NA,85.3,42.2,83.7,50.4,43.2,NA,NA,NA,NA,84.2,56.1,67.8,52.3,86,NA,81.3,65.7,45.1,68.8,NA,NA,NA,NA,51.5375622294342,27.3695319093369,27.9500425442536
"Maranhão","Normalizados",2018,48.4,0,11.6,7.1,28.7,NA,NA,NA,NA,NA,NA,100,0,3.4,9.4,10,NA,3.3,NA,47.2,44.2,71.8,NA,75.2,60.5,78.1,47.9,NA,NA,NA,NA,NA,NA,0,24.4,88.3,81.7,2.7,78.9,40,99.2,41,NA,14,3.3,48.2,NA,NA,3.8,37.7,31.6,58.6,NA,79.9,68.5,40.4,19.7,67.1,NA,17.7,0,NA,NA,96.6,54,89.2,72.4,59.9,NA,NA,NA,NA,51.1,18.2,56,0,41.7,NA,0,35,70.8,54.3,NA,NA,NA,NA,14.7179755954662,26.3453308550129,85.1768669400228
"Minas Gerais","Normalizados",2018,65.1,26.9,74.9,39.5,85.7,NA,NA,NA,NA,NA,NA,76.7,22.2,15.4,32.9,80,NA,95.2,NA,94.4,83.1,75.3,NA,92.5,84.7,92.2,37.5,NA,NA,NA,NA,NA,NA,40.1,75,66.6,70,23.9,94.4,25.8,94.2,52.6,NA,8.8,41.2,38.6,NA,NA,26.1,36.5,10.9,0.3,NA,28.2,74.4,90,25.5,27.2,NA,0,43.3,NA,NA,54.6,69.5,85.4,89.7,84.9,NA,NA,NA,NA,86.1,87.6,90,58.5,75,NA,65.1,86.1,85.8,83.3,NA,NA,NA,NA,57.5486921715374,19.934423964597,52.5760814870872
"Mato Grosso do Sul","Normalizados",2018,59.8,51.8,27.6,44.6,92.4,NA,NA,NA,NA,NA,NA,65.1,33.2,28.9,35.2,70,NA,46.6,NA,66.7,54.2,74.3,NA,80.7,75,85.8,100,NA,NA,NA,NA,NA,NA,52.8,84.8,75.1,36.7,2.8,98.4,63.3,97.6,60.4,NA,12.9,7.8,100,NA,NA,4.1,80.4,28,73.9,NA,72.8,30.9,71.7,40.4,38.9,NA,47.5,100,NA,NA,77.8,47.1,79.9,85.8,86.6,NA,NA,NA,NA,84.4,48.1,76.9,63.8,95.3,NA,70.2,51.8,72.9,78.6,NA,NA,NA,NA,52.9562404470115,29.5096159382289,40.8523242780093
"Mato Grosso","Normalizados",2018,35.1,22,67.4,32.6,63.7,NA,NA,NA,NA,NA,NA,64.6,32.2,36.2,34.7,0,NA,25.8,NA,50,86.4,61.1,NA,85.1,75.8,80.4,78.9,NA,NA,NA,NA,NA,NA,47.4,63.7,64.9,88.3,6,92.6,36.8,99.2,55.4,NA,10.4,4.6,39,NA,NA,5.9,68.9,32.1,17.1,NA,84.1,63.7,76.1,30.4,35.3,NA,35.6,36.9,NA,NA,78.4,0,72.8,66.8,71,NA,NA,NA,NA,68.6,32.6,56.9,57.2,95.9,NA,60.6,58.7,58.1,71.4,NA,NA,NA,NA,39.663908370784,43.971857530991,77.1795435782457
"Pará","Normalizados",2018,46.7,15.3,23.9,0,76.1,NA,NA,NA,NA,NA,NA,92.7,2.2,5.4,5,80,NA,18.3,NA,38.9,18.9,40,NA,89.7,86.1,82.2,40.5,NA,NA,NA,NA,NA,NA,8.8,10.4,57.2,99.4,7.5,63.8,10.4,97.6,32.2,NA,4.8,3.8,29.5,NA,NA,6.4,69.6,43.3,87.1,NA,95.4,94,58.9,19.8,63.2,NA,50.8,8.8,NA,NA,81.1,66.3,89.8,21,16.5,NA,NA,NA,NA,12.3,9.3,39.4,0.2,71,NA,36.4,39,33.6,46.6,NA,NA,NA,NA,20.990844768811,9.56355091282247,67.1848628399801
"Paraíba","Normalizados",2018,64,24,56.4,41,82.7,NA,NA,NA,NA,NA,NA,89.3,18.3,2.8,0,100,NA,40,NA,58.3,33.2,64.7,NA,78.4,56.8,74,41.9,NA,NA,NA,NA,NA,NA,28,93.5,89.7,56.1,1.9,98.3,56.7,100,45.2,NA,25.3,9.6,51.5,NA,NA,2.3,28.5,20.5,38.8,NA,88.1,69.4,36.8,43.1,71.4,NA,56.7,37.5,NA,NA,93.9,45,86.9,63.6,92,NA,NA,NA,NA,61.2,50.8,85.2,19.5,65.3,NA,25.7,75.2,59.9,78.5,NA,NA,NA,NA,39.6191286901817,15.7939567241868,27.7069358669716
"Pernambuco","Normalizados",2018,66.9,15.6,52.5,26.3,52.6,NA,NA,NA,NA,NA,NA,85.9,21.4,9.8,30.4,100,NA,40.6,NA,66.7,40.2,66.3,NA,84.5,67,83.7,93.4,NA,NA,NA,NA,NA,NA,27.3,89.6,82.9,67.2,14,82.1,73,92.3,45.5,NA,13.9,9.1,49.8,NA,NA,7.6,24.3,23.8,14.6,NA,77.1,100,63.7,38.7,40.5,NA,43,33,NA,NA,32.4,64.2,92.3,39.7,36.3,NA,NA,NA,NA,64.3,56.5,73.2,31.7,31.2,NA,10,72.5,39.5,59.4,NA,NA,NA,NA,40.8356240880606,19.4653936690752,30.3018786970975
"Piauí","Normalizados",2018,54.4,6.5,30.4,10,51.5,NA,NA,NA,NA,NA,NA,98.1,13.6,0,1.4,100,NA,21.2,NA,77.8,32.9,62.8,NA,10.9,57,62.2,74.2,NA,NA,NA,NA,NA,NA,25.2,31.5,71.2,79.2,1.2,71.1,26.4,80.2,52.9,NA,6.5,3.3,33.3,NA,NA,1.6,64.1,14.1,57.9,NA,81.2,69.3,32.9,0,33.2,NA,46.1,27.6,NA,NA,63.4,8,61,83.5,47.1,NA,NA,NA,NA,79,0,73.3,6.2,55.5,NA,34.8,37,68.2,43.8,NA,NA,NA,NA,20.1484219260123,17.1993329274175,30.1437097584684
"Paraná","Normalizados",2018,67.6,40.7,42.8,80.5,88.4,NA,NA,NA,NA,NA,NA,59.6,42.4,31,54.5,20,NA,82.5,NA,75,74.4,75.9,NA,99.2,96.3,94.7,51.5,NA,NA,NA,NA,NA,NA,56.7,86.9,98.9,41.1,18.1,96.5,41.5,91.5,55.2,NA,39.9,60.8,30.4,NA,NA,19.4,47.6,13.4,20.2,NA,86,37.8,84.2,31.9,62,NA,54.3,37,NA,NA,76.4,45.1,86.8,79.4,72,NA,NA,NA,NA,89.5,73.2,86.9,78.6,88.7,NA,70.7,95.3,70.9,84.8,NA,NA,NA,NA,65.771490376051,42.9268556158374,72.1179719850392
"Rio de Janeiro","Normalizados",2018,66.9,32.3,78,30.9,94.1,NA,NA,NA,NA,NA,NA,55.5,57.6,39,80.5,30,NA,96,NA,47.2,56.1,65.3,NA,87.9,91.6,93.2,31.5,NA,NA,NA,NA,NA,NA,53.7,56.8,52.1,45.8,33,100,0,89.2,71.4,NA,21.8,47.9,37.2,NA,NA,30.5,23.8,8,4.7,NA,0,38.8,99.3,35.4,48.2,NA,36.6,13.9,NA,NA,35,85,95.6,48.1,9,NA,NA,NA,NA,87,95,87.5,71.1,36,NA,52.7,73.2,39.3,67.5,NA,NA,NA,NA,62.7632102703825,44.4033810494999,79.0831467510389
"Rio Grande do Norte","Normalizados",2018,65.8,34.4,40.2,30.3,55.5,NA,NA,NA,NA,NA,NA,89.1,28.4,7.5,28.8,80,NA,52.4,NA,72.2,15.6,75.3,NA,66.6,39.3,100,77,NA,NA,NA,NA,NA,NA,25.6,100,71.8,61.1,3,91,98.6,93.9,38.5,NA,19.2,9.4,23.9,NA,NA,2.3,25.1,28.2,42.7,NA,90.2,0,39.9,37.4,78,NA,89.5,12.9,NA,NA,51.3,71.5,88.6,19.7,61.8,NA,NA,NA,NA,79.4,19.6,73.6,31.2,46.8,NA,12.8,81.9,21.8,76.8,NA,NA,NA,NA,37.2294405570834,29.4279195181977,22.9986797843795
"Rondônia","Normalizados",2018,0,8.6,38.8,0.2,35.2,NA,NA,NA,NA,NA,NA,76.4,14.3,12.8,13.2,30,NA,8.6,NA,100,51.8,27.5,NA,32.8,26.5,68.8,77,NA,NA,NA,NA,NA,NA,30.3,60.4,57.5,73.9,1.5,91.2,92.4,71,55.4,NA,1.2,3.4,26.1,NA,NA,1.4,37.3,33.2,49.5,NA,82.5,57.7,43,40.7,79.5,NA,73.7,61.4,NA,NA,93.9,43.7,73.8,73.7,8.5,NA,NA,NA,NA,0,3.3,59.7,45,80.3,NA,44.8,94.6,75.4,73.8,NA,NA,NA,NA,16.5042658772671,43.5853535057362,42.3784689062648
"Roraima","Normalizados",2018,89.3,42.5,34,72.5,0,NA,NA,NA,NA,NA,NA,67,50.3,14.1,62.3,0,NA,18.9,NA,0,72.4,39.3,NA,61.3,11.8,0,15.3,NA,NA,NA,NA,NA,NA,26.2,15.8,72.6,82.8,0,80.4,100,0,56.7,NA,20.9,0,11.2,NA,NA,0,100,100,4.6,NA,88,7.9,0,100,78.6,NA,55.1,28.5,NA,NA,0,56.6,0,0,61.7,NA,NA,NA,NA,80.2,38.7,0,32.5,43,NA,35.8,1.7,0,0,NA,NA,NA,NA,15.5050295152564,90.8561795173424,47.3205656838474
"Rio Grande do Sul","Normalizados",2018,66.3,18.2,79.5,25.3,76.1,NA,NA,NA,NA,NA,NA,58.2,30.7,32.3,52.6,50,NA,82.4,NA,66.7,52.8,66.5,NA,94.7,99.3,95.5,91.2,NA,NA,NA,NA,NA,NA,54,69,64.9,0,13.3,96.8,37.4,84.1,56.3,NA,3.3,100,41.3,NA,NA,20,48.7,0,7.7,NA,15.3,85.6,90,33,0,NA,22.9,2.6,NA,NA,88,70.3,100,78.3,52.4,NA,NA,NA,NA,88.5,73.5,100,81.8,91.8,NA,67.7,100,73.9,92.6,NA,NA,NA,NA,63.8815232843474,31.1270145081106,77.685766576845
"Santa Catarina","Normalizados",2018,67,14.2,85.9,25.1,89.8,NA,NA,NA,NA,NA,NA,59.1,42.6,31.1,60.1,10,NA,92.4,NA,69.4,84.1,98,NA,87.5,91.5,92.2,93.4,NA,NA,NA,NA,NA,NA,56.4,83.6,95.4,50,10.9,97.6,73.7,93,50.8,NA,21.2,94.4,38,NA,NA,12.6,67,24.3,30.8,NA,65,69.2,82.7,33.4,62.5,NA,40.9,35,NA,NA,88.3,53.4,84.9,93.4,100,NA,NA,NA,NA,77.3,58.4,88.6,100,100,NA,100,98.2,84.3,100,NA,NA,NA,NA,65.7485551245472,41.2070745730578,80.2300638777629
"Sergipe","Normalizados",2018,64.9,34.5,0,30.4,57.3,NA,NA,NA,NA,NA,NA,89.7,19.2,7.6,13.3,0,NA,45.6,NA,52.8,0,62.4,NA,52.5,44.6,70.1,28.5,NA,NA,NA,NA,NA,NA,18.7,85.7,73.4,38.1,1.4,86.6,66,95.5,34.6,NA,6.5,7.5,35.9,NA,NA,1.3,12,31,26.6,NA,82.9,88.5,28.3,34.2,56,NA,39.9,10.8,NA,NA,60.3,61.7,86.6,29.9,43.7,NA,NA,NA,NA,81,54.1,57.2,28.4,34.5,NA,25.9,71.9,33,33.4,NA,NA,NA,NA,22.8562612293535,41.600433237481,62.5912371970868
"São Paulo","Normalizados",2018,68.2,54.3,78.7,74.9,91,NA,NA,NA,NA,NA,NA,42.5,54.9,45.5,80.4,100,NA,100,NA,88.9,100,100,NA,100,100,98,76.4,NA,NA,NA,NA,NA,NA,85.6,69.3,100,76.1,100,99.6,84.5,94.1,100,NA,100,69.6,43.9,NA,NA,100,35.3,17.5,25.7,NA,33.3,92.8,98.3,41.9,65.1,NA,48.5,75.1,NA,NA,27,92.9,88.3,100,68.2,NA,NA,NA,NA,100,100,93,75.5,54.1,NA,52.4,84.2,100,82.8,NA,NA,NA,NA,90.6286187941241,40.7234044365499,34.4484961356652
"Tocantins","Normalizados",2018,32.6,7.1,52.5,30,89.3,NA,NA,NA,NA,NA,NA,80.2,28.7,12.9,38.5,80,NA,7.5,NA,86.1,68.1,73.7,NA,43.3,22,63.6,69.6,NA,NA,NA,NA,NA,NA,30.5,72,61.9,32.8,0.9,57.4,32.8,96.4,32.8,NA,0,4.4,0,NA,NA,1,73,40.2,16.4,NA,88.4,31.6,21.9,24.8,33.6,NA,30.8,30.1,NA,NA,84.1,3,84.2,69.3,80.8,NA,NA,NA,NA,71.9,27.7,59,30,68.7,NA,37.2,98.1,45.3,68.3,NA,NA,NA,NA,31.6944234399396,31.5420195100737,25.1058944494167
"Acre","Normalizados",2019,51.5,55.6,57.6,8.7,29,1.4,14.7,NA,NA,6.8,NA,81.1,34.4,9.4,29.6,30,56.5,9.2,12,40,51,19.9,51.4,48.9,36.7,46.1,NA,53.4,48.2,11.5,42.4,40.2,94.7,20.9,23.8,0,100,0.4,1.7,58.5,60.4,1.5,66.9,0,13,NA,0,42.1,0.1,30.3,69.2,15.1,61.7,77.3,71.5,0,47.6,41.7,97.6,38.9,NA,62.6,69.7,96.8,81.5,80.9,8.1,53.1,NA,27.6,32.8,37.4,17.1,36.7,34.5,38.2,25.1,NA,17.9,58.5,40.4,29,NA,NA,NA,71.4,5.37622946685407,53.2442192884454,50.910687813831
"Alagoas","Normalizados",2019,93.4,39.2,36.2,11,98.7,6.2,11.1,NA,NA,0,NA,92.2,9.2,11.9,8.2,80,42.1,28.6,19,64.4,29.6,49.9,32.8,77.1,62.1,78.8,NA,100,47.6,54.8,46.5,55.8,35.3,7.1,95.2,59.8,37.4,2.4,94.2,68.3,65.2,100,70.1,2.8,0,NA,59.7,51.7,1.8,38.2,25.9,95.8,94.6,71.5,51.3,22.7,33.7,68.8,71.2,58.9,NA,42.6,55.5,99.8,55.6,92.5,17.9,85.3,NA,55.3,31.9,68,65.3,43.6,66.2,47.5,25.8,NA,2,62.9,36.2,58.4,NA,NA,NA,19,34.7404520952164,19.2755311357288,27.3877387390224
"Amazonas","Normalizados",2019,100,59,70.5,25.3,12.5,26.5,11.9,NA,NA,7.6,NA,86.4,20.3,19.5,41.5,0,30.7,0,20,55.6,47.4,5.6,50.2,86.3,84.6,78.1,NA,88.6,99.7,22.9,39.1,60,64,22.5,4,75.1,49.2,4.7,21.9,40.5,97.4,0,20.2,27.2,21.1,NA,79.3,43.6,4,62.4,64.8,41.4,39.3,87.4,73.9,60.5,29.1,85.2,88.2,39.2,NA,57.6,32.3,100,96,100,39.6,87.2,NA,42.1,55.4,25.9,55.6,45.9,26.6,16.7,32,NA,34.1,23,19.3,29.5,NA,NA,NA,0,20.9579291974211,49.4031697906928,100
"Amapá","Normalizados",2019,99.2,72.9,74.1,6.6,0,5.7,0,NA,NA,16.4,NA,79,26.9,8.6,45,0,0,3.3,25,48.9,55.4,0,74.9,6.9,15.9,37.6,NA,32.8,57.4,81.8,0,67.5,86.8,20.8,10.8,56.3,93.6,0.4,49.8,96.9,74.8,34.9,36.4,5.1,0,NA,68.8,17.3,0.1,4,79.1,13.4,42.7,100,0,5.9,51.2,96.2,94.7,100,NA,66.3,80.2,94.8,94.5,91.1,17.6,83.7,NA,0,72.5,46.9,17.6,12.6,9.3,27,6.2,NA,31,80.8,0,7.9,NA,NA,NA,98.1,0,76.1319664749643,50.1544202869803
"Bahia","Normalizados",2019,94.5,34.4,48.8,48.7,75.2,14.4,2.7,NA,NA,12.9,NA,92.8,4.9,8.7,18.5,10,11.9,36.5,24,55.6,25.5,55.5,27.1,89.3,78.7,86.7,NA,64.5,100,98.1,47.9,100,0,20.6,53.1,68.7,39.4,14.4,82,69.7,94.6,49.3,53.3,40.3,11.9,NA,13.4,39.7,11.9,1.4,17.4,68.6,73.2,75.8,83.1,58.6,26.4,55.7,89.9,33.1,NA,0,99,62.5,68.1,89.8,10.7,87.3,NA,69.8,42.5,12.9,77.9,57.6,68.8,24.5,0,NA,41.1,72.3,1.7,49.9,NA,NA,NA,39.5,33.4854543611802,31.8751137689305,79.3261298369719
"Ceará","Normalizados",2019,92.4,49.3,47.5,32.6,69,6.8,7.3,NA,NA,2.3,NA,90.3,11.7,4.5,19.9,100,84.1,49.6,5,77.8,72.6,53.6,18.2,84.4,83,85.6,NA,68.2,37.2,40.1,49.8,0,27.4,19.3,74.8,54.5,72.7,9.3,96.4,87.3,81.9,37.6,84.2,31.8,11.4,NA,24.9,55.1,6.4,35,24.5,100,77.4,79.2,60.7,52.3,28.3,83.4,77,47.4,NA,6.9,48.3,62.4,71.4,77.5,43.4,87.7,NA,76.2,56.5,3.4,65.5,47.5,81.3,27.3,57.2,NA,30.7,65,50.1,68.5,NA,NA,NA,23.3,42.2875200942335,16.6439637672302,22.0516435752951
"Distrito Federal","Normalizados",2019,94.4,100,25.8,100,93.5,54.3,72.8,NA,NA,1.7,NA,0,100,100,100,100,82.6,89.3,3,71.1,77.8,27.5,63.3,81.1,0,90.6,NA,50.5,97.1,63.4,23.6,46.4,69.4,77.3,59.7,74.1,37.4,22.8,95.2,71.5,82.7,68.7,100,8.5,13.3,NA,66.5,100,10.6,30.8,43.4,20.8,19,84.9,50.1,92,24.4,75.1,0,29.2,NA,87.9,65.4,97.6,88.4,90,78.6,26.4,NA,100,100,0.7,98,94.6,68.7,91.5,35.5,NA,77.6,100,88.9,91.5,NA,NA,NA,53.3,79.8941644944373,89.7089447381781,0.0754080367449006
"Espírito Santo","Normalizados",2019,89.7,58.1,72.9,43.3,81.9,28.4,39,NA,NA,11.3,NA,69.6,34.7,18,45.3,100,76.3,85.5,7,48.9,47.6,66.3,35.2,96.4,80.3,92.1,NA,100,67.9,87.6,75.7,87,97.3,39.1,79.7,69.8,80.7,5,98.2,50.6,94.9,59.2,73.9,11.3,31.7,NA,28.5,71.9,4.7,8.4,30,58.1,78.4,92.2,61.7,53.3,36.4,100,100,68.2,NA,42.6,83.1,78.6,52.6,79.4,41.6,64.7,NA,84.4,91.8,41.5,78.3,83.4,79.8,60.6,55.2,NA,43.9,69.1,38.4,83.3,NA,NA,NA,43.8,60.4828202808012,25.1936892225207,39.5990048960564
"Goiás","Normalizados",2019,92.7,37.5,55.3,57.5,100,24.4,41.9,NA,NA,0.4,NA,71.1,23.5,17,44.5,100,83.9,64.7,8,77.8,75.1,28.8,26.3,70,73.4,82.7,NA,67.9,48.3,67.8,59.1,88.8,81.9,55.3,76.5,74.7,32,5.5,91.7,36.8,69.9,56.5,52.7,25,19.1,NA,24.5,35.6,8.4,37.4,42.4,0.5,48.1,70.3,61.6,74.6,32.9,39.3,0,17.7,NA,21.8,78.5,92.4,42.8,75.3,41.9,59.5,NA,75.6,85.3,83.7,81.5,63.4,70.4,61.2,54.2,NA,59.2,55.4,28.3,58.1,NA,NA,NA,78.6,56.3429580982257,28.9744952341649,25.3961570666073
"Maranhão","Normalizados",2019,81.8,24.3,6.9,7.8,31.8,21.8,25.2,NA,NA,100,NA,100,0.2,3.7,11,10,10.8,7.3,26,62.2,54,53.7,20.1,71.4,63.6,77.4,NA,48.9,36.4,43,29,59,81.8,0,36.5,69.9,74.2,2.6,87.3,41.4,97.4,27.4,35,16.8,4.1,NA,8.1,32.5,3.6,37.1,35.8,66.1,100,82.6,12,20,24.2,65.1,17.5,33.5,NA,35.7,96.8,98.9,56.9,87.6,55.5,96.1,NA,49,0,37.4,48,16.4,57.8,9.3,38.7,NA,0,39.9,69.5,48.9,NA,NA,NA,50.5,10.3758744317097,23.7960098501897,73.7256776401368
"Minas Gerais","Normalizados",2019,92.6,61.9,74.9,44.7,83.2,44.9,29.5,NA,NA,2.3,NA,76.3,18.8,15.9,38.2,100,72.2,94.5,2,100,83.7,61.9,31.5,94.5,84.7,93.4,NA,82.4,54,100,75.7,18.9,69.7,46.7,62.5,69.7,67.5,23.4,98.3,21.9,91.7,37.5,29.1,10.9,51.4,NA,43,56.4,25.8,25.9,12.3,11.4,86,31.3,67.4,79.3,25.2,26.9,0,8.9,NA,27.2,79.6,76,69.5,83,79.6,81,NA,95,87.7,55.1,85.4,87.2,89.9,65.2,62.8,NA,60.6,81,80.6,77.6,NA,NA,NA,44.3,63.8596463554118,16.7545892248606,44.4787658073773
"Mato Grosso do Sul","Normalizados",2019,90.9,70.3,87.9,47.4,91.6,36.9,59.4,NA,NA,20.6,NA,63.3,37.4,29.9,42.7,80,51.3,46.5,13,71.1,52.1,57.3,29.9,77.7,79.6,86.9,NA,76.1,60.3,40.4,44.6,17.6,100,52,88.3,80.5,34.8,2.7,98.8,61,96.6,55.5,70.5,16.2,9.2,NA,94.9,36.5,4,62.4,32.7,83.9,93.4,76.3,63,55.7,28.5,45.4,34,41,NA,69.8,67.5,89.6,34.9,62.8,65.4,75,NA,89.1,94.5,55.1,83.4,51.2,75.8,67,89.3,NA,73.1,64,62.5,80.5,NA,NA,NA,58.6,58.8664334641285,36.7230470042333,32.3283634475523
"Mato Grosso","Normalizados",2019,68.9,28.4,61.9,42.4,65.7,25.7,15.5,NA,NA,23.8,NA,64.6,24.5,33.2,39.1,80,45.2,32,9,44.4,79.5,57.5,38.6,83.6,77.6,81.3,NA,51.8,61.6,38.9,43.3,38.1,81.5,48.1,73.7,67.7,91.2,5.6,95.9,31.2,98.6,45.3,46.4,15,5.8,NA,50,36.3,5.6,100,37,32.1,62.6,90.2,45.5,67.8,32.3,40.3,0,49.6,NA,9.4,92.6,92.3,3.6,69.3,42.6,82.6,NA,78.9,92.8,84.4,67.2,36.5,54.3,67,90.9,NA,71.9,44.7,39.1,65.2,NA,NA,NA,69.5,43.0084316106333,31.125283972931,39.9232422217506
"Pará","Normalizados",2019,52.9,13.1,45,0,75,12.2,4.3,NA,NA,57.4,NA,92.4,0,8,6.1,50,1,20.6,27,48.9,26,21.8,13.1,89.8,88.1,82.8,NA,74.6,19.2,48.7,37.1,78.7,67.9,9.6,0,46.4,96.1,7.6,0,0,99.4,26.3,52.5,8.4,3.7,NA,20,44.5,6.8,42.9,49.3,62.7,47.9,94.8,88.2,51.1,27.9,73.8,89.2,49.8,NA,58.1,70.7,90.8,66.7,88.1,15.4,93.8,NA,15,64.3,29.3,6.3,12.5,41.4,0,65.6,NA,29.8,27.1,30.1,37.1,NA,NA,NA,48.1,12.1299746193933,6.36387407709616,82.130328314994
"Paraíba","Normalizados",2019,92.3,48.1,60,37.6,78.5,23.5,12.9,NA,NA,38.2,NA,88.7,21.1,4.9,10.7,100,27.8,48.3,18,71.1,23,53.2,6.2,76.5,59.1,75.3,NA,57,2.1,81.2,48.4,9.4,41.5,24,92.6,80.6,59.8,1.8,98,62.1,100,52.6,31.5,38.2,9.5,NA,21.3,73.3,2.3,11.7,22.5,41,50.5,89.3,62.5,26.4,31.4,59.1,80.8,46.5,NA,47.7,83.6,98.6,50.8,78.6,46.8,100,NA,73.6,46.9,8.8,60.1,49.5,86.1,26.3,38.9,NA,25.8,59.1,63.9,64,NA,NA,NA,81.9,37.8486597772109,10.4829189890865,15.3745409365495
"Pernambuco","Normalizados",2019,93.5,48,56.4,26.2,52.9,5.4,19,NA,NA,5.4,NA,86.1,19.3,12.6,33,100,49,50.1,15,66.7,56.8,55.1,9.7,84.3,72.5,84,NA,81.1,35.1,69.7,33.3,78.3,62.3,27,73.7,71.4,72.2,14.2,96.8,86.9,95,46.5,65.4,19.3,10.8,NA,44.9,75.8,7.9,36.3,27.3,15.3,44.7,79.3,95.9,56.7,30.1,59.6,0.3,30.5,NA,34.2,48.6,65,67.5,91.3,6.6,53.5,NA,59.4,45.1,12.2,57.5,63.7,76.5,36.4,21.7,NA,21.8,74.5,26.2,61.6,NA,NA,NA,41.4,42.2028067119449,21.2169025442315,28.0578828195988
"Piauí","Normalizados",2019,92.1,32.2,36.1,13.4,56.7,2.2,0.7,NA,NA,0.4,NA,97,13.9,0,0,100,51.9,31,17,57.8,43.5,58.7,0,0,60,57.8,NA,69.8,0,40.1,44.1,39.5,95.2,18.5,75.4,63.9,68.8,1.3,73.4,31,79.1,44,0,8.4,0,NA,60.6,40.7,1.5,46.7,15.7,61,63,78.5,63.8,22.1,0,37.1,0,0,NA,10.8,78.3,91.1,9.4,53.2,64.8,48.7,NA,83.2,48.7,0.7,78,0,76.2,8.7,31,NA,31,36.3,59.3,44.9,NA,NA,NA,37.6,18.2289094181487,13.4238640416485,9.85610116587485
"Paraná","Normalizados",2019,93.1,64.7,100,84.7,87.6,100,100,NA,NA,0.8,NA,55.5,40.1,32.3,57.7,70,90.3,83.5,4,80,77.8,71.5,17.6,99.7,96.7,96.4,NA,93.7,66.6,83.4,68.4,9.6,74.9,56.3,57.7,100,36.9,18.9,99.5,46.9,91.5,52.4,100,52.7,76.7,NA,79.8,54.3,19.5,47.3,15.6,25.3,90.6,82.3,50,77.5,24.1,48.5,79.3,40.6,NA,55,95.2,87.8,41.5,86.3,68.4,57.4,NA,89.4,90,61.9,87.2,75.1,86.4,83.7,82.5,NA,68.4,77.2,56.3,85.5,NA,NA,NA,22.4,86.4315732045315,38.52877013971,63.0852369028609
"Rio de Janeiro","Normalizados",2019,92.7,57.1,74.9,41.6,80.6,13.4,30.1,NA,NA,0.1,NA,47.7,58.4,41.2,81,0,53.2,94.6,10,51.1,65.4,54.6,1.9,89.7,93.7,95.2,NA,80.7,100,63.4,51.2,74.3,27,56.4,63.1,51.5,25.8,29.9,100,4.1,86.8,77.8,100,38.2,42.3,NA,54.3,36.5,30.9,5.7,9.6,3.1,0,0,23.2,90.4,26.4,39.9,30.3,33.6,NA,27.3,86.2,0,100,93.2,45.5,0,NA,74.2,81.9,32.7,83.6,97.3,88.2,72.8,24.3,NA,48.5,56.2,18.1,60,NA,NA,NA,10,69.1934840554619,54.5760920196626,91.2803948288945
"Rio Grande do Norte","Normalizados",2019,92.9,54,39.1,33.7,50.4,8.3,18.1,NA,NA,19.4,NA,84.2,25.3,9.4,32.2,100,9.3,60.9,22,66.7,39.9,73.9,40.5,68.6,59.1,77.9,NA,0,60,48.7,30.5,13.6,49.4,20.6,100,63.1,62.9,2.8,92.6,100,97.4,38,46.9,27.1,30.6,NA,48.7,48.6,2.3,1.6,31.6,45.2,61.7,86.3,37,32.6,18,0,0,10.5,NA,57.6,95.6,83.7,80.7,77.9,0,73.4,NA,28.9,60.2,21.1,81.8,21.5,79.1,45.1,34.3,NA,44.7,60,23.1,69.4,NA,NA,NA,75.7,37.2831995968765,30.2824998551103,13.0257768395172
"Rondônia","Normalizados",2019,40.8,0,34.9,0.3,28.8,36.2,24.5,NA,NA,17,NA,76.2,13,16.1,23,0,51.7,17.1,11,84.4,49.6,12.8,70.8,41.3,41.9,73.4,NA,93.7,89.4,63.7,62.1,9.7,89.6,26.2,73.4,51.4,76.3,1.1,88.1,67.9,70,47.8,46.9,0.2,4.5,NA,80.9,31.3,1.5,68.2,37.6,24.4,69.1,87.7,44.9,33.1,36.7,80.1,95.8,69.6,NA,100,77.3,89.2,40.9,76,48.9,47,NA,19.1,85.6,70.1,0,8.6,59.4,37.9,76.2,NA,55,70.9,68.1,76.9,NA,NA,NA,100,17.0661616512095,49.8551346514458,65.1329242252691
"Roraima","Normalizados",2019,0,69.9,34.9,74.3,18.5,0,0,NA,NA,12.8,NA,65.2,34,18.5,62.6,0,37.5,22.7,23,0,63.4,12.3,100,2,31.8,0,NA,26.5,100,0,28.1,49.1,62.5,27.2,51.5,73,86.9,0,88.5,65.7,0,66.5,32.1,24.3,0,NA,55,0,0,86.7,100,0,37.2,81.5,34.9,3,100,93,47.9,83.7,NA,59.2,0,63.6,45.7,0,12.9,69.5,NA,64.8,60.9,15.6,77.1,33.9,0,37,17.2,NA,37.2,0,21.2,0,NA,NA,NA,54.3,8.75710011550248,95.9554569388267,33.7628121856986
"Rio Grande do Sul","Normalizados",2019,92.9,42.6,74.3,25.2,71.3,98.4,77.6,NA,NA,3.4,NA,54.2,34.1,31.5,56.5,50,58.8,85.2,14,55.6,55.7,66.2,29.1,94.4,100,97.7,NA,62,79.7,98.7,85.1,39.6,35.9,61,60.6,63,0,13,99.1,36.2,77.6,48.5,74.5,2.9,100,NA,94.9,62.8,19.5,45.4,0,0.1,37.5,19.9,93.2,83.7,24.4,15,0,8.7,NA,53.1,90.9,96.2,73.5,98.6,64.8,56,NA,79.9,97.2,55.1,84.1,74,100,82.4,83.8,NA,82.1,87.1,70.6,87.1,NA,NA,NA,7.1,73.5628218836181,39.3853026672875,86.9073879146352
"Santa Catarina","Normalizados",2019,95,53.7,64.2,29.4,88.1,92.6,85.1,NA,NA,1.6,NA,56.5,41.6,34.2,61.5,20,78.6,92.4,6,68.9,75.9,100,25.9,86.4,91.5,94.4,NA,80.7,96.6,100,65.7,74.5,75,58.3,88.6,88.7,40.2,10.5,99.4,89.7,89.2,46.2,100,27.7,93.7,NA,100,43.5,12.9,77.4,28.1,30.3,64.5,69.6,55.6,76.6,27.7,63.7,93.8,39.4,NA,68.6,100,94.3,47,84.3,89.3,73.4,NA,81.9,97.7,100,74.2,62.8,87.8,100,100,NA,100,89.4,77.5,100,NA,NA,NA,27.6,78.6152359156644,50.0286714205494,82.2200553391761
"Sergipe","Normalizados",2019,91.6,53.1,0,26.1,67.6,15.4,27.3,NA,NA,4.5,NA,90.6,6.5,6.9,7.1,10,10.8,52.7,21,57.8,0,52.1,75.8,45.2,56.1,69.7,NA,93.7,100,64.6,26.5,88.1,52,24.5,89.2,71.4,37.4,1.4,86.5,77.8,97.8,35.9,74.8,11.3,9.4,NA,24.8,64.4,1.3,0,35.4,15.3,26.6,81.5,100,17.8,25.3,48.9,68.7,23.4,NA,9.3,71.4,81.8,59.8,82.2,6.8,78.6,NA,71,55.1,0,77.5,47.3,62.3,26,15.1,NA,38.5,85.2,17,27.5,NA,NA,NA,50,23.8959270988768,42.0527041787883,60.0404777643044
"São Paulo","Normalizados",2019,93.7,89.8,81.7,82.9,87.1,43.3,73.5,NA,NA,2.2,NA,40.6,51.5,46.1,78.3,100,100,100,1,73.3,100,93,17.9,100,99.6,100,NA,41.8,100,65.9,100,96.1,41.9,100,53.1,99.5,73.5,100,99.8,88.2,93.4,95.6,86,100,68.1,NA,35.4,36.2,100,32,20.5,41.2,82.7,38.3,89.4,100,28.9,79.3,67.4,29.8,NA,80.5,88,69.4,90,86,100,21.5,NA,95.1,94.6,30.6,100,100,92.9,89.4,44.7,NA,53.2,76,100,79.2,NA,NA,NA,6.2,100,50.2880542653053,38.8020464526361
"Tocantins","Normalizados",2019,96.6,54,51,29.2,90.1,11.3,6.1,NA,NA,5.1,NA,80.8,31.1,15.4,36.9,50,42,22.4,16,62.2,60.4,46.7,31.8,48.4,39.9,60.6,NA,87.4,39,58.9,46.7,51.6,56,29.5,84.7,61.8,44.3,0.8,79.3,44,98.6,32.5,34.1,0.5,5.5,NA,73.3,31.6,1.1,55.9,45.9,20.7,42.2,77.7,53.1,16.6,27.7,30.2,0,31.3,NA,36.7,67.2,86.5,0,71.8,44.6,74.8,NA,61.7,69.3,36.7,72.7,33.1,63.4,44.3,66.3,NA,48.3,55.5,40.1,82.7,NA,NA,NA,39.5,32.3002589222319,37.5837958573464,35.1521466366043
"Acre","Normalizados",2020,0,63.0577563672242,45.7,9.2,26.6,2.4,0,86.8,97.3,18.9,11.1,79.6,31.1,3.5,30.1,0,NA,NA,NA,NA,NA,NA,95.5,47.9,63.9,39,31.8,96.3,100,NA,NA,NA,NA,16.4,53.3,0,100,0.2,NA,61.4,59.8,NA,62,NA,NA,46.8,0,NA,0.1,21.1,79.4,29.1,62.6,77,60.3,4.5,34.8,47.7,85.8,24,100,60.3,96.6,91.7,79.4,59.3,34.1,43.8,7.1,NA,NA,NA,NA,NA,28.2,34.7,34.6,NA,NA,96.1,48.6,28.3,50.7,44.3,35.2,63.7,15.7116586003403,55.8963545369587,70.8336364878401
"Alagoas","Normalizados",2020,65.6878610968963,52.2831700929701,100,11.8,86.5,10.5,13.4,83.3,91.1,54.6,0,93.6,12.1,6.1,15.8,50,NA,NA,NA,NA,NA,NA,66.6,76.9,77,76,95.1,81.9,61.2,NA,NA,NA,NA,8,84.9,61.8,43.3,2.2,NA,66.4,64.6,NA,67.2,NA,NA,34.9,34.4,NA,1.9,36.3,29.3,85.7,65.6,77.3,65.4,34.3,34.2,79,86.6,60.8,32,42.7,49.2,100,48,89.4,21.8,85.9,100,NA,NA,NA,NA,NA,61.3,42.7,8.7,NA,NA,73.8,27.4,70.7,35.5,14.9,42,18.1,36.7526292517895,27.3242871234546,49.0424450000612
"Amazonas","Normalizados",2020,81.3749957742433,57.2263290220973,83.4,16.2,32.6,13.2,14.1,97.6,92,0,77.8,81.2,17.7,17.3,33.8,20,NA,NA,NA,NA,NA,NA,40.7,89.4,92.1,80.8,73.9,94.8,57.7,NA,NA,NA,NA,25.5,0,72.1,52,6.2,NA,48.7,96.5,NA,8.3,NA,NA,100,86.2,NA,4.3,95.1,76,41,37.3,89.3,71.3,64.6,15.6,96.9,97.5,29,12.3,49,73.2,98.7,93.9,100,51.6,24,14.1,NA,NA,NA,NA,NA,39.2,7.1,29.9,NA,NA,48.7,48.3,48.2,51.2,45.7,57.1,7.8,37.3876979867762,33.5550471908807,94.5141650504918
"Amapá","Normalizados",2020,100,80.0303334674972,54.9,7.7,0,0,0,99.7,100,14.6,44.4,75.1,32.3,8.3,51.3,20,NA,NA,NA,NA,NA,NA,59.3,0,25.6,42.9,96.7,70.6,23.4,NA,NA,NA,NA,22.5,20.6,78.3,94.8,0.4,NA,100,74,NA,26.9,NA,NA,16.8,68.3,NA,0.1,41.4,90.9,10,26.6,100,16.6,4.7,39.9,90,100,100,23,54.5,100,88.6,100,87.8,9.8,12,13.4,NA,NA,NA,NA,NA,9.9,35.8,34.8,NA,NA,54.6,19,19.8,64.3,49.4,0,100,17.2638692368518,65.6831403421069,38.0280093323093
"Bahia","Normalizados",2020,63.8672308833302,40.9542473739292,41.9,45.3,70.6,12.4,3.3,75.5,74.1,36,11.1,89.5,5,6.6,16.6,20,NA,NA,NA,NA,NA,NA,15.6,90,89.5,87.8,72.5,91.9,100,NA,NA,NA,NA,17.4,55.8,75,44.6,14,NA,56.3,92.9,NA,61.5,NA,NA,49.2,13.5,NA,12.4,22.7,19.2,58.9,59.3,77.6,70.3,60.5,13.7,72.3,93.3,26.1,1.2,19.5,92.4,57.8,68.4,82.4,0.9,72.6,62.3,NA,NA,NA,NA,NA,64.3,25.2,0,NA,NA,79,0,55.3,25.8,43.4,43.9,21.1,37.7993380632832,25.9899287487509,76.7425374695211
"Ceará","Normalizados",2020,66.2126389708382,46.1960836538153,54.2,29.9,63.2,7.4,5,85.4,92,54.9,77.8,89.7,13.1,0.1,21.7,100,NA,NA,NA,NA,NA,NA,41.8,80.9,89.7,85.4,100,86.2,58.1,NA,NA,NA,NA,24.6,74.7,58.7,72.4,8.8,NA,73.2,75.2,NA,90.9,NA,NA,41.8,21.9,NA,6.5,29.8,27.8,87.4,72.5,78.3,53.2,52.7,11.8,92.8,81.2,37.2,20.2,28.1,66.4,3.7,73.4,67.3,0,50.8,84,NA,NA,NA,NA,NA,74.4,23.1,48.7,NA,NA,69.2,3,71.2,53.7,0.6,72,18.1,40.5991384370297,16.0390788713602,36.0549429783225
"Distrito Federal","Normalizados",2020,66.4967615533863,87.1924006349257,19.1,100,85.7,45.3,67.3,100,83.9,5.3,55.6,0,100,100,100,100,NA,NA,NA,NA,NA,NA,78.2,73.3,0,91.1,94.9,88,100,NA,NA,NA,NA,69.1,100,76.5,23.9,26.1,NA,84,84.6,NA,100,NA,NA,26.9,47.5,NA,10.9,17.3,48.9,16.5,10.6,84.7,55.3,90.3,7.2,95.5,57.6,22.6,95.7,91,73.5,91.3,89.1,78,85.7,21.8,83.5,NA,NA,NA,NA,NA,68.3,95.5,36.9,NA,NA,93,95.9,85,94.2,100,85,50.7,74.3586666034015,84.9139297139319,0
"Espírito Santo","Normalizados",2020,62.0277493750295,77.1849100070211,80.8,42.3,77.1,29.4,26,98.5,97.3,36.7,11.1,69.6,26.3,13.8,40.9,100,NA,NA,NA,NA,NA,NA,21.1,76.5,90.2,93,100,92.5,26,NA,NA,NA,NA,37.6,70.8,79.4,81.5,4.5,NA,62.4,96.6,NA,76.4,NA,NA,52.3,28.5,NA,5.2,0,35.1,75.5,100,91.7,39.4,55.2,11.6,99.1,97.5,51.9,70.8,56.8,69.8,48,54.7,66.2,42.8,29,90.3,NA,NA,NA,NA,NA,75.5,62.2,52.1,NA,NA,81.5,34.9,85.1,50.7,50.8,81.5,37.4,51.514243984386,20.783248226527,32.2255109033359
"Goiás","Normalizados",2020,64.6234866316789,59.5045809338531,58.3,54.3,100,31.3,40.9,79.6,66.1,5.3,66.7,69.2,19.3,8.9,39,100,NA,NA,NA,NA,NA,NA,28.2,65.8,82.2,78.9,77.4,92.1,63,NA,NA,NA,NA,45.7,72.7,74.7,29.1,4.4,NA,44.8,79.4,NA,46.3,NA,NA,37.9,24.5,NA,8.8,50.8,49.2,18.1,49.8,72.9,62,75.6,18.5,66.6,0,22.7,29.7,44.5,77.4,78.2,39.8,67.6,40.7,73.7,76.4,NA,NA,NA,NA,NA,68.3,62.4,53.9,NA,NA,72.6,32.9,75.6,23.5,40.7,69.4,71.5,51.7764048893038,24.3917385332304,30.97365311334
"Maranhão","Normalizados",2020,56.7962616633121,8.85638700032742,16.6,6.8,33,9.8,1.2,72.2,69.6,55.5,11.1,100,0,0.3,13.8,20,NA,NA,NA,NA,NA,NA,33.1,73.3,80,78.7,79.6,75.2,36.4,NA,NA,NA,NA,0,43.6,74.1,73.6,2.9,NA,61.2,96.5,NA,56.9,NA,NA,39.5,8.1,NA,4,59.7,40.5,62.8,67,82,43.3,25.5,9.8,86.1,46.7,23,15.1,37.1,90.2,96.5,50.5,87.6,45.5,45.9,73.9,NA,NA,NA,NA,NA,55.8,1.8,28.8,NA,NA,65.2,59,52.9,0,29.2,19,44.1,20.3201328982408,20.0842936709054,73.3613170138824
"Minas Gerais","Normalizados",2020,64.1105347566387,59.1792829335928,76.4,40.5,79,41.8,32.2,88.3,87.5,23.1,88.9,73.5,19.9,12.3,34.1,100,NA,NA,NA,NA,NA,NA,33.6,88.5,88.4,93.6,100,88.4,56,NA,NA,NA,NA,42.8,66.7,73.7,63.5,16.9,NA,19.1,92.2,NA,42,NA,NA,44,46,NA,27.6,27.2,13.9,10.1,61.8,38.6,69.4,80.9,14.4,42.2,0,4.7,0,35,77.3,49.5,73.9,74.7,90,96.2,37.7,NA,NA,NA,NA,NA,89,67.1,53.5,NA,NA,93.7,84.6,83.9,48.2,52.4,87.8,39.3,52.8917968375932,16.9944601648008,44.9541799219074
"Mato Grosso do Sul","Normalizados",2020,65.0170102228806,75.063248629812,90.4,43.4,87.4,37.6,65.1,65.8,0,2.4,0,61.8,27.7,28.5,34.8,30,NA,NA,NA,NA,NA,NA,32,80.6,87.6,87.6,98.6,95.1,63.5,NA,NA,NA,NA,37.6,85.2,72,37.2,2.2,NA,45.4,96.5,NA,85.2,NA,NA,38.6,95.1,NA,4.5,64.5,38.4,65.5,50,82.3,61.5,60.5,30,71.1,68.4,55.1,86.5,79.3,59.5,62.4,38.7,46.7,76.4,94,47.2,NA,NA,NA,NA,NA,71.9,67.3,72.3,NA,NA,94.6,67.6,77,81.7,41,77.3,58.1,55.967019857083,39.9822293385197,64.3595922751978
"Mato Grosso","Normalizados",2020,46.00184096738,38.4176901104036,71.1,37.5,66.8,28.6,21.1,83.5,75,21.7,100,62.8,24.3,21.4,32.4,30,NA,NA,NA,NA,NA,NA,59.9,77.9,86.1,81.5,94.9,88.3,84.4,NA,NA,NA,NA,37.2,71.7,71.4,91.4,4.9,NA,27.4,99.2,NA,70.4,NA,NA,26.4,50,NA,5.9,100,43,42.6,51.7,93.1,56.9,67.7,42.2,75.4,85.4,74.1,49.6,38.5,88.3,73.1,0,76,47.2,83.4,74.8,NA,NA,NA,NA,NA,50.2,60.3,73.7,NA,NA,62.5,32,67.1,39.6,61.9,81.3,64.4,43.806512126186,36.2795271966102,71.5207884255156
"Pará","Normalizados",2020,37.0932669182519,7.13237647139734,18.6,1.2,80.3,7.8,2.9,90.9,91.1,41.3,88.9,88.6,2.2,1.9,7.1,70,NA,NA,NA,NA,NA,NA,4.2,88.5,93,82.9,19.8,94,0,NA,NA,NA,NA,8.6,21.5,45.7,93.8,8.1,NA,23.6,100,NA,52.4,NA,NA,28.7,20.1,NA,7.1,62.2,56.4,100,63.3,93.7,79.5,53.3,6.8,88.2,84.7,32.5,10.5,69.9,71.4,86.7,58.2,81.3,35.2,30.9,93.8,NA,NA,NA,NA,NA,46.9,0,69,NA,NA,61.3,49.4,39.3,30.2,46.7,29.6,39.3,26.6366084716819,0.337656713437951,67.682075153625
"Paraíba","Normalizados",2020,65.4915101453315,27.9436107946978,80.2,36,77.4,19,12.9,24.4,96.4,75.2,66.7,83.3,19.4,0,13,80,NA,NA,NA,NA,NA,NA,38.9,75,75.4,76.4,96.7,96.9,59.4,NA,NA,NA,NA,24.9,89.2,88.2,58.6,1.6,NA,67.3,97.6,NA,42.3,NA,NA,47.7,21.5,NA,2.3,16.7,25.2,26.4,16.8,91.1,49.8,28.8,33,57.5,83.8,45.6,30.7,65.6,87.8,93.2,50.2,69,45.1,91.9,89.2,NA,NA,NA,NA,NA,82.4,33.6,37.9,NA,NA,66.8,56.7,66.8,64.5,26.4,45.4,61.9,40.4547605792318,14.9150788271987,38.2678649003435
"Pernambuco","Normalizados",2020,65.8584946312454,24.9738426687755,91,24.9,52.7,6.5,10.1,92.4,93.8,37.9,11.1,86.4,12.2,7.6,26.6,100,NA,NA,NA,NA,NA,NA,67.6,78.9,82.5,84.8,92.1,100,54,NA,NA,NA,NA,21.5,68.2,67.7,70.9,10.7,NA,71.3,91.7,NA,65.7,NA,NA,56.1,45.2,NA,8.1,42.7,31.4,18.4,34.2,80.1,81.8,57.7,15.8,72.4,47.7,15.2,28.7,28.2,28.2,21.7,65.5,87.8,19.2,54.7,94.9,NA,NA,NA,NA,NA,73.6,35.1,21.7,NA,NA,81.7,26.9,64.1,42.1,19.2,46.6,34.4,40.0837886623514,18.0627268127175,39.515158404665
"Piauí","Normalizados",2020,63.1577353692294,31.7430341704318,48.4,11.8,63.3,4.7,0.7,69.9,66.1,12.3,0,96.9,12.5,1.9,0,100,NA,NA,NA,NA,NA,NA,15.1,21.6,78.5,60.7,44.6,88.1,14.7,NA,NA,NA,NA,22.4,59.8,66.7,70,1.2,NA,50,78.3,NA,0,NA,NA,39.9,61.2,NA,1.7,60.7,17.5,64,55.9,83.4,52.8,16.6,51.8,100,63.1,53.5,14,5.4,91.5,69.2,10.7,42.8,65.3,40.8,99.9,NA,NA,NA,NA,NA,72,8.2,51.1,NA,NA,71.7,54.8,44.7,47.4,42.8,54,25.6,25.1258703739775,12.1223456599132,24.8421575079804
"Paraná","Normalizados",2020,64.5604504626839,62.6959702713853,94.8,77.1,86.5,99,100,95.5,95.5,19,11.1,55,42,24.4,54.2,100,NA,NA,NA,NA,NA,NA,45,98.2,99.6,94.8,99.2,87.2,100,NA,NA,NA,NA,50.7,64.3,100,38.2,14.3,NA,56.5,93.4,NA,100,NA,NA,35.9,77.7,NA,20.4,45.9,18.3,44.3,79,83.4,44.3,69.7,0,52.6,91.9,29,45.6,100,47.5,58.2,43.6,74.7,65.2,82.7,92.2,NA,NA,NA,NA,NA,82.9,87.8,76.4,NA,NA,90.5,57.7,91.6,83.7,41.9,88.4,20,71.9270499852911,37.8096161003232,46.3528193720269
"Rio de Janeiro","Normalizados",2020,65.0456698917135,100,85.4,45.9,59.4,15,36.4,99.4,94.6,18.8,55.6,37,56.4,46.6,81.3,20,NA,NA,NA,NA,NA,NA,32.9,92.5,97.5,96.1,56.8,82.2,100,NA,NA,NA,NA,49,71.1,49.5,33.7,25.5,NA,0,88.7,NA,100,NA,NA,46.2,54.7,NA,35.3,25.1,11.7,5.1,0,0,21.7,91.9,5.2,46.6,21.9,14.4,21.4,38.7,71.3,39.2,90.1,92.7,46.8,37.3,35.9,NA,NA,NA,NA,NA,87.7,74.9,18.3,NA,NA,73.8,43.4,64.4,51,53.1,9.6,8.5,62.3305713588775,56.058868013682,83.0923840419762
"Rio Grande do Norte","Normalizados",2020,65.9299363861362,51.2500049145379,44,29.9,49.3,13.8,11.1,0,89.3,100,0,80.1,31.5,5.6,36.1,100,NA,NA,NA,NA,NA,NA,81.7,62.6,77.1,78.2,82.3,86.4,100,NA,NA,NA,NA,22.5,83.4,61.4,63.3,2.5,NA,86.3,99.6,NA,41.9,NA,NA,30.7,57.1,NA,2.4,20.3,35.5,32.8,36,82.7,61.8,34.5,0.5,0,0,8.9,17.7,67.5,79.9,69.9,81.4,65.3,19.9,57.6,60.2,NA,NA,NA,NA,NA,76.3,50.1,29.3,NA,NA,80.8,26.3,79,62.3,15.6,48.2,77.4,36.9426139007881,29.4515969657467,26.7431719104157
"Rondônia","Normalizados",2020,22.3934333256547,0,65.5,0,31.9,37.6,30,82.9,84.8,26.1,66.7,77,8.3,4.7,14.4,0,NA,NA,NA,NA,NA,NA,90.3,57.6,71.4,73.4,92.1,96.8,100,NA,NA,NA,NA,23.4,65.9,56.8,79.3,0.7,NA,69.4,69.3,NA,77.5,NA,NA,13,81,NA,1.4,51.9,43,33.7,74.1,88.3,20.9,36.7,33.3,97.1,95.7,69.5,83.2,92.9,80,69.2,36.3,52.4,61.2,0,6.2,NA,NA,NA,NA,NA,49.2,34.4,68.7,NA,NA,80.1,70,61.7,47.9,63.9,80.8,85.2,26.4731502507347,44.8253280026815,81.9663744942064
"Roraima","Normalizados",2020,81.2160323802459,69.5062538209153,77.2,68.1,30,0,0,97.1,94.6,21.1,44.4,62.3,34.3,13.9,63.1,0,NA,NA,NA,NA,NA,NA,100,34.3,57,0,0,0,80.7,NA,NA,NA,NA,15.4,73.1,71,89.9,0,NA,67.7,0,NA,22,NA,NA,0,53,NA,0,66.3,100,11.3,35.7,92.5,0,0,100,96.8,79.4,68.7,51.4,71.8,0,0,47.8,0,44.3,70.4,0,NA,NA,NA,NA,NA,0,43,25.2,NA,NA,0,30.8,0,87.8,72.5,55.2,58.9,21.2874947569445,85.4219836602825,42.0234301581259
"Rio Grande do Sul","Normalizados",2020,65.5174348484273,50.3029987558664,79.2,22.9,71.3,100,79,94.9,96.4,15.2,0,53.4,32.5,24.3,52.1,50,NA,NA,NA,NA,NA,NA,28.7,99,100,98.3,94.5,91.8,88.9,NA,NA,NA,NA,61.4,79.3,61.5,0,10.2,NA,37.7,80.4,NA,82.8,NA,NA,49.3,95.7,NA,19.8,20.3,0,0,36.4,28.8,82.7,76.4,10.6,35.5,0,0,2.4,57,87.6,90.4,77,97.4,76.1,62.9,69.7,NA,NA,NA,NA,NA,100,85.5,78.4,NA,NA,97.4,76.3,100,100,53.9,87.7,13.3,64.0431879689882,38.6060611836722,73.9050182642395
"Santa Catarina","Normalizados",2020,64.5071387991392,58.4445352636541,93.9,27.1,86.6,90.7,84.5,94.4,99.1,34.7,0,54.4,42.3,22.8,57.7,70,NA,NA,NA,NA,NA,NA,72.8,86.9,94,95.4,84.5,99.3,100,NA,NA,NA,NA,53.8,91.3,76.9,46.6,8.9,NA,88.5,92.3,NA,100,NA,NA,44.4,100,NA,13.5,62,32.5,43.4,51.3,73.4,50.3,75.2,12.8,72.5,95.3,38.6,64.3,73.4,87.8,81.5,53.1,77.8,94,100,77.4,NA,NA,NA,NA,NA,84.9,100,100,NA,NA,100,80.7,96.9,96.1,65.5,100,29.3,64.0668127119449,44.889312733384,52.9457770750971
"Sergipe","Normalizados",2020,63.906380418647,48.9083456333916,0,22.7,60.7,28.4,26.4,81.3,92.9,49.4,0,86.3,9.2,3,14.9,10,NA,NA,NA,NA,NA,NA,79.9,40,73.4,69.8,75.2,81.8,84.8,NA,NA,NA,NA,26.2,94.7,64.5,44.1,1,NA,77.1,95,NA,71,NA,NA,35.9,24.9,NA,1.3,6.2,40.6,26.9,39.8,82.9,100,23.9,21.9,66.2,91.9,25.2,12.7,0,83.9,67.7,62,80.9,7.3,60.8,94.6,NA,NA,NA,NA,NA,58.8,24.7,10.9,NA,NA,68.8,26.5,37.9,24.7,0,40.1,45.2,28.8355552483644,41.5640956491626,58.6476339315429
"São Paulo","Normalizados",2020,65.8253910762172,94.1692447395139,91.2,77.1,85.7,38.4,71.5,99.9,97.3,6.4,100,34.7,54.1,40.6,76.2,100,NA,NA,NA,NA,NA,NA,0,100,99.8,100,92.1,80.1,73,NA,NA,NA,NA,100,42.9,95.1,80.8,100,NA,82.9,91.4,NA,90.4,NA,NA,52.9,35.5,NA,100,19.4,24,35.6,53.6,45.1,72.9,100,7.9,79.3,70.4,20.2,79.1,82.6,75.8,36.4,86.7,76.8,100,63,68.4,NA,NA,NA,NA,NA,91.2,91.5,43.6,NA,NA,88.8,100,88.9,90,44.4,70.2,0,79.6009379376642,45.1237957704456,40.1673452929429
"Tocantins","Normalizados",2020,54.7670583988399,49.2391547803664,49.4,25.6,86.8,5.9,0.3,81.2,39.3,16.8,11.1,80.3,30.8,6.7,34.1,70,NA,NA,NA,NA,NA,NA,38.4,45.8,51.2,59.9,40.3,83.6,41.3,NA,NA,NA,NA,19.2,88.9,62.9,43.6,0.9,NA,36.7,99.2,NA,30.2,NA,NA,0.4,73.4,NA,1.1,55.7,52.6,41.6,64.6,82.6,61.4,21.9,26.9,35.6,0,24.1,22.1,41.9,76.2,71.1,3.1,54.2,46,86.7,29.4,NA,NA,NA,NA,NA,56.6,47.9,59.8,NA,NA,74.7,38.2,77.1,41.6,48.5,88.9,35.6,34.0543745365877,31.8921261847164,29.7406661224561
"Acre","Normalizados",2021,0,NA,NA,NA,NA,NA,NA,94.1,NA,NA,62.5,77.4,34.3,4.1,25.5,0,NA,NA,18,53.5,48.2,71,NA,42.1,25.8,42.5,NA,64.2,NA,39.6,20.9,73.5,51.7,10.1,89.8,0,NA,0.2,NA,57.2,56.9,0,70.3,NA,0,23.9,0,NA,0.1,31,86.6,25.6,29.8,71.1,78.6,3.8,60,45.3,98.7,22.2,80.5,66.7,87.5,NA,NA,51.4,71,59.6,NA,NA,26.5,49.1,NA,NA,NA,39.8,34.6,NA,12.9,NA,NA,NA,43.1,39.5,17,NA,18.9445736751175,53.316178270599,49.1560323572916
"Alagoas","Normalizados",2021,65.7,NA,NA,NA,NA,NA,NA,92.7,NA,NA,37.5,93.2,12.1,5.9,7.8,70,NA,NA,16,52.7,52.1,67,NA,66,53.7,76.9,NA,68.6,NA,54.7,37.2,0,1.4,8.9,100,64.6,NA,3.6,NA,48.9,61.4,82,95.2,NA,10.4,39.4,25.6,NA,2,39.4,31.3,100,100,73.2,37.1,37.1,0,88.5,91.3,84.8,32.3,66.5,0,NA,NA,85.9,47.9,84.3,NA,NA,42.1,53.4,NA,NA,NA,37.3,8.7,NA,3.4,NA,NA,NA,54.3,23.6,58,NA,36.7309414577595,26.3502600898809,29.7988570206223
"Amazonas","Normalizados",2021,81.4,NA,NA,NA,NA,NA,NA,98.5,NA,NA,75,88.9,17.7,18.2,29.2,50,NA,NA,20,59.5,62.3,64.2,NA,90.1,76.8,77.9,NA,94.6,NA,51.4,64.7,55.8,69.3,13.5,0,86,NA,6.8,NA,42,91.8,15.3,10.3,NA,23,100,67.1,NA,4.3,100,84.6,32.4,30.4,80.4,79.3,62.7,17.5,80.7,99.1,8.5,8.9,65.4,75.2,NA,NA,99.9,31.9,8.3,NA,NA,52.8,47.8,NA,NA,NA,4.6,29.9,NA,30.5,NA,NA,NA,54.3,62,59.5,NA,38.0416064034116,25.3235071538532,79.0869411421716
"Amapá","Normalizados",2021,100,NA,NA,NA,NA,NA,NA,100,NA,NA,37.5,75.2,34.9,7,50.2,50,NA,NA,27,58.4,0,0,NA,0,0.9,46.2,NA,29.8,NA,78.3,0,92.5,23.9,12.2,15,86.5,NA,0.3,NA,96.8,70.4,37.2,28.5,NA,0,9.8,32.7,NA,0.1,59,100,5.7,10.8,100,46.6,0,70.9,63.7,82.5,100,15.5,67.4,96.9,NA,NA,89.9,0,6.2,NA,NA,56.4,61.5,NA,NA,NA,30.1,34.8,NA,28,NA,NA,NA,56.4,56.7,0,NA,15.9151152673392,63.8185762823716,17.7724158685859
"Bahia","Normalizados",2021,63.9,NA,NA,NA,NA,NA,NA,86.2,NA,NA,0,96.3,0.4,7.3,6.3,70,NA,NA,23,37.1,39,68.2,NA,90.9,73.4,87.3,NA,91.6,NA,95.9,39.3,88.9,69.9,19,43.9,74.8,NA,18.4,NA,53.5,89.5,60.7,81.6,NA,25.3,60.8,13.4,NA,11.8,13.2,20.1,41.7,34.8,73.2,84.8,61,41.6,82.2,100,52.5,4.5,43.4,91.6,NA,NA,65,19.3,57.7,NA,NA,34.3,36,NA,NA,NA,17.9,0,NA,29.4,NA,NA,NA,33.6,41.5,26.3,NA,39.1030161541155,17.9568477436809,59.572356761203
"Ceará","Normalizados",2021,66.2,NA,NA,NA,NA,NA,NA,86.6,NA,NA,87.5,91.2,9.4,2.3,17.7,100,NA,NA,2,76.3,87.1,94.9,NA,82.7,78.5,85.5,NA,65.4,NA,54.7,27,35.4,0,28.7,75.4,63.9,NA,8.7,NA,53,81.6,57.7,92.9,NA,36.2,57.2,24.8,NA,6.5,42.2,30,58.4,40.8,70.4,65.6,51.2,25.5,87.1,91.8,45.8,16.1,53.3,66.6,NA,NA,39.3,36.6,53.6,NA,NA,41.3,19.9,NA,NA,NA,21.4,48.7,NA,16.9,NA,NA,NA,53.6,0,56.5,NA,48.5877167091363,14.4974418253724,38.4399170199465
"Distrito Federal","Normalizados",2021,66.5,NA,NA,NA,NA,NA,NA,99.9,NA,NA,50,0,100,100,100,80,NA,NA,5,71.6,91.8,73.4,NA,75,0,92.2,NA,75.1,NA,0,30.1,70.3,36,59.3,72.2,66.7,NA,23.1,NA,76.8,73.4,78.9,100,NA,21.6,53.6,46.4,NA,10.9,14.3,52.4,3.2,9.6,81.2,50.4,78.2,20.9,83.6,83.2,14.7,100,98.3,31.9,NA,NA,68.1,92.7,28.2,NA,NA,86.2,4.3,NA,NA,NA,86,36.9,NA,70.1,NA,NA,NA,93.8,100,82.1,NA,64.3564084753764,76.436891686228,15.5865488903835
"Espírito Santo","Normalizados",2021,62,NA,NA,NA,NA,NA,NA,99.6,NA,NA,0,68.1,21.8,17.4,35.2,100,NA,NA,8,74.2,63.3,82.4,NA,94.1,78,93.5,NA,93.1,NA,82.1,66.4,17.3,49.9,36.8,68.2,81.5,NA,4.8,NA,45.4,92.3,64.3,74.8,NA,31.1,38.5,27.9,NA,5.3,0,39.2,54.1,50.5,90.9,32.2,53.8,29.9,100,99.1,88.4,45.4,58.6,54.2,NA,NA,22.4,55.6,26.7,NA,NA,78.8,65.2,NA,NA,NA,63,52.1,NA,51.5,NA,NA,NA,65.2,65.6,87.7,NA,52.7493368667538,18.949102263243,40.1203288403131
"Goiás","Normalizados",2021,64.6,NA,NA,NA,NA,NA,NA,90.7,NA,NA,100,68.5,25.8,10.4,38.1,100,NA,NA,7,68.9,92.9,62,NA,64.1,56.3,79.8,NA,93.2,NA,79.9,39.3,69.2,97.5,38.8,68.6,70,NA,4.4,NA,36.2,72.1,57.5,54.1,NA,19.7,52.4,19.9,NA,8.7,55.5,54.6,44.1,43.2,69.6,58.2,74.7,16.6,68.8,95.9,50.9,48.4,62.2,70.2,NA,NA,22.9,60.3,82,NA,NA,89.7,80.7,NA,NA,NA,58.6,53.9,NA,67.5,NA,NA,NA,56.4,59.3,62.6,NA,46.416070437782,27.5171054849073,31.8221518649517
"Maranhão","Normalizados",2021,56.8,NA,NA,NA,NA,NA,NA,89.2,NA,NA,37.5,100,0,0.3,10,70,NA,NA,26,68.8,66.4,73.1,NA,67.9,52.6,79.3,NA,60.8,NA,43.4,32.9,27.4,65.5,0,35.7,80.4,NA,2.4,NA,55.5,65.2,40.2,63.8,NA,17.5,66,0,NA,3.7,51.1,43.5,76.3,58.5,71.7,63.6,24.1,9.4,82.2,0,36.9,9.4,53.6,93.1,NA,NA,79,55.6,30.1,NA,NA,0,46,NA,NA,NA,2.6,28.8,NA,0,NA,NA,NA,0,34.3,23.1,NA,30.8248768552777,22.13017026665,43.0013984310574
"Minas Gerais","Normalizados",2021,64.1,NA,NA,NA,NA,NA,NA,90.3,NA,NA,75,74,26,15.7,31.5,100,NA,NA,3,100,81.4,76.2,NA,87.2,79.6,94.3,NA,56.3,NA,91.2,63.4,73.3,55.5,42.3,63.4,74.9,NA,21.7,NA,32.9,87.6,51.8,63.4,NA,60.9,73,46.9,NA,28.7,46.5,14.9,23.9,43.4,13.4,61.5,79.9,36.4,43.3,0,7,0,58.8,68.5,NA,NA,55.7,92.2,100,NA,NA,87.3,68.3,NA,NA,NA,63.4,53.5,NA,55.4,NA,NA,NA,58.1,57.7,85.1,NA,56.958783362436,17.9787617974651,51.0741746332938
"Mato Grosso do Sul","Normalizados",2021,65,NA,NA,NA,NA,NA,NA,83.2,NA,NA,37.5,61.8,34.5,25.9,36.2,20,NA,NA,13,75.3,61.4,65.6,NA,76.6,69.8,88.1,NA,90.9,NA,56.3,38.3,69.9,86.8,30,84.4,83.3,NA,2.2,NA,36.6,90.6,67.1,85.5,NA,6.8,49.1,90.9,NA,4.1,38.3,42.8,58.4,43.5,80.8,49,60.1,37.8,58.2,94.2,61.4,66.7,82.4,42.8,NA,NA,17.5,71.9,94.9,NA,NA,94.4,61.5,NA,NA,NA,71.4,72.3,NA,68.2,NA,NA,NA,79,69.9,62.8,NA,46.3964743110995,41.7306145349645,65.6113440242417
"Mato Grosso","Normalizados",2021,46,NA,NA,NA,NA,NA,NA,93.1,NA,NA,100,65,28.9,24.7,30.5,20,NA,NA,10,66.4,78.1,73.8,NA,77.2,72.2,80.9,NA,69.3,NA,61,27.3,37.6,49.5,37.5,84.3,72.6,NA,6.3,NA,20.7,89.9,64.6,91.9,NA,15.6,35.4,32.1,NA,5.6,77.8,47.5,41.3,44.2,98.6,46.1,72,46.7,78.9,97.1,96.5,45.2,59.5,92.2,NA,NA,55.9,62.8,86.8,NA,NA,91.7,77.6,NA,NA,NA,62.8,73.7,NA,65.8,NA,NA,NA,51.7,63,76.5,NA,45.8408327461253,38.220501652521,66.2081590902694
"Pará","Normalizados",2021,37.1,NA,NA,NA,NA,NA,NA,96,NA,NA,87.5,89.2,5,6.5,5.9,100,NA,NA,25,67.2,39.1,70.6,NA,86.4,81.3,83.3,NA,81.7,NA,54.4,26,100,56,5,20.6,57.3,NA,9.5,NA,21.8,91.4,39.1,58,NA,14.8,49.4,19.6,NA,7.4,40.7,61.4,80.5,37,89.8,88.4,51.7,13.2,73.9,92.5,27.5,10.9,63.3,77.6,NA,NA,69,45.6,26.8,NA,NA,61.6,41,NA,NA,NA,0,69,NA,28.4,NA,NA,NA,46.9,54.5,15.7,NA,35.9017394980887,9.51631632864745,54.5724167652924
"Paraíba","Normalizados",2021,65.5,NA,NA,NA,NA,NA,NA,24.4,NA,NA,50,90.2,16.9,2,3.2,30,NA,NA,17,68.8,50.6,64.2,NA,77.5,32.5,78.7,NA,87.7,NA,79.9,47.2,32.2,30,33.3,81.8,87.9,NA,2.5,NA,62.9,96.6,58.2,53.8,NA,33.6,77.8,21.2,NA,2.3,7.9,26.9,18.9,25.8,91.9,39.6,30,46.2,54.3,95.2,64,27.4,79.4,87.1,NA,NA,45.4,54.8,84.2,NA,NA,42.4,0,NA,NA,NA,26.2,37.9,NA,11.3,NA,NA,NA,61.7,25,45,NA,37.2788486909845,28.5945634704589,54.6452341723971
"Pernambuco","Normalizados",2021,65.9,NA,NA,NA,NA,NA,NA,88.4,NA,NA,50,90,11,10.4,14.7,80,NA,NA,14,53.6,70,70.1,NA,83.7,63.6,86.3,NA,94,NA,70.1,21.9,60.1,34,21.2,66.3,73.2,NA,20.4,NA,57.9,87.6,45.4,70.8,NA,20.6,95.8,44.4,NA,8.3,59.6,34.2,12.1,19.7,74.1,83.9,57.4,34,69.3,68.4,18.5,29.8,67.9,30.5,NA,NA,87.8,41.3,52,NA,NA,22.1,11.2,NA,NA,NA,26.6,21.7,NA,16.4,NA,NA,NA,53.1,26.4,45.8,NA,43.0797039796727,20.0036789669606,49.142319340012
"Piauí","Normalizados",2021,63.2,NA,NA,NA,NA,NA,NA,85,NA,NA,0,96.5,12.9,0,0,80,NA,NA,15,75,56.9,100,NA,15,55.6,65.3,NA,65.8,NA,34.6,16.3,45.3,62.2,16,81.9,59.1,NA,1.2,NA,56.5,74.5,66.6,0,NA,2.3,28.7,61,NA,1.7,32.4,18.2,69.5,17.2,69.2,48.5,25.7,8.1,77,84.2,31.8,17.8,35,63.1,NA,NA,0,65.3,33.1,NA,NA,62.5,19.9,NA,NA,NA,11.1,51.1,NA,37,NA,NA,NA,33.3,42.5,65.4,NA,28.1282668743253,25.8147225935636,14.2477617389542
"Paraná","Normalizados",2021,64.6,NA,NA,NA,NA,NA,NA,97.8,NA,NA,37.5,56.3,43.3,26.8,49.2,100,NA,NA,6,85.3,86.5,61.2,NA,99.9,99.4,95.3,NA,89.6,NA,94.8,56,72,79.7,50.3,39.2,100,NA,13.4,NA,47.8,90.3,66.9,100,NA,66.1,47.2,76.6,NA,20.1,44.1,20.2,24.5,46.8,80.4,34.2,70.6,27.2,65.9,98.3,64.1,55.4,100,64.7,NA,NA,65.3,71.9,87.3,NA,NA,90.7,70.8,NA,NA,NA,82.4,76.4,NA,77.7,NA,NA,NA,88.8,34.9,92.4,NA,64.4072013831622,27.3266562444412,58.9740287888375
"Rio de Janeiro","Normalizados",2021,65,NA,NA,NA,NA,NA,NA,99.9,NA,NA,50,42.1,56.4,43.3,72.5,50,NA,NA,11,56.8,71.7,63.8,NA,90.2,87.5,93.6,NA,88.2,NA,57.1,64.3,83.2,35.6,45.2,49,59.6,NA,24.9,NA,0,87.6,57.8,100,NA,49.5,72.8,52.5,NA,33.4,23.6,13.7,0,0,0,23.4,93.8,45.2,75.7,84.3,64.8,16.5,67,61.7,NA,NA,84.2,57.8,37.7,NA,NA,62.1,28,NA,NA,NA,68.5,18.3,NA,46.6,NA,NA,NA,52.9,58.5,7.3,NA,60.2982271050942,41.6729612300776,79.4458390113309
"Rio Grande do Norte","Normalizados",2021,65.9,NA,NA,NA,NA,NA,NA,0,NA,NA,50,83.1,29,4.6,26.1,80,NA,NA,21,67.9,43.2,81.8,NA,67.7,51.2,79,NA,70.3,NA,54.7,21.9,7,90.9,24.4,88.1,56,NA,3.5,NA,73.7,100,50.8,51,NA,64.2,43.4,56.4,NA,2.4,15.8,37.6,4,8.2,74.8,74.6,34.6,19.3,0,0,0,18.2,77.9,72.2,NA,NA,49.7,46.5,43.9,NA,NA,65.5,9.9,NA,NA,NA,45.9,29.3,NA,36.1,NA,NA,NA,62.6,19.5,53.4,NA,42.0420721135182,26.3779849824707,31.8928247125044
"Rondônia","Normalizados",2021,22.4,NA,NA,NA,NA,NA,NA,91.9,NA,NA,62.5,78.4,9.9,8.5,16.6,0,NA,NA,12,58.6,65.6,33.7,NA,60.8,30.5,73,NA,75.1,NA,47.3,40.5,72.8,47.5,18.7,79.2,61.8,NA,0.9,NA,84.8,65.9,43.7,78,NA,5.3,19.1,94.8,NA,1.4,41.4,46.8,12.2,35.2,92.9,28.1,37.7,40.3,80.1,92.1,71,57.7,93.7,87.4,NA,NA,6.3,62.7,0,NA,NA,77.4,95,NA,NA,NA,38.3,68.7,NA,50.8,NA,NA,NA,67.9,65.4,68.6,NA,28.5397806601107,53.1209003455934,57.4062488932367
"Roraima","Normalizados",2021,81.2,NA,NA,NA,NA,NA,NA,98.9,NA,NA,0,74.6,38.1,13.5,54.9,0,NA,NA,24,0,43.3,36.9,NA,34.1,11.2,0,NA,0,NA,39.6,17.8,61.7,100,10.3,71.1,73.5,NA,0,NA,100,0,66.5,78.2,NA,8.6,0,43.9,NA,0,82.4,98,6.3,21.5,91.9,0,4.1,100,81.8,80.7,63.4,33.9,83.5,74.3,NA,NA,51.7,39.7,51.8,NA,NA,54.9,21.1,NA,NA,NA,36.6,25.2,NA,34.1,NA,NA,NA,87.9,84.8,6.3,NA,18.2652037692002,85.4890161659158,25.1995705151303
"Rio Grande do Sul","Normalizados",2021,65.5,NA,NA,NA,NA,NA,NA,96.5,NA,NA,37.5,52,35.5,26.8,50.7,30,NA,NA,9,78,73.5,76.6,NA,96.3,100,98.6,NA,84.4,NA,100,69.6,63.7,40.1,51.5,52.3,65.6,NA,12,NA,27.3,77.1,51.9,85.9,NA,100,75.4,100,NA,20.3,34.3,0,0.2,39,7.4,84.5,78.6,25.8,61.9,0,23.6,9.6,64.6,90,NA,NA,100,82.5,68.5,NA,NA,100,70.2,NA,NA,NA,85.6,78.4,NA,74.3,NA,NA,NA,100,55.8,74.4,NA,62.216024700593,36.1781218902652,96.6112073798339
"Santa Catarina","Normalizados",2021,64.5,NA,NA,NA,NA,NA,NA,98.1,NA,NA,37.5,51,39.7,26.1,51.9,100,NA,NA,4,72.8,89.4,92.6,NA,86.6,86.1,96,NA,94.8,NA,88.7,46.5,62.8,97.1,53.7,73.1,86,NA,10.1,NA,72.8,85.4,49.4,100,NA,70,68.7,93.8,NA,13.8,87.2,35.8,30,37.4,66.4,55.9,74.2,25,61.5,99.8,38.6,51.4,81.2,83.6,NA,NA,60.4,95,99.4,NA,NA,96.1,100,NA,NA,NA,100,100,NA,100,NA,NA,NA,92.4,68.2,100,NA,64.8233300005858,30.4160200970623,48.9587158439709
"Sergipe","Normalizados",2021,63.9,NA,NA,NA,NA,NA,NA,86.3,NA,NA,0,87.7,6.6,3.9,5.6,20,NA,NA,22,89,43.3,73.7,NA,36.5,41.1,72.3,NA,85.8,NA,58.2,44.1,75.2,35.6,20.9,79.4,69,NA,1.4,NA,66.2,90.3,39.7,80.4,NA,31.4,76.6,24.5,NA,1.3,5.4,44.2,18.5,14.7,77.1,100,22.9,43.7,60.4,90.3,21.6,22.4,0,73.4,NA,NA,69.8,43.4,65,NA,NA,55,11.2,NA,NA,NA,21.6,10.9,NA,13.5,NA,NA,NA,41.7,4.6,62.1,NA,31.9929410863549,33.7479617074942,55.469434866937
"São Paulo","Normalizados",2021,65.8,NA,NA,NA,NA,NA,NA,100,NA,NA,87.5,42.6,55.9,40.9,71.3,100,NA,NA,1,93.3,100,76,NA,100,97.6,100,NA,63.3,NA,71.7,100,92.8,58.7,100,31.1,97.7,NA,100,NA,66.4,87.7,100,92.9,NA,73.8,78.7,37.5,NA,100,25.3,26.8,23.1,50,32.8,86.5,100,28.8,89.7,67.9,31.5,68.1,88.2,72.3,NA,NA,63.1,100,57.9,NA,NA,85.3,32.3,NA,NA,NA,88.9,43.6,NA,58.5,NA,NA,NA,96.2,69.2,65.3,NA,80.0998529505941,37.2873971343253,58.1750786111375
"Tocantins","Normalizados",2021,54.8,NA,NA,NA,NA,NA,NA,93.1,NA,NA,0,75.7,32.4,8.9,33.2,100,NA,NA,19,65.2,87.3,39.2,NA,46.3,1.7,63.3,NA,100,NA,60.7,43.9,86.9,22.6,14.6,79.7,67.3,NA,0.5,NA,35,97,58,44.7,NA,9.5,16.2,71.3,NA,1.1,64,57.4,28.6,21.3,81.6,63.6,22.6,27,46.1,71.2,32.1,22.4,57,100,NA,NA,21,64.3,93.9,NA,NA,74.1,41.6,NA,NA,NA,47.7,59.8,NA,46.4,NA,NA,NA,31.4,62.3,92.5,NA,35.9119270983126,37.3081693657412,12.5258519723798
