"Estado","Ano","mds_1","mds_2","mds_3","AS_EM","AS_LC","AS_LX","AS_TE","AS_PA","AS_RL","AS_CS","AS_DM","AS_VD","AS_RD","AS_TR","CH_CM","CH_PA","CH_PT","CH_QT","CH_FM","CH_IE","CH_IJ","CH_DL","CH_SB","ED_AE","ED_E1","ED_E2","ED_IO","ED_UF","ED_UM","ED_CI","EP_EJ","EP_EP","EP_JP","EP_LP","EP_IT","EP_QI","EP_PJ","EP_SG","EP_PS","EP_EG","EP_GE","IF_AT_FI","IF_QT","IF_CR","IF_CS","IF_DV","IF_EL_FI","IF_I1","IF_I2","IF_QR","IF_FO","n_mds_1","n_mds_2","n_mds_3"
"Acre",2017,-130.464968573595,-36.1283037185048,-112.975501725332,46.2,44.2,72,9.4,31.1,38.4,0.7,56.6,99.3,38.2,100,81.8,20.3,12.9,14.6,17,52.4,7.8,0,47.9,100,65,0,12,0,48.1,29.4,65.5,61.8,28.7,51,28.5,100,100,7.7,51.2,74.5,97.1,17.9,29.9,0,100,0.4,0,31.5,60.7,0,28.5,8.34608236048939,53.0642948756026,0
"Alagoas",2017,-68.1948702376375,62.8170827251859,-23.7784873219054,62.7,37.5,44.8,16.5,62.1,36.2,26,24.4,99.3,34.7,50,97,14.5,10.1,3.2,39.2,25.7,0,21.5,40.5,100,31.1,20.3,21,45.5,20.6,53.3,11.9,81.3,63.9,81.3,47.9,92.1,36.4,54.7,71.7,17.6,79.2,13.3,87.8,68.8,37.3,2.6,92.4,53,65.5,75.4,20.2,25.9657784494436,86.7947405439383,39.9787921250686
"Amazonas",2017,-84.8058893913865,-6.27410490121247,-95.2930798105314,82.1,6.1,63.9,39.4,13.1,43.3,0.7,52.2,99.3,1.6,75,79.3,25.1,21.8,37.1,12.8,42.4,25.9,15,51.1,80,41.8,4.6,16,12.1,42.6,12,0,93.5,83.3,82.5,18.6,62,100,0,75.7,39.6,81.5,11.9,25.9,67.4,40.7,4.5,59.5,43.6,97.8,6.8,0,21.2655914088227,63.2415802182744,7.92539834127478
"Amapá",2017,-121.332407947536,-97.1513603609328,-39.9925485220296,93,60,64.8,5.6,18.7,4.7,26,56.6,83.9,54.6,11.1,62.1,36.3,12.7,52.3,18,0,5.4,15,47.9,0,0,7.2,24,3,28.2,0,77.6,43.1,7,46.7,73.9,81.7,63,54.8,30.1,62.8,98.5,14,21,43.3,92,0.6,88,81.3,75,25.9,100,10.930194912825,32.2615574203846,32.7115244193235
"Bahia",2017,-16.1975585112845,-21.8040250830878,78.4436100567193,57.3,32.5,36.8,52.3,78.8,45.3,24.5,98.9,0,54.6,37.5,92.5,8.9,6.9,14.3,24,29.9,30.3,88,95.9,0,7.1,39.2,25,45.5,15.1,67.3,33.5,92.9,72.7,88.3,82.3,92.1,99.7,100,28.6,86.9,67.9,16.4,72.6,79,58,16.2,74.9,58.1,81,44.2,90.4,40.6787282366436,57.9474361681479,85.7955272369061
"Ceará",2017,-17.7946527673509,74.6293899071124,-32.2579503063916,60.9,45.2,44.4,35.1,60.9,6.5,26.4,34.8,66.1,0.8,100,95.1,14.6,5.2,23.7,23.1,61.9,22.9,0,94.3,100,84.2,49.6,6,63.6,55.3,80,17.5,87.8,80.7,86.2,51.5,91.6,37.2,0,11.5,27.4,21.1,25.7,84.8,60.5,79.5,8.9,95.6,33.3,97.8,51.1,74.8,40.2268208819212,90.8215516964159,36.1782311953526
"Distrito Federal",2017,162.951530112854,-124.809899140999,-57.0590991956008,64.7,100,68.4,100,84.9,92.6,67.3,97.4,39.3,0.8,88.9,0,100,100,100,82.7,44.1,98.2,19.3,97.2,0,82.8,89.5,4,57.6,61.2,38,67.5,85.9,0,90.9,100,93.7,100,24.6,17.8,88.8,0,100,64.6,63.5,33.7,25.9,100,51.5,89.8,75,74.8,91.3700324183121,22.8327717728851,25.0621643344142
"Espírito Santo",2017,24.4313858941949,85.2828437867381,-49.8294458050038,56.8,44.2,100,43.1,75.1,0,30.1,24.4,66.1,49.4,100,70.4,32.9,25.2,45.2,59.5,57.5,41.9,19.3,97.2,100,77.3,83.9,9,78.8,45.7,73.7,32.6,97.7,83.3,93.6,99.5,91.6,2.1,7.7,30.1,0,100,24.9,58.8,70.6,79.5,5.2,97.3,23.3,95.6,38.3,70.5,52.1749306190025,94.4533101864526,28.3025509322404
"Goiás",2017,61.4090811540389,6.7316994146296,21.6604884886921,59.9,41.2,67.3,50.4,100,15.4,29.5,79.2,34.6,17,50,70.2,26.1,19,43.6,53.7,75.4,68.3,84.2,62.1,100,91.4,67.6,7,45.5,58.8,38.2,26.9,81.3,88.4,91.2,56.8,92.1,99.7,47.3,33.4,60,35.6,46.4,78.4,71.3,17.9,5.7,89.3,43.8,46.9,47.2,82.8,62.6379902569248,67.6752541025861,60.3448927222441
"Maranhão",2017,-124.123350344623,27.1883566752363,-26.9338859447514,48.9,18.6,9.6,4.6,31.8,37.6,18.1,97.6,92,57.4,100,100,5.2,1.6,4.9,0,43.8,1.1,15,86.4,10,11.1,6.1,26,51.5,33.7,67,37.3,82.8,58.4,78.3,78.9,83.6,2.1,0,51.7,45.3,56,0,0,85.9,73.6,3.1,83.4,34.9,99.4,26.3,31.5,10.1404810990914,74.648921001925,38.5645180436074
"Minas Gerais",2017,66.1941684353161,56.5167048601926,-11.2964408279577,58,49.6,85.1,40.4,81.2,43.3,39,56.6,46.1,0.4,100,76.6,26.7,18,40.2,63.2,65.1,68.7,88,16.9,100,78.2,95.9,2,90.9,78,68.8,38.3,96.1,85.6,93.8,19.8,88.4,60.3,88.7,59.1,38.1,22.6,36.4,70.4,78.2,78,23.2,97.8,14,92.1,40.7,28.5,63.9919592710791,84.6469440583883,45.5733419585416
"Mato Grosso do Sul",2017,69.9399261906758,20.1633849591397,85.1351161933407,56.7,56.7,73.5,45.1,87.3,43.3,29.5,96.5,0,21.1,50,65.5,34.9,28.7,40.6,65.1,91.8,83.2,100,97.2,50,63.8,51.7,13,87.9,30.9,68.2,23.4,84.8,69.6,85.5,100,86.2,26,70.1,11.5,17.3,0,52,69.5,61.6,35,2.9,97,34.5,93.8,50.5,80.4,65.0518437908722,72.2541107403445,88.7947120709372
"Mato Grosso",2017,18.3906468396493,-21.6548122156476,-37.821712595147,33.2,25.7,49,31.3,60,41.8,10.1,98.1,39.3,0.1,100,65.8,27.3,34.2,35,63.2,92.3,87,14.4,99.6,10,62.2,30.3,8,60.6,86.6,52.5,48,88,67.6,79.3,100,87.7,73,0,100,46.4,54.1,49,23.5,66.7,81.3,6.3,92.9,22.1,92.2,37.9,0,50.4656674391127,57.998302779509,33.6845098812129
"Pará",2017,-114.842003030892,101.553585433058,-59.6760260383864,47.7,28.6,24.1,0,72.2,4.7,1.2,34.8,74.1,54.6,88.9,93.4,0,8.8,3.6,4.6,65.1,31.5,19.3,51.1,100,2.4,21.8,27,57.6,5.8,39.2,9.9,94.1,87.7,84,93.4,94.8,23.4,16.4,46.7,100,75,7.9,3.7,42.9,99.5,8.1,62.6,0,94.2,8.2,44.7,12.7666937329894,100,23.8892374718508
"Paraíba",2017,-35.7901831880761,82.1329046001838,4.82660751050244,59.6,35.2,47.4,32.9,76.5,26.5,0.3,34.8,74.1,34.7,62.5,88.9,31.3,4.7,11.5,23.9,70.1,34.1,15,62.1,100,19.7,41.5,17,75.8,21,70,30.8,86.9,56.2,75.9,74.2,93.7,35.1,98.1,0,86.9,27.4,25.3,97.6,88.6,52.8,2.2,99,52,100,62,26.9,35.1348781125035,93.3794970819771,52.7998169953671
"Pernambuco",2017,-68.6569732275789,73.1718412572128,-75.3499560350495,61.4,32.9,79.9,27.9,47.7,21.8,11.1,0,100,57.4,100,84.1,20.2,11.4,29,33.1,15,17.3,21.5,16.9,100,42.4,42,15,39.4,32.3,56.6,11.8,88.1,64.9,83.2,77.4,74.6,36.4,0,30.1,27.4,72.6,28.1,70.1,90.6,66.3,13.3,91.7,55,85.4,44.7,8.3,25.8350236495935,90.3246739003767,16.8640607514134
"Piauí",2017,-79.9412650412114,48.5154156536802,12.3948784781947,57.9,26.8,26.9,8.5,55.6,13.2,15.5,97.8,99.6,0.8,50,95.1,24.6,0,0,6.5,43.6,57.6,64.3,62.1,100,39.6,26.2,19,84.8,27.1,63.2,20.4,40.3,52.5,57.8,82.3,51.8,2.1,100,21.9,69.9,82.3,28.3,36.9,81.5,74.6,1.5,49.5,43.1,79.4,39.6,10.3,22.6420659114737,81.9193075251731,56.1919746117092
"Paraná",2017,125.836182620192,-12.2236583028584,19.4562679114078,61.7,51.8,55.1,80.6,83.3,43.3,65.1,99.4,34.6,0.8,100,59.8,40.7,32.9,51.9,79.1,84.2,74.1,100,100,30,86.2,86.9,3,69.7,71.1,73.4,44.7,99.3,94.8,96.3,77,68.2,60.3,45.8,75.7,35.4,49.4,51.7,76.2,98.2,49.5,18.9,99.2,29.2,90.6,53.2,81.6,80.8680232593028,61.2133796626145,59.3569440016907
"Rio de Janeiro",2017,75.2894516084885,58.6005434502332,-67.0538736783395,62.5,23.1,88.6,35.1,90.5,0,40.9,56.6,89.3,0,37.5,58.6,51.7,48.4,72.4,74.7,29.3,58.1,0,88.9,80,62.5,98,11,51.5,47.8,64.6,1,98.6,92.3,95.5,77.4,94.6,14.7,40.1,59.1,46.4,64.5,59.2,64.6,52.3,43,37.7,99.2,0.3,81.6,63.5,82.8,66.5655239455664,85.3573238635442,20.5824290646315
"Rio Grande do Norte",2017,-11.0880568531061,-23.1097204492259,69.2005887375142,61.3,45.7,46.7,29,52.3,41.8,21.1,68.3,34.6,15.2,50,87.3,27.2,9.2,28.2,35,51.9,35.7,86.6,97.2,20,10,48.9,22,72.7,26.5,86.6,58.7,83.9,41.3,79,99.5,100,84.4,40.4,0,59.8,22.6,26.4,100,68.8,56.2,2.9,98.7,73.5,93.4,48.1,84.2,42.12449223556,57.5023251004178,81.6527335526157
"Rondônia",2017,-59.7737208122775,3.32253050644333,21.4890405139823,0,11.5,34,0.8,40,54.3,2.9,78.7,66.1,54.9,100,80.4,10.9,12.6,17.9,49.3,89.2,46.9,19.3,99.6,50,73.1,18.8,14,100,15.8,43.9,52,57.7,14.1,70.5,92.1,93.7,48.2,33,11.5,0,0,29.2,50.9,51.8,73.3,1.5,96.9,65.3,70.3,61.7,10.3,28.3485929552757,66.5130696818178,60.2680484131938
"Roraima",2017,-53.3009215273139,-118.44720311094,-49.7864959078126,100,0,62,80.3,0,25.7,11.1,94.9,93.8,0.1,100,66.7,52.5,21.5,68,35.9,73.3,44.3,15,97.2,0,38.3,15.2,23,39.4,57.7,36.9,100,66.1,19.4,0,76.4,32.8,19.2,70.1,44.6,31.6,75,28.1,19.2,60.5,81.1,0,81.3,100,0,36.6,67.2,30.1801101568473,25.0018124978729,28.3218014085381
"Rio Grande do Sul",2017,101.255516824908,-9.19623786548837,59.0961006036426,59.9,39.2,71,26.1,75.9,36.2,39,100,0,0.1,50,56.8,37.4,31.7,54,84.9,86.7,86.2,69.5,94.3,20,57.4,89.7,10,81.8,35.1,76.2,34,96.6,98.9,97.4,99.5,75.2,79.7,69.5,39.3,0,21.1,51.9,47.9,67.7,0,13.5,97.7,41.6,79.9,52.2,76.4,73.9127771210939,62.2454261707762,77.1238237753535
"Santa Catarina",2017,142.563242193114,-25.7211643458586,66.9305653401402,60.4,43.3,81.5,27.2,79,98.4,84.5,100,46.1,0.8,37.5,58.7,42.5,34.9,61.3,100,100,100,88,94.3,0,97.1,100,5,81.8,71.8,96.9,5.5,91.8,88.9,94.1,31.8,68.2,47.6,58.2,49.8,18.9,0,48.5,71,84.6,48.7,11.2,98.9,52.4,88.6,50.1,78,85.6010446293128,56.6120848412481,80.6352914988694
"Sergipe",2017,-74.8984283692017,-23.5801543895356,28.2486516685711,60.2,40.3,0,30.9,56.6,36.2,3.3,34.8,0,37.9,50,86.7,18,9.2,11,30.8,42.5,27.3,19.3,16.9,0,17.7,45.2,20,87.9,0,55.5,86.3,68.5,48.2,72.1,69.6,99.3,100,68.5,61.7,49.1,94.7,15.6,79,80.5,38.6,1.6,94.8,53.5,92.9,21.1,10.3,24.0689666545504,57.3419543440391,63.2977584433225
"São Paulo",2017,147.768450358904,17.357995423563,-75.6462117708279,63.8,66.9,89.4,78,81.8,11.3,40.9,92.4,34.6,0.4,66.7,39.8,51.8,49.3,78.3,82.7,48.4,57.2,0,94.3,100,100,93.2,1,66.7,100,100,9.6,100,100,100,15.3,50.5,99.7,33,64.3,88.8,0,74.8,85.1,100,77.2,100,99.2,65.2,85.4,100,42.3,87.0738893559448,71.2977544845413,16.7312766380015
"Tocantins",2017,-28.2338059645439,31.4744767551161,43.9450938967881,43.8,18.7,50.1,29.5,84,1.4,32.2,98.5,39.3,54.6,75,79.3,33.3,13.7,38.7,31.1,66.2,63.3,64.3,100,100,54.3,17.8,18,97,63.2,63.1,49.9,0,16.5,61,99.5,68.2,14.7,97.9,0,55.1,27,31.4,34.8,70.7,38.3,1.1,81.6,17.2,92.2,29.3,30.2,37.2730001609675,76.1100577530015,70.3330253201579
"Acre",2018,-159.961014741695,-59.0404994711703,-82.2774510496535,11.8,29.5,44.4,8.1,28.2,31.3,1.2,28.6,93.8,26.1,100,85.7,28.9,6.4,24,19.5,48.3,12.1,15,40.5,80,9.3,0,16,63.9,46.2,34.7,86.3,36.4,16.8,40.4,18.6,64.5,100,0,30.1,17.3,94.7,15.9,47,0,95,0.4,0,73.9,61.3,4.2,10.3,0,45.2535358118905,13.7591038760221
"Alagoas",2018,-46.9365527800673,63.0379606889319,20.0938195271002,67.9,20.7,34.6,11.4,91.5,5.7,40.9,34.8,66.1,34.7,0,93.8,22.9,11.1,14.3,38.6,28,0.1,15,16.9,80,49,24.4,25,63.9,26.2,63.6,32,76.5,56.7,81,89.6,99.3,23.4,68.5,75.7,45.3,75,13.1,97.9,64.7,37.2,2.6,86.2,46.2,66.1,81.8,74.8,31.98094629042,86.8700377601426,59.6426995696684
"Amazonas",2018,-100.03409734568,-14.5075476361729,-74.9946414895114,85.7,35.2,67.7,23,6.6,43.3,5,95.8,99.6,23.1,75,86.4,20.2,19.9,33,14.1,39,19.1,21.5,0,30,45.2,0.8,19,30.6,48.5,27.6,9.6,90.9,83.1,79.6,34.5,74.6,63.5,0,39.3,61.7,35.9,17.7,9.5,68.2,48.1,4.4,43.1,49.2,98.8,0,28.5,16.9566790527441,60.4348026330155,17.0233154803983
"Amapá",2018,-121.479198215477,-104.343722953635,2.47301487555767,100,51.1,59.2,6.2,12.4,0,24.5,91.9,66.1,20.6,11.1,75.9,48.2,9.5,59.6,27,0,25.2,85,51.1,0,2.4,1.2,20,44.4,43.9,0,59.3,0,5.9,42.5,0,69.8,19.2,79.9,23.6,60,97.5,15.9,0,64.4,100,0.4,99.8,72.6,75.8,42.9,46.3,10.8886597301442,29.8096836708371,51.7449185626239
"Bahia",2018,-16.2160507975082,-34.6385298553938,60.8004564362891,64,9.6,34.7,52,83.2,90.7,59.4,91.2,74.5,0.8,0,91.7,1.9,8.1,11.3,19.4,16.5,34.1,100,47.9,0,0,35.9,21,30.6,15.3,67.5,17.6,90.3,74.8,87.5,34,89.6,100,78.3,64.3,86.9,31.9,19,58.6,72.9,38.3,15.4,75.6,66.8,88.7,55.5,77.5,40.673495733854,53.5721582349152,77.8877292490541
"Ceará",2018,7.23183082028307,62.3953743636447,80.8208189423749,64.5,29.9,46.9,34.8,68.2,21.8,36.4,60.5,0,18.9,37.5,93.8,9.5,3,16.9,18,71.8,23.5,86.6,95.9,100,91.4,44.6,10,83.3,75.1,78.1,9.7,82.6,79.1,84.8,95.3,100,26,39.6,23.7,45.8,62.5,23.6,88.7,61,78.9,9.5,92.7,74.4,93.9,42.3,100,47.3082138260958,86.6509803193527,86.8610106559772
"Distrito Federal",2018,144.921058736949,-123.381091426952,-85.6422460518276,68.9,100,26.8,100,90.1,90.7,41.9,86.2,66.1,19.4,100,0,100,100,100,80.5,56.8,62.5,15,99.6,10,72.2,86.2,1,41.7,71.8,48.6,65.5,78.7,0,90.2,99.5,100,100,7.7,65.7,75.2,69.4,100,69.3,65.5,37.8,25.9,95.9,71.8,92.3,71,100,86.2682028970218,23.3198517945148,12.250976716889
"Espírito Santo",2018,41.6014504343555,62.273333205349,-40.4721151450934,62.5,45.7,100,46.2,78.4,44.9,30.1,52.2,92.9,38.2,87.5,72.6,25.6,20.2,42.5,49.2,70.7,55.1,19.3,100,100,49,80.7,16,66.7,38.2,76.7,30.8,95.4,79.9,91.1,89.3,84.4,61.6,57.1,21.9,72.7,41,31.5,64.6,80,83.3,4.9,98,35.1,97.3,64.7,44.7,57.03330288932,86.6093765335962,32.4965789476413
"Goiás",2018,40.0305983422872,22.1502528853397,18.8167320500811,63.9,29,51.6,51.1,100,28.6,0,86.6,0,37.9,75,71.7,25.8,15.8,43.5,52.3,86,81.3,49,94.3,100,30.7,58.4,14,63.9,65.1,49.4,27.1,70.4,72.5,82,89.3,50.5,97.1,82.1,39.3,75.2,55.5,42.5,78.9,69.3,18.3,5.7,95.3,36.6,60.9,46.3,10.3,56.5888209115718,72.9314332820376,59.0702990794642
"Maranhão",2018,-99.5123754222507,10.1383838239863,50.2621404485619,48.4,0,11.6,7.1,28.7,37.6,10.1,79.4,46.1,37.9,0,100,0,3.4,9.4,0,41.7,0,42.5,97.2,10,83.9,3.3,23,47.2,44.2,71.8,1,75.2,60.5,78.1,47.9,100,26,0,45.8,86.9,41.4,0,24.4,88.3,81.7,2.7,78.9,40,99.2,41,65.7,17.1043033857613,68.8365915586216,73.1643744704276
"Minas Gerais",2018,87.5976257164156,15.2611859255674,1.16828267468494,65.1,26.9,74.9,39.5,85.7,99,71.5,98.5,81,0.8,87.5,76.7,22.2,15.4,32.9,58.5,75,65.1,85,47.9,80,57.4,95.2,6,94.4,83.1,75.3,49.9,92.5,84.7,92.2,37.5,81.8,100,98.1,64.3,59.8,56,40.1,75,66.6,70,23.9,94.4,25.8,94.2,52.6,32.1,70.0481952916366,70.5829529016576,51.1601274932541
"Mato Grosso do Sul",2018,84.9262233361032,-6.59461208694157,79.2148821734615,59.8,51.8,27.6,44.6,92.4,92.6,67.3,90.6,0,21.7,37.5,65.1,33.2,28.9,35.2,63.8,95.3,70.2,84.2,94.3,70,62.2,46.6,5,66.7,54.2,74.3,35.2,80.7,75,85.8,100,81.7,80.7,75.2,39.3,70.3,64,52.8,84.8,75.1,36.7,2.8,98.4,63.3,97.6,60.4,54.1,69.292306039327,63.1323194371192,86.141217368278
"Mato Grosso",2018,16.9547845677049,-29.2459594453951,-11.9553492239815,35.1,22,67.4,32.6,63.7,54.3,14.7,86.6,47.1,41.3,100,64.6,32.2,36.2,34.7,57.2,95.9,60.6,63.5,95.9,0,42.1,25.8,7,50,86.4,61.1,28.2,85.1,75.8,80.4,78.9,68.2,79.7,0,65.7,26.2,97.5,47.4,63.7,64.9,88.3,6,92.6,36.8,99.2,55.4,35,50.0593816368845,55.4104834945841,45.2780141163455
"Pará",2018,-108.418900880456,55.6758620242996,-52.2608004072408,46.7,15.3,23.9,0,76.1,5.7,3.3,72.2,74.3,34.7,100,92.7,2.2,5.4,5,0.2,71,36.4,42.5,47.9,80,10.8,18.3,18,38.9,18.9,40,51.4,89.7,86.1,82.2,40.5,94.8,36.4,22.9,51.2,86.9,97.3,8.8,10.4,57.2,99.4,7.5,63.8,10.4,97.6,32.2,35,14.5841488336446,84.3603010464088,27.2127989839798
"Paraíba",2018,-62.1764835899509,67.5632721544442,-31.1356751196193,64,24,56.4,41,82.7,36.2,0,0,83.9,55.5,87.5,89.3,18.3,2.8,0,19.5,65.3,25.7,19.3,47.9,100,19.7,40,14,58.3,33.2,64.7,35.2,78.4,56.8,74,41.9,75.2,63.5,24.2,20.1,62.8,49.4,28,93.5,89.7,56.1,1.9,98.3,56.7,100,45.2,8.3,27.6687168823643,88.4127147661759,36.6812436190214
"Pernambuco",2018,-39.9246945013107,67.2708811995161,-13.4791832004413,66.9,15.6,52.5,26.3,52.6,15.4,14.7,0,93.8,38.2,11.1,85.9,21.4,9.8,30.4,31.7,31.2,10,0,97.2,100,77.3,40.6,17,66.7,40.2,66.3,0,84.5,67,83.7,93.4,92.1,36.4,0,23.7,61.7,62.5,27.3,89.6,82.9,67.2,14,82.1,73,92.3,45.5,73.9,33.9649934525741,88.3130387977088,44.5950199355934
"Piauí",2018,-97.0073640384587,48.5005803155456,49.617288953465,54.4,6.5,30.4,10,51.5,6.5,0.7,97.1,58.8,36.7,37.5,98.1,13.6,0,1.4,6.2,55.5,34.8,100,53.9,100,82.6,21.2,15,77.8,32.9,62.8,17.9,10.9,57,62.2,74.2,41.8,0,40.1,11.5,46.4,64,25.2,31.5,71.2,79.2,1.2,71.1,26.4,80.2,52.9,0,17.8131113122183,81.9142501638862,72.8753470400093
"Paraná",2018,141.954651428409,-41.2052237780604,28.037733898151,67.6,40.7,42.8,80.5,88.4,98.4,100,97.1,74.1,0.8,44.4,59.6,42.4,31,54.5,78.6,88.7,70.7,88,94.3,20,82.8,82.5,8,75,74.4,75.9,23.4,99.2,96.3,94.7,51.5,94.6,99.7,43,65.5,94.7,62.2,56.7,86.9,98.9,41.1,18.1,96.5,41.5,91.5,55.2,100,85.4288402390325,51.3335747037351,63.2032234663896
"Rio de Janeiro",2018,55.0413917331055,8.66830485213079,-88.583290063055,66.9,32.3,78,30.9,94.1,6.5,36.4,81.2,100,21.1,77.8,55.5,57.6,39,80.5,71.1,36,52.7,15,16.9,30,42,96,8,47.2,56.1,65.3,31.5,87.9,91.6,93.2,31.5,80.7,56,16.4,64.7,0,47.5,53.7,56.8,52.1,45.8,33,100,0,89.2,71.4,85.2,60.8362145189073,68.3354421804588,10.9327780311826
"Rio Grande do Norte",2018,-33.6863648249518,31.0594084581565,23.3256926117906,65.8,34.4,40.2,30.3,55.5,19,11.1,0,0,54.6,66.7,89.1,28.4,7.5,28.8,31.2,46.8,12.8,14.4,100,80,83.9,52.4,12,72.2,15.6,75.3,0,66.6,39.3,100,77,91.9,84.8,7.7,0,31.6,95.3,25.6,100,71.8,61.1,3,91,98.6,93.9,38.5,74.8,35.730166078561,75.9685611239776,61.0912500967417
"Rondônia",2018,-54.5212143279737,-71.9783357943828,70.4287970152494,0,8.6,38.8,0.2,35.2,54.3,30.1,60.5,34.6,0.8,37.5,76.4,14.3,12.8,13.2,45,80.3,44.8,85,100,30,51.7,8.6,8,100,51.8,27.5,78.2,32.8,26.5,68.8,77,85.8,100,0,29.2,13.6,55.5,30.3,60.4,57.5,73.9,1.5,91.2,92.4,71,55.4,30.2,29.8348210235114,40.8430321911452,82.2032260074392
"Roraima",2018,-26.1597198194433,-148.118338358577,-15.6343576470318,89.3,42.5,34,72.5,0,99,59.4,97.4,100,0.4,88.9,67,50.3,14.1,62.3,32.5,43,35.8,86.6,97.2,0,45.2,18.9,24,0,72.4,39.3,32.6,61.3,11.8,0,15.3,26.5,39,94.8,63.4,18.9,97.1,26.2,15.8,72.6,82.8,0,80.4,100,0,56.7,74.8,37.859875218428,14.8869334584362,43.6290540703705
"Rio Grande do Sul",2018,108.030788010173,-9.38869836051503,-3.10437866460366,66.3,18.2,79.5,25.3,76.1,98.4,73.5,96.5,97.3,21.1,37.5,58.2,30.7,32.3,52.6,81.8,91.8,67.7,19.3,88.9,50,97.1,82.4,5,66.7,52.8,66.5,52,94.7,99.3,95.5,91.2,96.3,100,47.3,71.7,69.9,35.6,54,69,64.9,0,13.3,96.8,37.4,84.1,56.3,46.9,75.8298805526728,62.1798164591552,49.2450876161159
"Santa Catarina",2018,145.149218844882,-19.3180434753838,110.135326946993,67,14.2,85.9,25.1,89.8,92.6,73.5,98.5,7.6,54.6,0,59.1,42.6,31.1,60.1,100,100,100,88,99.6,10,91.4,92.4,5,69.4,84.1,98,31.5,87.5,91.5,92.2,93.4,41.8,57.7,100,43.9,39.4,35.3,56.4,83.6,95.4,50,10.9,97.6,73.7,93,50.8,77.5,86.3327621617224,58.7949063793928,100
"Sergipe",2018,-59.7225614000142,-18.5645766284832,37.5808004687011,64.9,34.5,0,30.4,57.3,36.2,32.2,52.2,58.8,2.3,37.5,89.7,19.2,7.6,13.3,28.4,34.5,25.9,15,97.2,0,49,45.6,16,52.8,0,62.4,13.1,52.5,44.6,70.1,28.5,94.6,37.2,29.1,0,39.4,35.6,18.7,85.7,73.4,38.1,1.4,86.6,66,95.5,34.6,85.5,28.3630688164074,59.0517629490191,67.4804997542948
"São Paulo",2018,156.597294802286,21.6223826699602,-62.3977125616807,68.2,54.3,78.7,74.9,91,9.8,40.9,97.4,66.1,7.6,50,42.5,54.9,45.5,80.4,75.5,54.1,52.4,14.4,94.3,100,84.1,100,3,88.9,100,100,26.3,100,100,98,76.4,70.6,100,41.3,75.7,61.7,35.9,85.6,69.3,100,76.1,100,99.6,84.5,94.1,100,82.8,89.5720636011461,72.7514825207161,22.669356509779
"Tocantins",2018,-22.297598365928,27.0616663575443,94.8143627507465,32.6,7.1,52.5,30,89.3,5.4,18.1,99.9,7.6,54.9,11.1,80.2,28.7,12.9,38.5,30,68.7,37.2,73.8,99.6,80,100,7.5,12,86.1,68.1,73.7,40.7,43.3,22,63.6,69.6,94,0,75.2,0,61.7,2.6,30.5,72,61.9,32.8,0.9,57.4,32.8,96.4,32.8,71,38.9526855413286,74.6057323194486,93.1330252828079
"Acre",2019,-124.630231206137,-76.8676631712095,-61.9198495064146,51.5,55.6,57.6,8.7,29,1.4,14.7,56.6,92.9,6.8,50,81.1,34.4,9.4,29.6,38.2,25.1,17.9,42.5,51.1,30,56.5,9.2,12,40,51,19.9,51.4,48.9,36.7,46.1,0,53.4,48.2,11.5,42.4,40.2,94.7,20.9,23.8,0,100,0.4,1.7,58.5,60.4,1.5,66.9,9.99705613314704,39.1762622954856,22.8835384291909
"Alagoas",2019,-49.219536611322,33.2346609438375,7.78825713647377,93.4,39.2,36.2,11,98.7,6.2,11.1,52.2,84.8,0,0,92.2,9.2,11.9,8.2,47.5,25.8,2,15,47.9,80,42.1,28.6,19,64.4,29.6,49.9,32.8,77.1,62.1,78.8,0,100,47.6,54.8,46.5,55.8,35.3,7.1,95.2,59.8,37.4,2.4,94.2,68.3,65.2,100,70.1,31.3349623855018,76.7101038923707,54.1272512770626
"Amazonas",2019,-82.6633935615318,-70.923843450426,-2.47634561376163,100,59,70.5,25.3,12.5,26.5,11.9,94.9,34.6,7.6,37.5,86.4,20.3,19.5,41.5,16.7,32,34.1,100,40.5,0,30.7,0,20,55.6,47.4,5.6,50.2,86.3,84.6,78.1,40.3,88.6,99.7,22.9,39.1,60,64,22.5,4,75.1,49.2,4.7,21.9,40.5,97.4,0,20.2,21.8718233950037,41.2025082414586,49.5265768896663
"Amapá",2019,-116.869182864902,-117.43371306568,23.1268208091808,99.2,72.9,74.1,6.6,0,5.7,0,98.9,68.9,16.4,0,79,26.9,8.6,45,27,6.2,31,84.2,94.3,0,0,3.3,25,48.9,55.4,0,74.9,6.9,15.9,37.6,99.2,32.8,57.4,81.8,0,67.5,86.8,20.8,10.8,56.3,93.6,0.4,49.8,96.9,74.8,34.9,36.4,12.193091096292,25.3473108797152,61.0021142158016
"Bahia",2019,-24.4441040982838,-18.8570660590182,60.2815745994251,94.5,34.4,48.8,48.7,75.2,14.4,2.7,97.4,34.6,12.9,0,92.8,4.9,8.7,18.5,24.5,0,41.1,84.2,97.2,10,11.9,36.5,24,55.6,25.5,55.5,27.1,89.3,78.7,86.7,47.9,64.5,100,98.1,47.9,100,0,20.6,53.1,68.7,39.4,14.4,82,69.7,94.6,49.3,53.3,38.345318929295,58.9520534102541,77.6551623942977
"Ceará",2019,-4.71713426759019,32.6149821664528,45.8352465748375,92.4,49.3,47.5,32.6,69,6.8,7.3,78.7,7.6,2.3,50,90.3,11.7,4.5,19.9,27.3,57.2,30.7,85,80.9,100,84.1,49.6,5,77.8,72.6,53.6,18.2,84.4,83,85.6,0,68.2,37.2,40.1,49.8,0,27.4,19.3,74.8,54.5,72.7,9.3,96.4,87.3,81.9,37.6,84.2,43.9271828167988,76.4988556261942,71.1802063777951
"Distrito Federal",2019,156.332461613178,-98.8959398375735,-66.816428650309,94.4,100,25.8,100,93.5,54.3,72.8,94.9,84.8,1.7,75,0,100,100,100,91.5,35.5,77.6,67.6,94.3,100,82.6,89.3,3,71.1,77.8,27.5,63.3,81.1,0,90.6,47.9,50.5,97.1,63.4,23.6,46.4,69.4,77.3,59.7,74.1,37.4,22.8,95.2,71.5,82.7,68.7,100,89.4971274691815,31.6668309215962,20.688853763712
"Espírito Santo",2019,59.1296813448926,43.3302338254078,-34.6153295105045,89.7,58.1,72.9,43.3,81.9,28.4,39,52.2,93.8,11.3,50,69.6,34.7,18,45.3,60.6,55.2,43.9,42.5,47.9,100,76.3,85.5,7,48.9,47.6,66.3,35.2,96.4,80.3,92.1,99.5,100,67.9,87.6,75.7,87,97.3,39.1,79.7,69.8,80.7,5,98.2,50.6,94.9,59.2,73.9,61.9930204724595,80.1516809563637,35.121635593005
"Goiás",2019,65.7847044835474,16.3690370233224,27.2275200219095,92.7,37.5,55.3,57.5,100,24.4,41.9,79.4,39.3,0.4,50,71.1,23.5,17,44.5,61.2,54.2,59.2,100,99.6,100,83.9,64.7,8,77.8,75.1,28.8,26.3,70,73.4,82.7,76.4,67.9,48.3,67.8,59.1,88.8,81.9,55.3,76.5,74.7,32,5.5,91.7,36.8,69.9,56.5,52.7,63.8760990013454,70.9606189314194,62.8400793370514
"Maranhão",2019,-118.040167320591,26.8434003561628,20.4256747448094,81.8,24.3,6.9,7.8,31.8,21.8,25.2,68.3,34.6,100,100,100,0.2,3.7,11,9.3,38.7,0,84.2,0,10,10.8,7.3,26,62.2,54,53.7,20.1,71.4,63.6,77.4,100,48.9,36.4,43,29,59,81.8,0,36.5,69.9,74.2,2.6,87.3,41.4,97.4,27.4,35,11.8617540535461,74.531325520249,59.7914396463756
"Minas Gerais",2019,78.1327575925239,46.5729572478242,-7.51182372992344,92.6,61.9,74.9,44.7,83.2,44.9,29.5,86.2,47.1,2.3,100,76.3,18.8,15.9,38.2,65.2,62.8,60.6,86.6,78.8,100,72.2,94.5,2,100,83.7,61.9,31.5,94.5,84.7,93.4,31.8,82.4,54,100,75.7,18.9,69.7,46.7,62.5,69.7,67.5,23.4,98.3,21.9,91.7,37.5,29.1,67.370054348848,81.2571241725515,47.2696366299189
"Mato Grosso do Sul",2019,74.4519917615936,14.3968403623637,46.7378321799295,90.9,70.3,87.9,47.4,91.6,36.9,59.4,24.4,7.6,20.6,37.5,63.3,37.4,29.9,42.7,67,89.3,73.1,84.2,99.6,80,51.3,46.5,13,71.1,52.1,57.3,29.9,77.7,79.6,86.9,99.5,76.1,60.3,40.4,44.6,17.6,100,52,88.3,80.5,34.8,2.7,98.8,61,96.6,55.5,70.5,66.3285596820867,70.2882978186245,71.5847522308418
"Mato Grosso",2019,29.399195423815,18.9531236231115,-23.1379031136752,68.9,28.4,61.9,42.4,65.7,25.7,15.5,69.9,46.1,23.8,100,64.6,24.5,33.2,39.1,67,90.9,71.9,49,99.6,80,45.2,32,9,44.4,79.5,57.5,38.6,83.6,77.6,81.3,92.1,51.8,61.6,38.9,43.3,38.1,81.5,48.1,73.7,67.7,91.2,5.6,95.9,31.2,98.6,45.3,46.4,53.5806019842133,71.8415330982064,40.2659069244901
"Pará",2019,-115.383148825139,68.9477794136874,-70.2807048676541,52.9,13.1,45,0,75,12.2,4.3,86.6,100,57.4,100,92.4,0,8,6.1,0,65.6,29.8,0,51.1,50,1,20.6,27,48.9,26,21.8,13.1,89.8,88.1,82.8,99.5,74.6,19.2,48.7,37.1,78.7,67.9,9.6,0,46.4,96.1,7.6,0,0,99.4,26.3,52.5,12.6135732997601,88.8846927791365,19.1361383540834
"Paraíba",2019,-46.5709528387279,90.9087067136313,-27.9516036166508,92.3,48.1,60,37.6,78.5,23.5,12.9,0,92.3,38.2,87.5,88.7,21.1,4.9,10.7,26.3,38.9,25.8,21.5,47.9,100,27.8,48.3,18,71.1,23,53.2,6.2,76.5,59.1,75.3,31.8,57,2.1,81.2,48.4,9.4,41.5,24,92.6,80.6,59.8,1.8,98,62.1,100,52.6,31.5,32.0843949765259,96.3711647789056,38.1083691072445
"Pernambuco",2019,-19.2149987938269,53.2057152674906,-1.09937718498622,93.5,48,56.4,26.2,52.9,5.4,19,28.6,68.9,5.4,0,86.1,19.3,12.6,33,36.4,21.7,21.8,15,88.9,100,49,50.1,15,66.7,56.8,55.1,9.7,84.3,72.5,84,82.3,81.1,35.1,69.7,33.3,78.3,62.3,27,73.7,71.4,72.2,14.2,96.8,86.9,95,46.5,65.4,39.8249254939833,83.5182289299814,50.143744795397
"Piauí",2019,-111.082213473085,57.2654098719046,-29.2202589857476,92.1,32.2,36.1,13.4,56.7,2.2,0.7,56.6,91.1,0.4,44.4,97,13.9,0,0,8.7,31,31,14.4,16.9,100,51.9,31,17,57.8,43.5,58.7,0,0,60,57.8,28.5,69.8,0,40.1,44.1,39.5,95.2,18.5,75.4,63.9,68.8,1.3,73.4,31,79.1,44,0,13.8305486350578,84.9021773201588,37.5397479530646
"Paraná",2019,162.181997370606,-5.67069974941833,21.970729318282,93.1,64.7,100,84.7,87.6,100,100,97.4,66.1,0.8,50,55.5,40.1,32.3,57.7,83.7,82.5,68.4,88,97.2,70,90.3,83.5,4,80,77.8,71.5,17.6,99.7,96.7,96.4,56.8,93.7,66.6,83.4,68.4,9.6,74.9,56.3,57.7,100,36.9,18.9,99.5,46.9,91.5,52.4,100,91.1522885346304,63.4472808115019,60.4839450629288
"Rio de Janeiro",2019,81.3702225695048,-23.8088667930573,-64.4410024140368,92.7,57.1,74.9,41.6,80.6,13.4,30.1,96.5,97.3,0.1,37.5,47.7,58.4,41.2,81,72.8,24.3,48.5,19.3,16.9,0,53.2,94.6,10,51.1,65.4,54.6,1.9,89.7,93.7,95.2,51.5,80.7,100,63.4,51.2,74.3,27,56.4,63.1,51.5,25.8,29.9,100,4.1,86.8,77.8,100,68.2861143923905,57.2639863702109,21.7535381855339
"Rio Grande do Norte",2019,-26.375318860007,31.5910107144131,-0.131639731930813,92.9,54,39.1,33.7,50.4,8.3,18.1,0,74.5,19.4,37.5,84.2,25.3,9.4,32.2,45.1,34.3,44.7,25.9,94.3,100,9.3,60.9,22,66.7,39.9,73.9,40.5,68.6,59.1,77.9,99.5,0,60,48.7,30.5,13.6,49.4,20.6,100,63.1,62.9,2.8,92.6,100,97.4,38,46.9,37.7988701827316,76.1497841366548,50.5774922108919
"Rondônia",2019,-49.1334998829478,-63.4255644616306,47.5877577453711,40.8,0,34.9,0.3,28.8,36.2,24.5,97.4,47.1,17,66.7,76.2,13,16.1,23,37.9,76.2,55,85,40.5,0,51.7,17.1,11,84.4,49.6,12.8,70.8,41.3,41.9,73.4,94.9,93.7,89.4,63.7,62.1,9.7,89.6,26.2,73.4,51.4,76.3,1.1,88.1,67.9,70,47.8,46.9,31.3593069914516,43.7586687773672,71.9656954465966
"Roraima",2019,-79.3295844113793,-180.407290139609,19.4276752022671,0,69.9,34.9,74.3,18.5,0,0,94.4,39.3,12.8,0,65.2,34,18.5,62.6,37,17.2,37.2,100,99.6,0,37.5,22.7,23,0,63.4,12.3,100,2,31.8,0,41.9,26.5,100,0,28.1,49.1,62.5,27.2,51.5,73,86.9,0,88.5,65.7,0,66.5,32.1,22.8151445975389,3.8796417303127,59.3441285281833
"Rio Grande do Sul",2019,123.610039480125,-4.95842828436689,-4.64562044188813,92.9,42.6,74.3,25.2,71.3,98.4,77.6,98.9,95.6,3.4,37.5,54.2,34.1,31.5,56.5,82.4,83.8,82.1,14.4,94.3,50,58.8,85.2,14,55.6,55.7,66.2,29.1,94.4,100,97.7,99.5,62,79.7,98.7,85.1,39.6,35.9,61,60.6,63,0,13,99.1,36.2,77.6,48.5,74.5,80.2381227673064,63.6900938906816,48.5542911243203
"Santa Catarina",2019,164.955843229411,-43.2578279879975,100.882894888426,95,53.7,64.2,29.4,88.1,92.6,85.1,94.9,7.6,1.6,0,56.5,41.6,34.2,61.5,100,100,100,100,99.6,20,78.6,92.4,6,68.9,75.9,100,25.9,86.4,91.5,94.4,100,80.7,96.6,100,65.7,74.5,75,58.3,88.6,88.7,40.2,10.5,99.4,89.7,89.2,46.2,100,91.9371647807872,50.6338426872122,95.8529883495006
"Sergipe",2019,-49.011319470275,-44.0550017139869,70.7823649436103,91.6,53.1,0,26.1,67.6,15.4,27.3,65.8,66.1,4.5,0,90.6,6.5,6.9,7.1,26,15.1,38.5,84.2,80.4,10,10.8,52.7,21,57.8,0,52.1,75.8,45.2,56.1,69.7,100,93.7,100,64.6,26.5,88.1,52,24.5,89.2,71.4,37.4,1.4,86.5,77.8,97.8,35.9,74.8,31.3938786686586,50.3620864586587,82.3616978890887
"São Paulo",2019,193.450860364341,-0.0796882322869702,-18.7100446492991,93.7,89.8,81.7,82.9,87.1,43.3,73.5,81.2,39.3,2.2,11.1,40.6,51.5,46.1,78.3,89.4,44.7,53.2,67.6,100,100,100,100,1,73.3,100,93,17.9,100,99.6,100,100,41.8,100,65.9,100,96.1,41.9,100,53.1,99.5,73.5,100,99.8,88.2,93.4,95.6,86,100,65.3532545712482,42.2505073541175
"Tocantins",2019,-36.3643731227868,-4.73178744710974,17.4032372993241,96.6,54,51,29.2,90.1,11.3,6.1,52.2,7.6,5.1,11.1,80.8,31.1,15.4,36.9,44.3,66.3,48.3,14.4,51.1,50,42,22.4,16,62.2,60.4,46.7,31.8,48.4,39.9,60.6,0,87.4,39,58.9,46.7,51.6,56,29.5,84.7,61.8,44.3,0.8,79.3,44,98.6,32.5,34.1,34.9724076424497,63.7673556683359,58.4367597935549
"Acre",2020,-136.96134127964,-112.544009596884,-30.7670755259598,0,63.0577563672242,45.7,9.2,26.6,2.4,0,86.8,97.3,18.9,11.1,79.6,31.1,3.5,30.1,34.7,34.6,25.7,67.6,51.1,0,0,20.3,20,52.7,15.3,24.3,95.5,47.9,63.9,39,31.8,96.3,100,0,29,100,100,16.4,53.3,0,100,0.2,0,61.4,59.8,0,62,6.50789491868495,27.0142089849883,36.8464528093834
"Alagoas",2020,-48.2397134836164,14.2563987578105,27.8185585704231,65.6878610968963,52.2831700929701,100,11.8,86.5,10.5,13.4,83.3,91.1,54.6,0,93.6,12.1,6.1,15.8,42.7,8.7,11.3,75.7,16.9,50,2.4,48.3,26,39.4,39.1,73.7,66.6,76.9,77,76,95.1,81.9,61.2,70.1,30.5,39.6,49.4,8,84.9,61.8,43.3,2.2,59.5,66.4,64.6,71,67.2,31.6122091892239,70.2404213275397,63.1049873883686
"Amazonas",2020,-78.359385921146,-8.26995496060613,-51.1964617399113,81.3749957742433,57.2263290220973,83.4,16.2,32.6,13.2,14.1,97.6,92,0,77.8,81.2,17.7,17.3,33.8,7.1,29.9,31,51.2,51.1,20,0,16.3,18,56.8,21,22.1,40.7,89.4,92.1,80.8,73.9,94.8,57.7,58.9,44.6,62.8,77.4,25.5,0,72.1,52,6.2,50,48.7,96.5,39.7,8.3,23.0896680526272,62.5611956706954,27.6898438112808
"Amapá",2020,-112.751103524574,-76.1964650366234,-40.4789487359607,100,80.0303334674972,54.9,7.7,0,0,0,99.7,100,14.6,44.4,75.1,32.3,8.3,51.3,35.8,34.8,29.8,14.4,94.3,20,10,21.2,27,60.6,25.5,0,59.3,0,25.6,42.9,96.7,70.6,23.4,0,21.9,39.4,75,22.5,20.6,78.3,94.8,0.4,77.8,100,74,52.6,26.9,13.3583262313855,39.4050734914904,32.4935160793314
"Bahia",2020,-49.1829022038782,6.59254898856557,2.72688409612278,63.8672308833302,40.9542473739292,41.9,45.3,70.6,12.4,3.3,75.5,74.1,36,11.1,89.5,5,6.6,16.6,25.2,0,0,48.8,47.9,20,11.9,35.5,19,41.4,30.5,49.9,15.6,90,89.5,87.8,72.5,91.9,100,48.5,68.4,63.7,54.1,17.4,55.8,75,44.6,14,99.1,56.3,92.9,63.5,61.5,31.3453283098027,67.627817773771,51.8587047119004
"Ceará",2020,-35.6949751195592,51.9623185803298,-32.7853972857505,66.2126389708382,46.1960836538153,54.2,29.9,63.2,7.4,5,85.4,92,54.9,77.8,89.7,13.1,0.1,21.7,23.1,48.7,18.5,25.9,47.9,100,38.3,58.3,17,48.9,35.1,71,41.8,80.9,89.7,85.4,100,86.2,58.1,38.9,23.7,72,72.6,24.6,74.7,58.7,72.4,8.8,91,73.2,75.2,38,90.9,35.1618178039014,83.0943554588891,35.9418253774469
"Distrito Federal",2020,149.812476765424,-91.3160149062708,-73.1523347387731,66.4967615533863,87.1924006349257,19.1,100,85.7,45.3,67.3,100,83.9,5.3,55.6,0,100,100,100,95.5,36.9,68.1,14.4,100,100,90.3,100,8,64.4,55.4,49.9,78.2,73.3,0,91.1,94.9,88,100,24.6,42.4,59,89.6,69.1,100,76.5,23.9,26.1,98.3,84,84.6,63,100,87.6522588309113,34.2508245291291,17.8490516231492
"Espírito Santo",2020,56.8490133621991,50.3937841753881,19.340439067734,62.0277493750295,77.1849100070211,80.8,42.3,77.1,29.4,26,98.5,97.3,36.7,11.1,69.6,26.3,13.8,40.9,62.2,52.1,51.5,73.8,97.2,100,82.6,90.6,14,93.1,52.8,81.8,21.1,76.5,90.2,93,100,92.5,26,40.4,26,88.1,35.6,37.6,70.8,79.4,81.5,4.5,91.7,62.4,96.6,49.4,76.4,61.3476918507177,82.5596426599764,59.3050286175908
"Goiás",2020,72.7452219131284,38.3865031142612,7.99811556901166,64.6234866316789,59.5045809338531,58.3,54.3,100,31.3,40.9,79.6,66.1,5.3,66.7,69.2,19.3,8.9,39,62.4,53.9,67.8,48.8,88.9,100,86.2,89.5,3,76.3,65.6,71.5,28.2,65.8,82.2,78.9,77.4,92.1,63,81.2,45.8,42.9,35.3,45.7,72.7,74.7,29.1,4.4,96.5,44.8,79.4,49.3,46.3,65.8456189637102,78.4663649841419,54.2213114505588
"Maranhão",2020,-114.044597048206,27.7045720571575,19.3267511833656,56.7962616633121,8.85638700032742,16.6,6.8,33,9.8,1.2,72.2,69.6,55.5,11.1,100,0,0.3,13.8,1.8,28.8,9.7,21.5,51.1,20,7.1,31,23,45.5,38.3,62.4,33.1,73.3,80,78.7,79.6,75.2,36.4,54.7,42.4,94.7,22.6,0,43.6,74.1,73.6,2.9,86.5,61.2,96.5,0,56.9,12.9923245164617,74.8248986348281,59.2988936018904
"Minas Gerais",2020,57.4171061477578,59.3075436357381,-51.0796112818636,64.1105347566387,59.1792829335928,76.4,40.5,79,41.8,32.2,88.3,87.5,23.1,88.9,73.5,19.9,12.3,34.1,67.1,53.5,39.1,19.3,65.3,100,78.2,89.7,7,63.6,78.1,65.3,33.6,88.5,88.4,93.6,100,88.4,56,60.7,71.7,62.8,59.5,42.8,66.7,73.7,63.5,16.9,91,19.1,92.2,52.8,42,61.5084370960178,85.5983399654749,27.742217090849
"Mato Grosso do Sul",2020,88.5675433484389,-9.38238154636186,84.7819299506794,65.0170102228806,75.063248629812,90.4,43.4,87.4,37.6,65.1,65.8,0,2.4,0,61.8,27.7,28.5,34.8,67.3,72.3,73.2,88,97.2,30,90.3,58.4,9,63.9,59.8,67,32,80.6,87.6,87.6,98.6,95.1,63.5,54.4,59.1,18.9,49.4,37.6,85.2,72,37.2,2.2,100,45.4,96.5,48.5,85.2,70.3226392762175,62.1819698587653,88.636411263772
"Mato Grosso",2020,50.6758983073462,-9.81143986243386,-5.17715860744611,46.00184096738,38.4176901104036,71.1,37.5,66.8,28.6,21.1,83.5,75,21.7,100,62.8,24.3,21.4,32.4,60.3,73.7,68.2,84.2,99.6,30,78.2,76,5,66.7,76.6,75.3,59.9,77.9,86.1,81.5,94.9,88.3,84.4,22.9,64.7,18.9,95.2,37.2,71.7,71.4,91.4,4.9,100,27.4,99.2,47.2,70.4,59.6009720912301,62.0357040373968,48.3160516050997
"Pará",2020,-108.802872466156,80.0315665628813,-53.844931190772,37.0932669182519,7.13237647139734,18.6,1.2,80.3,7.8,2.9,90.9,91.1,41.3,88.9,88.6,2.2,1.9,7.1,0,69,41.9,15,40.5,70,2.4,18.8,25,72.7,25.5,28.8,4.2,88.5,93,82.9,19.8,94,0,47.3,66.4,100,51.7,8.6,21.5,45.7,93.8,8.1,49.5,23.6,100,6.8,52.4,14.4755017810846,92.6631517217174,26.5027793076791
"Paraíba",2020,-55.3164453886194,61.2762099761336,-22.9182673394518,65.4915101453315,27.9436107946978,80.2,36,77.4,19,12.9,24.4,96.4,75.2,66.7,83.3,19.4,0,13,33.6,37.9,29.4,21.5,51.1,80,1,22.7,22,41.7,0,56.6,38.9,75,75.4,76.4,96.7,96.9,59.4,67.8,41.1,46.4,81.5,24.9,89.2,88.2,58.6,1.6,99,67.3,97.6,58.9,42.3,29.609805647215,86.2694575932945,40.3643493781937
"Pernambuco",2020,-41.628133074297,43.0126836849743,-11.57593404432,65.8584946312454,24.9738426687755,91,24.9,52.7,6.5,10.1,92.4,93.8,37.9,11.1,86.4,12.2,7.6,26.6,35.1,21.7,28,21.5,40.5,100,42,29,18,58.3,48.2,70.1,67.6,78.9,82.5,84.8,92.1,100,54,43,21.9,91.7,21.1,21.5,68.2,67.7,70.9,10.7,94.4,71.3,91.7,37.9,65.7,33.4829953384826,80.0434282308568,45.4480709360522
"Piauí",2020,-111.878946457901,51.4722109540412,8.75692015409938,63.1577353692294,31.7430341704318,48.4,11.8,63.3,4.7,0.7,69.9,66.1,12.3,0,96.9,12.5,1.9,0,8.2,51.1,41.9,21.5,47.9,100,39.6,3.3,23,71.1,5.8,62,15.1,21.6,78.5,60.7,44.6,88.1,14.7,40.1,27,86.9,82.3,22.4,59.8,66.7,70,1.2,57.4,50,78.3,46.2,0,13.6051082803506,82.9272779502316,54.5614135377605
"Paraná",2020,150.463872957973,-14.3069675280998,14.0041546074814,64.5604504626839,62.6959702713853,94.8,77.1,86.5,99,100,95.5,95.5,19,11.1,55,42,24.4,54.2,87.8,76.4,59.2,86.6,95.9,100,86.2,92.4,5,45.5,73.5,76.8,45,98.2,99.6,94.8,99.2,87.2,100,48.7,71.7,21.8,95.3,50.7,64.3,100,38.2,14.3,91.2,56.5,93.4,55.4,100,87.836575272557,60.503180317723,56.9132646265701
"Rio de Janeiro",2020,65.352785274832,-44.5155569034962,-98.59937546743,65.0456698917135,100,85.4,45.9,59.4,15,36.4,99.4,94.6,18.8,55.6,37,56.4,46.6,81.3,74.9,18.3,52.7,14.4,51.1,20,19.7,95.2,18,38.9,71.1,26.4,32.9,92.5,97.5,96.1,56.8,82.2,100,61,64.3,92.5,56.6,49,71.1,49.5,33.7,25.5,71.1,0,88.7,6.8,100,63.7538848825963,50.2050833647766,6.44349104140344
"Rio Grande do Norte",2020,-70.7877296071711,27.9446648816256,-15.3330542780913,65.9299363861362,51.2500049145379,44,29.9,49.3,13.8,11.1,0,89.3,100,0,80.1,31.5,5.6,36.1,50.1,29.3,5.4,14.4,40.5,100,7.1,35.5,19,87.9,0,75.3,81.7,62.6,77.1,78.2,82.3,86.4,100,45.8,20.9,70.3,81.5,22.5,83.4,61.4,63.3,2.5,99.8,86.3,99.6,21.1,41.9,25.2321134109511,74.9067461899508,43.7641005720278
"Rondônia",2020,-72.2236027952957,-60.3321188185792,3.35706942252755,22.3934333256547,0,65.5,0,31.9,37.6,30,82.9,84.8,26.1,66.7,77,8.3,4.7,14.4,34.4,68.7,52.7,57.8,16.9,0,51.3,30.3,13,46.6,23,12.3,90.3,57.6,71.4,73.4,92.1,96.8,100,0,21.9,72.7,49.9,23.4,65.9,56.8,79.3,0.7,72.2,69.4,69.3,21.1,77.5,24.8258245199245,44.8132232537427,52.1411586520139
"Roraima",2020,-45.2122079217875,-143.555869097162,-43.1314197225688,81.2160323802459,69.5062538209153,77.2,68.1,30,0,0,97.1,94.6,21.1,44.4,62.3,34.3,13.9,63.1,43,25.2,35.7,84.2,47.9,0,27.8,60.9,21,0,100,26.4,100,34.3,57,0,0,0,80.7,64,64.7,67,95.2,15.4,73.1,71,89.9,0,94.4,67.7,0,66.9,22,32.46885996275,16.4422775433592,31.3046580564411
"Rio Grande do Sul",2020,100.873913216739,-20.6878304973856,-4.31027316584759,65.5174348484273,50.3029987558664,79.2,22.9,71.3,100,79,94.9,96.4,15.2,0,53.4,32.5,24.3,52.1,85.5,78.4,82.1,15,56.9,50,97.1,100,10,41.7,30.9,26.4,28.7,99,100,98.3,94.5,91.8,88.9,79.9,64.3,86.9,38.6,61.4,79.3,61.5,0,10.2,49.8,37.7,80.4,8.2,82.8,73.8048001019135,58.3279464898671,48.7045963685956
"Santa Catarina",2020,123.546814909288,-24.0629276653741,40.6513271134363,64.5071387991392,58.4445352636541,93.9,27.1,86.6,90.7,84.5,94.4,99.1,34.7,0,54.4,42.3,22.8,57.7,100,100,72.6,86.6,59,70,45.2,90.6,12,90.9,34.4,65.3,72.8,86.9,94,95.4,84.5,99.3,100,98.7,64.3,39.5,86.8,53.8,91.3,76.9,46.6,8.9,91.7,88.5,92.3,59.2,100,80.2202329975247,57.1773771127392,68.8567335583675
"Sergipe",2020,-60.8983300290592,-38.7291023175956,66.7859515550345,63.906380418647,48.9083456333916,0,22.7,60.7,28.4,26.4,81.3,92.9,49.4,0,86.3,9.2,3,14.9,24.7,10.9,17.3,100,16.9,10,77.3,64.7,9,85.3,5.8,75.2,79.9,40,73.4,69.8,75.2,81.8,84.8,47.3,11.5,42.9,55.5,26.2,94.7,64.5,44.1,1,33.3,77.1,95,32.2,71,28.030378063248,52.1776835944305,80.5704744812615
"São Paulo",2020,162.953087085635,26.1480541103099,-97.9095753287377,65.8253910762172,94.1692447395139,91.2,77.1,85.7,38.4,71.5,99.9,97.3,6.4,100,34.7,54.1,40.6,76.2,91.5,43.6,65.8,15,97.2,100,42,100,3,65.2,54.2,66.3,0,100,99.8,100,92.1,80.1,73,100,68.4,45.8,65.5,100,42.9,95.1,80.8,100,97,82.9,91.4,100,90.4,91.3704729730557,74.2942822420384,6.75266480172566
"Tocantins",2020,-29.2128468017024,19.5631616731003,21.3237427826758,54.7670583988399,49.2391547803664,49.4,25.6,86.8,5.9,0.3,81.2,39.3,16.8,11.1,80.3,30.8,6.7,34.1,47.9,59.8,46.4,15,53.9,70,51.3,39.7,14,63.8,56.1,67.3,38.4,45.8,51.2,59.9,40.3,83.6,41.3,71.7,29,62.8,27,19.2,88.9,62.9,43.6,0.9,79.3,36.7,99.2,42.9,30.2,36.9959747110262,72.0494948439768,60.1939606908316
"Acre",2021,-102.944697749427,-86.8250535930702,-26.6466171780172,0,35.2,26.8,7.8,49.3,29.4,14.1,94.1,99.3,54.6,62.5,77.4,34.3,4.1,25.5,39.8,32.1,12.9,21.5,16.9,0,42.1,44.6,18,53.5,48.2,71,90.3,42.1,25.8,42.5,44.6,64.2,100,39.6,20.9,73.5,51.7,10.1,89.8,0,56.1,0.2,0,57.2,56.9,0,70.3,16.1331072916442,35.7817915809352,38.6932741279462
"Alagoas",2021,-12.2752895187279,11.1711752181094,45.5534447747658,65.7,54,50.1,35.1,86.8,5.7,40.9,92.7,96.4,19,37.5,93.2,12.1,5.9,7.8,37.3,15,3.4,88,99.6,70,65,58.4,16,52.7,52.1,67,67.6,66,53.7,76.9,15.3,68.6,14.7,54.7,37.2,0,1.4,8.9,100,64.6,33.7,3.6,99.1,48.9,61.4,82,95.2,41.7885576648086,69.1886697631574,71.0539006302217
"Amazonas",2021,-54.4814132158212,-2.90827496821425,-23.1905375307751,81.4,59,71,41.6,49.3,29.4,0,98.5,66.1,16.4,75,88.9,17.7,18.2,29.2,4.6,34.1,30.5,100,47.9,50,10,41.5,20,59.5,62.3,64.2,49.9,90.1,76.8,77.9,41.9,94.6,67.9,51.4,64.7,55.8,69.3,13.5,0,86,73.9,6.8,59.5,42,91.8,15.3,10.3,29.8460829858154,64.3889903984193,40.2423157714237
"Amapá",2021,-118.294347924208,-80.7721714979595,-5.11104263007841,100,51.8,27.6,32.6,28.8,13.8,25.2,100,84.8,54.9,37.5,75.2,34.9,7,50.2,30.1,22.1,28,53.7,51.1,50,2.4,15.2,27,58.4,0,0,95.5,0,0.9,46.2,31.5,29.8,35.1,78.3,0,92.5,23.9,12.2,15,86.5,79.5,0.3,82.1,96.8,70.4,37.2,28.5,11.7898321342442,37.8452168500068,48.345685297808
"Bahia",2021,-33.7047706316129,47.8092402299531,33.8439572630949,63.9,24,85.9,32.6,83.2,23.5,30.1,86.2,87.5,26.1,0,96.3,0.4,7.3,6.3,17.9,3.1,29.4,85,100,70,19.7,32,23,37.1,39,68.2,17.5,90.9,73.4,87.3,94.5,91.6,23.4,95.9,39.3,88.9,69.9,19,43.9,74.8,94.8,18.4,57.4,53.5,89.5,60.7,81.6,35.72495804568,81.6785725842277,65.805617711212
"Ceará",2021,-12.698261644082,79.8003064078389,18.2760256800711,66.2,29.9,0,22.9,83.2,6.2,30.1,86.6,92.9,12.3,87.5,91.2,9.4,2.3,17.7,21.4,45,16.9,84.2,47.9,100,72.2,49.6,2,76.3,87.1,94.9,11.8,82.7,78.5,85.5,44.6,65.4,0,54.7,27,35.4,0,28.7,75.4,63.9,70,8.7,83.4,53,81.6,57.7,92.9,41.6688751767125,92.5843152203374,58.8279503000582
"Distrito Federal",2021,126.146712141361,-96.2223247730893,-87.5578381754738,66.5,75.063248629812,60,82.9,91,4.7,40.9,99.9,93.8,0.1,50,0,100,100,100,86,41.1,70.1,14.4,100,80,91.4,85.5,5,71.6,91.8,73.4,95.5,75,0,92.2,44.6,75.1,100,0,30.1,70.3,36,59.3,72.2,66.7,56.2,23.1,94.4,76.8,73.4,78.9,100,80.9558894412402,32.578265308908,11.3923935028669
"Espírito Santo",2021,97.5280954910681,33.8131094010689,68.296489497686,62,22,55.3,27.2,83.2,99,79,99.6,99.3,36.7,0,68.1,21.8,17.4,35.2,63,60.9,51.5,100,94.3,100,100,98,8,74.2,63.3,82.4,45,94.1,78,93.5,100,93.1,41.3,82.1,66.4,17.3,49.9,36.8,68.2,81.5,34.8,4.8,97.6,45.4,92.3,64.3,74.8,72.8580810012418,76.9072967576457,81.2475092767667
"Goiás",2021,45.8711181418494,37.3534129787735,-1.82208146457136,64.6,58.4445352636541,85.4,45.1,100,2.4,2.9,90.7,39.3,36,100,68.5,25.8,10.4,38.1,58.6,59.8,67.5,85,94.3,100,77.3,67.6,7,68.9,92.9,62,26.3,64.1,56.3,79.8,89.3,93.2,47.6,79.9,39.3,69.2,97.5,38.8,68.6,70,93.8,4.4,95.3,36.2,72.1,57.5,54.1,58.2414308579155,78.1141849387853,49.8198231444911
"Maranhão",2021,-76.0919494380361,31.6910692235412,59.0836623199632,56.8,7.1,19.1,11.8,40,37.6,25.2,89.2,66.1,54.6,37.5,100,0,0.3,10,2.6,28.5,0,85,100,70,49,17.8,26,68.8,66.4,73.1,11.8,67.9,52.6,79.3,100,60.8,23.4,43.4,32.9,27.4,65.5,0,35.7,80.4,43,2.4,71.1,55.5,65.2,40.2,63.8,23.7312527425671,76.1838940454348,77.1182488403522
"Minas Gerais",2021,47.6964952487594,67.7203551279602,-0.0188511442494632,64.1,0,23.9,29.4,100,43.3,40.9,90.3,92.9,0.4,75,74,26,15.7,31.5,63.4,57.1,55.4,84.2,47.9,100,62.2,84.1,3,100,81.4,76.2,23.4,87.2,79.6,94.3,31.5,56.3,0,91.2,63.4,73.3,55.5,42.3,63.4,74.9,73.3,21.7,82.1,32.9,87.6,51.8,63.4,58.7579322081778,88.4662642937894,50.6280449287283
"Mato Grosso do Sul",2021,74.7028577931546,-24.6130042826948,50.1364157899235,65,66.9,74.9,32.6,80.6,45.3,67.3,83.2,39.3,0.4,37.5,61.8,34.5,25.9,36.2,71.4,78.3,68.2,86.6,99.6,20,84.1,64.7,13,75.3,61.4,65.6,38.9,76.6,69.8,88.1,77,90.9,57.7,56.3,38.3,69.9,86.8,30,84.4,83.3,73.3,2.2,89.3,36.6,90.6,67.1,85.5,66.3995437234367,56.9898561972035,73.1080237054798
"Mato Grosso",2021,45.6730639433852,28.8870938551027,35.1343829837583,46,43.3,74.9,25.3,90.1,0,29.5,93.1,39.3,41.3,100,65,28.9,24.7,30.5,62.8,82.5,65.8,86.6,99.6,20,65,58.4,10,66.4,78.1,73.8,32.6,77.2,72.2,80.9,92.1,69.3,0,61,27.3,37.6,49.5,37.5,84.3,72.6,81.3,6.3,99,20.7,89.9,64.6,91.9,58.1853902400373,75.2280198786864,66.3839965054383
"Pará",2021,-93.0245126136238,87.6179714571511,-16.6992461430619,37.1,0,51.6,0,59.4,4.7,19,96,93.8,55.5,87.5,89.2,5,6.5,5.9,0,51,28.4,69.5,40.5,100,31.1,8.6,25,67.2,39.1,70.6,38.4,86.4,81.3,83.3,92.1,81.7,0,54.4,26,100,56,5,20.6,57.3,100,9.5,50,21.8,91.4,39.1,58,18.9400829012856,95.2493543462307,43.1517628055911
"Paraíba",2021,-20.4320970817511,29.0646785428873,73.1309071259371,65.5,48.9083456333916,56.4,43.3,90.5,44.9,25.2,24.4,7.6,54.6,50,90.2,16.9,2,3.2,26.2,35.4,11.3,64.3,97.2,30,19.7,32,17,68.8,50.6,64.2,33.5,77.5,32.5,78.7,99.2,87.7,41.3,79.9,47.2,32.2,30,33.3,81.8,87.9,35,2.5,99.8,62.9,96.6,58.2,53.8,39.4805402670978,75.2885584331166,83.4143326698845
"Pernambuco",2021,-42.8454336511208,67.7052417139311,-15.4629368991224,65.9,32.2,81.7,8.5,50.4,4.7,12.9,88.4,93.8,12.8,50,90,11,10.4,14.7,26.6,0,16.4,25.9,47.9,80,45.2,48.8,14,53.6,70,70.1,27.1,83.7,63.6,86.3,99.2,94,0,70.1,21.9,60.1,34,21.2,66.3,73.2,79.5,20.4,89.3,57.9,87.6,45.4,70.8,33.1385528727453,88.4611121365328,43.7058861761583
"Piauí",2021,-67.7716312764985,26.4710269441694,71.0314240420637,63.2,37.5,56.4,0,89.3,5.7,0,85,39.3,21.1,0,96.5,12.9,0,0,11.1,43.9,37,85,40.5,80,30.7,52.7,15,75,56.9,100,65.5,15,55.6,65.3,100,65.8,48.3,34.6,16.3,45.3,62.2,16,81.9,59.1,59.8,1.2,73.4,56.5,74.5,66.6,0,26.0855364403181,74.40438356173,82.4733281044106
"Paraná",2021,90.8885739030006,69.3053892660128,-6.5603778352003,64.6,44.2,78.7,26.1,100,36.9,41.9,97.8,93.8,15.2,37.5,56.3,43.3,26.8,49.2,82.4,80,77.7,84.2,16.9,100,54.3,80.7,6,85.3,86.5,61.2,9.9,99.9,99.4,95.3,92.1,89.6,0,94.8,56,72,79.7,50.3,39.2,100,99.4,13.4,99.5,47.8,90.3,66.9,100,70.9793887286419,89.0066018456213,47.6960820428936
"Rio de Janeiro",2021,58.3243738537179,15.6354997292516,-90.1688014922757,65,69.5062538209153,64.8,39.4,75.2,5.7,30,99.9,99.3,26.1,50,42.1,56.4,43.3,72.5,68.5,21,46.6,0,16.9,50,90.3,80.7,11,56.8,71.7,63.8,9.6,90.2,87.5,93.6,18.6,88.2,41.3,57.1,64.3,83.2,35.6,45.2,49,59.6,70,24.9,100,0,87.6,57.8,100,61.7651539099867,70.7105563389868,10.2221395387993
"Rio Grande do Norte",2021,-37.490981951603,72.9971282290371,-9.13670953828519,65.9,69.5062538209153,90.4,0.3,81.2,0,27.3,0,47.1,55.5,50,83.1,29,4.6,26.1,45.9,35.3,36.1,0,80.9,80,0,64.7,21,67.9,43.2,81.8,32,67.7,51.2,79,92.1,70.3,0,54.7,21.9,7,90.9,24.4,88.1,56,93.8,3.5,100,73.7,100,50.8,51,34.6536269482588,90.2651142936457,46.5413502360979
"Rondônia",2021,-28.1770802863805,-79.7222185785711,56.0098984123711,22.4,18.2,34,6.6,40,54.3,41.9,91.9,47.1,0,62.5,78.4,9.9,8.5,16.6,38.3,76,50.8,86.6,81.9,0,77.3,32,12,58.6,65.6,33.7,63.3,60.8,30.5,73,56.8,75.1,88.9,47.3,40.5,72.8,47.5,18.7,79.2,61.8,95,0.9,63.8,84.8,65.9,43.7,78,37.2890510302674,38.2031454121627,75.7405640700148
"Roraima",2021,-56.5280258714248,-179.171725438221,43.8274313730326,81.2,18.7,6.9,51.1,13.1,43.3,40.9,98.9,68.9,0.8,0,74.6,38.1,13.5,54.9,36.6,54.5,34.1,88,97.2,0,100,45.9,24,0,43.3,36.9,100,34.1,11.2,0,15.3,0,63.5,39.6,17.8,61.7,100,10.3,71.1,73.5,89.9,0,49.5,100,0,66.5,78.2,29.2669817162303,4.30084528034997,70.280288066455
"Rio Grande do Sul",2021,127.215037934327,-13.2992568356624,20.7044654271689,65.5,77.1849100070211,83.4,44.6,98.7,100,71.5,96.5,68.9,26.1,37.5,52,35.5,26.8,50.7,85.6,77.2,74.3,88,16.9,30,53.2,95.9,9,78,73.5,76.6,29.9,96.3,100,98.6,79.6,84.4,100,100,69.6,63.7,40.1,51.5,52.3,65.6,34.8,12,98.9,27.3,77.1,51.9,85.9,81.2581786024761,60.846708520324,59.9163957876882
"Santa Catarina",2021,146.168181542324,14.7378035584043,28.8018653647785,64.5,40.7,100,25.3,83.2,90.7,72.8,98.1,96.4,2.2,37.5,51,39.7,26.1,51.9,100,100,100,100,100,100,77.3,91,4,72.8,89.4,92.6,5.5,86.6,86.1,96,82.3,94.8,63,88.7,46.5,62.8,97.1,53.7,73.1,86,86.9,10.1,100,72.8,85.4,49.4,100,86.6210837403723,70.4045320461344,63.5457131031207
"Sergipe",2021,-54.5247229024295,9.89655074397732,94.2197691646404,63.9,51.2500049145379,0,22.7,72.2,13.8,25.2,86.3,39.3,54.9,0,87.7,6.6,3.9,5.6,21.6,14.2,13.5,88,65.3,20,62.5,35.5,22,89,43.3,73.7,26.3,36.5,41.1,72.3,99.2,85.8,14.7,58.2,44.1,75.2,35.6,20.9,79.4,69,58.6,1.4,86.2,66.2,90.3,39.7,80.4,29.8338282514222,68.7541507510283,92.8665238361303
"São Paulo",2021,149.928834592076,43.543813806662,-80.9926560020282,65.8,34.4,85.9,80.3,87.1,13.8,67.3,100,99.6,0.4,87.5,42.6,55.9,40.9,71.3,88.9,45,58.5,49,97.2,100,63.8,67.6,1,93.3,100,76,9.7,100,97.6,100,99.2,63.3,36.4,71.7,100,92.8,58.7,100,31.1,97.7,93.6,100,95.3,66.4,87.7,100,92.9,87.6851829726416,80.2244902930339,14.3349589590186
"Tocantins",2021,-21.2111679792909,-20.31008187979,19.0062443508419,54.8,52.2831700929701,74.9,29.5,90.5,28.4,11.1,93.1,68.1,0.1,0,75.7,32.4,8.9,33.2,47.7,45.3,46.4,86.6,16.9,100,58.8,40,19,65.2,87.3,39.2,81.7,46.3,1.7,63.3,18.6,100,63,60.7,43.9,86.9,22.6,14.6,79.7,67.3,91.4,0.5,81.3,35,97,58,44.7,39.2600975054317,58.4567208539891,59.1552399592451
"Acre",2022,-98.5580701528666,-116.459849268238,-33.0932416661106,0,89.8,19.1,32.6,28.7,43.3,36.4,83.6,93.3,18.9,62.5,77.7,33.8,4.7,24.1,41.3,31.5,9.7,19.3,97.2,0,42.4,17.7,24,72.4,16.4,26.4,74.9,43.5,28.2,41.9,31.8,93.7,88.9,0,33.4,42.8,82.3,21.3,85.9,0,68.8,0.1,0,64.3,59.1,5.9,85.2,17.3743297591246,25.679300688322,35.8038471438524
"Alagoas",2022,-51.4741776270441,47.9663008121327,18.8103336162383,35.1,34.4,34.7,9.2,76.1,5.7,36.4,52.2,92.3,37.9,37.5,94.7,4.7,6.6,6.6,44.8,36.8,2,42.5,62.1,50,57.4,39.7,23,75.9,45.7,65.3,52,78.5,61.4,78.5,99.2,94,2.1,12.9,36.2,83.4,22.6,11.4,73.3,74.1,82.8,3.1,88.9,48.7,63.8,82.6,85.5,30.6969982494508,81.732114478643,59.0674312519003
"Amazonas",2022,-87.8008604380128,-40.000793560593,-67.9384070201931,67.9,26.8,55.3,57.5,0,44.9,0.7,95.8,68.9,0.4,100,86.8,22,18.9,37.4,11.5,40.7,26.7,21.5,79.4,50,17.7,0,17,53.4,38.3,22.1,38.4,86.1,81.8,79.5,18.6,65.8,100,24.6,23.7,55.1,77.4,17.7,32.2,75.3,43,5.6,33.3,42.5,95.3,0,10.3,20.4181464706107,51.7441645197111,20.1859743756694
"Amapá",2022,-93.8369377200518,-40.1663575423711,10.1532545117411,61.4,39.2,30.4,25.3,32.6,44.9,30,100,94.5,55.5,37.5,77.8,30,3.3,40.8,36.1,26.2,17.6,25.9,80.4,50,51.7,9.5,22,72.4,0,0,18.2,0,1.8,48.7,89.3,100,0,68.5,0,3.1,98.5,28.6,0,89.2,67.5,0.3,77.8,100,73.2,46.7,84.2,18.7102023670833,51.6877238195156,55.1872614026763
"Bahia",2022,-67.5291805820428,100.727191099999,-3.05953079543676,56.7962616633121,49.3,78,6.8,87.3,6.5,2.7,60.5,68.1,23.1,0,97.6,1.3,4.6,0.8,23.4,0,27.4,14.4,40.5,100,17.7,39.9,26,55.2,19.5,64.5,18.2,93.1,74.9,88.3,99.2,94,2.1,83.3,41.8,72.7,31.9,21.9,41.2,53.8,82.8,16.6,72.2,46.8,93,52.8,41.9,26.1541393117929,99.7182824772962,49.2651887781409
"Ceará",2022,-25.2335353763274,53.5905714733241,14.3547906592541,59.9,9.6,0,8.5,77.4,19,36.4,71.2,95.6,36,87.5,95,9.6,1.8,17.4,24.6,52,16.4,49.3,51.1,50,65,45.9,10,72.4,76.6,75.2,20.4,82.9,77.2,84.3,82.3,53.4,35.1,41.3,45.8,31.6,2.6,27.4,82,52.5,18.3,9.9,72.2,44,90.3,44.2,77.5,38.1219446361118,83.6494262683068,57.0704224184438
"Distrito Federal",2022,134.930370465356,-106.554849798419,-39.0904755274137,89.7,53.7,52.5,68.1,100,23.5,65.1,100,74.5,12.9,50,0,100,100,100,89.6,35.5,81.9,70.3,65.3,30,97.1,91,1,72.4,79.3,61.1,74.9,75.9,0,92.3,37.5,75.1,84.4,58.9,25.1,100,79.2,66,72.1,71.1,34.8,21.3,100,72.5,86.4,69.5,84.2,83.441278004191,29.0559113466852,33.1158405163879
"Espírito Santo",2022,52.8751291653685,-17.7875343753844,-21.3386991320353,63.1577353692294,72.9,44,25.6,66.8,98.4,41.9,97.4,100,21.7,100,64.8,27.1,20.8,33.7,65,65,67.8,48.8,88.9,50,0,84.1,16,55.2,40.2,73.9,67.6,93.2,82.1,93.9,73.9,62,100,56.6,61,3.9,64.5,40.9,74.4,82.5,37.3,4.8,100,58,98.2,57.6,26.9,60.2232575923504,59.3166563659048,41.0723240725714
"Goiás",2022,35.5363474955822,43.4277871616251,13.9609248861425,100,77.1849100070211,72,25.2,80.6,28.4,32.2,79.2,47.1,54.9,100,67.3,26.7,11.7,38.1,65.4,71.9,71.1,100,88.6,100,7.1,56.8,21,55.2,73,47.5,40.7,66.9,61.2,80.5,99.2,26.5,0,97.9,36.1,59.8,56.6,40.5,77,83.2,89.9,5.2,100,41.2,80,61.2,62,55.3171458029307,80.1849368526243,56.8938887309239
"Maranhão",2022,-89.46046710883,50.621298313819,49.7243171663966,46.00184096738,18.6,24.1,0,28.2,37.6,26,78.7,34.6,16.8,37.5,100,4.5,0,9,7.4,43.6,0,53.7,61.1,100,90.3,14.4,14,82.8,42.6,70.1,9.9,74.6,54.2,80.7,37.5,99.3,0,12.2,20.1,0,31.9,0,32.4,71.9,43,2.5,83.3,71.4,73.5,23.9,46.9,19.9485508549231,82.637202145678,72.923317913305
"Minas Gerais",2022,54.9887148049094,56.1760393304484,-15.2843008719215,65.5,100,44.8,25.6,87.1,24.4,40.9,79.4,85.9,0.1,87.5,75.4,18.7,16.4,29.2,67.7,71.4,65.7,84.2,81.9,100,0,100,16,93.1,75.4,65.9,49.9,86.6,80.5,94.9,99.2,69.3,19.2,84.7,71.7,84.1,41.4,43.4,55.4,81,99.4,22.6,88.9,60.3,90.7,43.7,51,60.8213092675825,84.5308113052089,43.7859522259614
"Mato Grosso do Sul",2022,59.4492305683249,-19.4461561140396,59.3664747864974,54.8,45.7,74.9,35.1,88.4,24.4,40.9,68.3,7.6,17,37.5,54.9,36.7,34.2,42.6,78.9,90.2,73.2,84.2,94.3,20,78.6,49.6,7,75.9,41.8,66.9,45,76.7,73.1,89.7,31.8,96.9,63,45.8,17.6,45.8,59.5,35.6,82.1,96.5,46.6,2.4,94.4,30.1,94.6,66,65.7,62.0834388330017,58.7512328282256,77.2450075764553
"Mato Grosso",2022,32.5872924428144,44.4227021149372,1.67066243877735,62.0277493750295,24,44.4,29,93.5,6.5,30.1,83.1,46.1,75.2,100,56.5,16.1,43.7,25.2,71.5,96.3,67.3,67.6,95.9,70,90.3,41,5,37.9,77.7,62.4,34,82.8,79.3,83.8,100,29.8,0,48.5,29.2,50.7,100,40.9,56.6,78.2,100,6.5,88.9,31.3,96.5,50.9,73.9,54.4826930693085,80.5241029924869,51.3852979912895
"Pará",2022,-92.8543549101338,65.3935442122303,-12.266831483695,46.00184096738,9.6,41.9,27.2,51.5,1.4,0.7,91.2,81,34.7,100,89.7,0,12.2,0,0,50.5,39.1,86.6,56.9,100,42.1,16.3,21,58.6,21.5,35.2,32.6,92.2,80.8,82,69.6,70.6,14.7,24.2,21.9,21.8,41,6.4,39.7,46.6,82.8,8.7,50,24.3,98.4,29.5,53.3,18.9882300393632,87.6730553126089,45.1384053570724
"Paraíba",2022,-37.613782769121,-6.88957741306872,30.1670561890042,62.0277493750295,26.8,0,11.4,63.3,92.6,71.5,28.6,95.1,38.2,50,89.9,13.1,0.7,0.7,28,30.3,7.3,33.2,47.9,20,100,49.3,14,44.8,34.4,54.7,40.5,77.5,0.9,79.7,94.9,99.3,54,48.4,59.7,67,63.8,21,90.7,88.7,67.5,2,88.9,76.9,99.9,58.9,51,34.6188797237969,63.0317658664619,64.1576021953488
"Pernambuco",2022,-34.5491128631778,65.3916122933778,-25.4218233790186,100,32.5,34,37.5,72.2,5.7,18.1,85.2,93.8,12.3,50,93.3,15.4,4.5,19.9,29.7,10.5,18.5,15,59,100,82.6,54.1,15,41.4,34.4,55.5,1.9,83.4,58.5,84.1,34,81.7,2.1,50.9,28.6,94.7,0,23.8,77.5,65,72.7,16.6,83.3,59.7,93.4,49.4,80.4,35.4860463703687,87.6723967221861,39.2422361869762
"Piauí",2022,-92.7600395601612,-20.6210627095327,5.00110835486414,0,80.0303334674972,79.2,6.6,52.7,13.4,30.1,56.6,58.8,0.1,75,91.7,24.5,4.3,3.3,17.6,45.9,31.8,88,0,50,2.4,35.5,21,87.9,29.7,69.3,100,24.4,51.7,67.7,91.2,93.7,84.8,7.7,33.4,45.5,54.1,11,65.3,50,86.9,1.6,55.6,62,77.4,49.4,10.3,19.0149171307193,58.3507076040687,52.8780296242208
"Paraná",2022,81.6033673414096,48.8525035696243,-15.0521530106409,92.1,49.2391547803664,93.9,16.5,100,45.3,40.9,97.6,99.1,57.4,50,56.1,35.5,28,44,84.9,83,72.6,64.3,88.9,100,0,76,18,55.2,76.6,76.8,38.4,100,100,95.5,100,26.5,23.4,83.3,61.7,26.2,95.3,48.4,48.3,90.6,70.9,17.1,94.4,68.4,90.7,63,76.4,68.3520840975214,82.0342206711304,43.8900026939114
"Rio de Janeiro",2022,94.8451918914584,-0.553276974804152,-65.8856251166954,94.5,34.4,57.6,80.5,87.1,0,40.9,99.3,98.4,19.4,50,45.1,53.2,40.5,75.6,69.7,22.5,49.2,0,78.8,30,90.3,86.1,5,46.6,71.1,78.9,23.4,84.6,84.7,95.5,94.9,81.1,73,64,65.5,86.9,52.2,55,55.1,66,29.1,26.9,94.4,0,91.9,58.9,100,72.0989374102675,65.191808343963,21.1060471106923
"Rio Grande do Norte",2022,-45.2611076224741,-2.71162506168344,9.62717897165482,46.7,34.5,73.5,16.2,49.3,36.2,30,0,90.1,36.7,50,85.7,20.1,6.7,23.2,47.6,32.5,18.2,57.8,53.9,30,37.5,58.3,14,100,27.3,69.6,67.5,61.6,44.5,78.8,100,94,84.8,21.8,12.6,42.9,94,27.8,100,52.6,91.4,3.1,94.4,68.5,100,51.7,53.3,32.4550235004998,64.4560282788736,54.9514702744658
"Rondônia",2022,-5.59394800200392,-70.6960480986774,26.4809463919833,65.8,24.3,46.9,5.6,52.7,98.4,40.9,83.2,74.3,0,75,74.7,17.7,13.3,13.9,36.4,90.6,60.1,69.5,100,20,39.6,27.1,16,46.6,73,24.3,34,78.9,40.8,73.8,47.9,41.8,100,33,41.1,50.3,21.1,34.9,63.6,47.6,66.3,1.2,72.2,95.5,68.5,51.8,74.5,43.6790831358951,41.2801635926763,62.5054592586048
"Roraima",2022,-43.517579787816,-191.78788836957,31.7102837918369,66.2126389708382,39.2,70.5,47.4,18.7,90.7,25.2,97.9,86.1,0.8,0,74.4,24.6,16.2,54,39.9,80.3,29,85,91.7,0,82.6,40,20,0,59.8,31.2,95.5,21.2,14.2,0,0,68.6,100,0,18.3,49.8,83.7,20.6,82.1,46.3,73.5,0,72.2,97.6,0,55.4,80.4,32.9483651105221,0,64.8492887495228
"Rio Grande do Sul",2022,81.197868452878,17.94222134911,-31.3779864206354,52.9,77.1849100070211,34,43.4,88.4,41.8,30,90.6,99.1,57.4,100,52.8,29,28.4,46.5,84,80.7,83.6,63.5,86.4,70,7.1,81.3,20,100,44.9,77.6,67.5,97.9,99.6,98.5,99.5,65.4,88.9,100,77.9,65.9,78.1,51.7,59.7,83.7,92,12.9,94.4,52.6,81.7,59.5,63.8,68.2373457661028,71.4969168866298,36.5726378187301
"Santa Catarina",2022,83.0959863986061,14.6519621452777,30.2658888562013,62.5,0,54.2,0.3,88.4,45.3,29.5,94.4,99.3,55.5,0,51.7,36.3,32.6,47.2,100,100,100,75.7,99.6,80,11.9,90.6,22,63.8,61.7,95.2,40.7,87.3,83,96,100,29.8,61.6,69.5,50.9,79.2,78.2,50.8,76.7,79.2,100,10.4,94.4,83.6,91,56.1,100,68.7744295709859,70.3752687401266,64.2018997616235
"Sergipe",2022,-80.0697859605414,34.7807009046061,20.2574454381936,54.8,24.9738426687755,55.1,6.2,69,0,21.1,34.8,93.8,23.8,0,91.5,7.6,4.3,5.9,27.3,21.2,28,49,16.9,70,73.1,48.8,15,81,30.5,63.5,65.5,42.1,46.5,73.8,92.1,100,36.4,16.4,11.5,91.7,38.6,24.1,72.1,81.3,95,1.2,72.2,68.5,94.1,53.4,36.4,22.6057001500539,77.2371483435787,59.7160379692733
"São Paulo",2022,147.117491605079,35.7141864434606,-55.4554941437318,37.0932669182519,23.1,44.4,44.6,100,44.9,71.5,99.9,99.6,37.9,100,44.3,53.5,43,71.4,88.3,54.9,77.9,51.2,80.9,50,27.8,96.9,5,87.9,100,100,9.9,99.8,99.9,100,99.5,41.8,41.3,75.2,100,55.8,72.6,100,72.7,100,100,100,100,70,93.5,100,67.2,86.8896966901977,77.555373218757,25.7809125284896
"Tocantins",2022,-22.1474589578358,-34.2741972526204,67.1642928411179,63.9,0,56.4,1.2,75,23.5,3.3,82.6,0,0.4,0,75,28.5,10.4,36.3,52.4,78.3,68.1,73.8,84,40,97.1,29,12,51.7,72.7,59.2,38.3,40,14.3,66.2,31.5,75.2,48.2,29.1,51.7,39.4,64.4,21.7,52.4,64,92,0.7,77.8,41.8,98.8,48.5,51,38.9951683832102,53.696359084543,80.740049973556
